density,viscosity,surface_tension,tank_diameter,liquid_height,baffle_num,solid_fraction,process_goal,target_mixing_time_req,max_power_req,operation_mode,impeller_type,impeller_diameter,speed_rps,clearance,num_impellers,impeller_spacing,mixing_time,power,suspension_score
1075.5513759008209,0.035171033423908836,0.06747513343716424,2.9390558790918897,3.9873695607496984,4,0.07354433697191239,suspension,20.695138137518562,32639.57449488694,batch,propeller,0.8100705948343487,3.6259648447389177,0.8494304952155852,2,1.614113530813944,24.50079580626429,17692.09153472142,1.0
1041.8103872519473,0.04476293494478769,0.07106233678063689,0.9865967696299189,1.1642163534242422,4,0.24459587426844048,suspension,11.236480329475773,441.14620987859666,batch,pitched_blade,0.2770934952998165,4.207622383106137,0.2911708119352527,2,0.42131653129270197,9.91751571534576,338.2456535606634,1.0
1233.071278423135,16.30596542772001,0.06240848326407197,2.5806495034880026,3.5686733968985798,0,0.0,mixing,2161.0337389543774,14839.470356423824,batch,anchor,2.2935466666104576,0.3588854026201627,0.12903247517440014,1,0.0,1599.7619539202271,8737.499666089732,0.5013515813897779
1083.566310215336,0.007850052908255216,0.0581997182704926,2.171007404476179,2.5675586750829873,4,0.07863251838399336,suspension,25.856303793183468,111902.80554042447,batch,pitched_blade,0.8749154878922464,4.086795800001477,0.5077575436635859,2,0.9895181847271713,18.503387759287147,85386.43057972442,1.0
1017.4375031066735,0.05614618308178656,0.061181328471260635,2.459745522766034,3.1941963244093174,4,0.0,mixing,33.017404851008884,2767.5909104091556,batch,propeller,0.6693042779082895,2.91743229976926,0.4021860517715367,1,0.0,36.418191195512264,1602.8317619287898,0.9502498823745537
1020.6048356591506,18.72881791711613,0.060169042979804424,0.7191247982902524,0.6981289007969121,0,0.0,mixing,286.28685674886174,1480.3450989267765,batch,anchor,0.6804285249462181,0.7723871271384047,0.035956239914512626,1,0.0,219.91225199585136,983.9937202788088,0.49287472057877146
1261.0409586175367,0.021033973114727805,0.054584841274675555,1.2648915603766313,1.577992370954725,4,0.0,mixing,5.741853637257461,1208.5925016983338,batch,propeller,0.3522623608234721,4.396298824588025,0.2717163599528466,3,0.4465120359738303,6.925155499709469,782.4672840703483,0.9535855126991263
941.3611870890206,0.017888703885151725,0.05880462630968678,2.812800295941993,3.512165633773591,4,0.0,mixing,41.99465766494438,4634.2462793131635,batch,propeller,0.6712391347886445,2.5570096775742437,0.6254135319163234,3,1.0166631347213464,34.9894354970314,3036.5791340232154,0.9582881886655199
1108.2689609886152,2.058991914136191,0.05404516672976149,2.5657298104858945,3.688740673815708,4,0.0,mixing,1094.144604521093,4593.851040510799,continuous,anchor,2.216854465766733,0.5360240956926996,0.12828649052429472,1,0.0,817.7138011117445,3837.909993321923,0.5353585982715977
914.9650224704719,0.03772130610238144,0.05775527902052746,2.5744743578310327,3.5655205357531674,4,0.0,mixing,33.49367685692178,11268.484459998594,continuous,propeller,0.7541534124046191,3.2272945953502963,0.48501748799958355,2,1.6745748785257106,23.517965378862854,6352.925799545107,0.9244412485136075
1107.5433441545797,0.038828609173438416,0.05010972965858537,1.4341443221842751,1.3720171913475008,4,0.2154153157919403,suspension,17.537724053013253,1263.3133797628568,batch,propeller,0.43381733228773517,4.842032876334447,0.2415295370932933,1,0.0,12.418783219074045,989.4439910070618,1.0
1288.730570424387,0.008050977625011288,0.05602371795847495,1.0741400749971382,1.051683383637126,4,0.05348407192705039,suspension,7.386951156913794,768.9477103346659,batch,pitched_blade,0.2947080538810405,3.7658248290515823,0.25475110698116415,2,0.37454029098497066,8.331514421312734,397.4287823860178,1.0
1095.4336181406134,47.82553959530153,0.061211654808434636,1.2161155672051376,1.7693083670259568,0,0.0,mixing,791.6566256358265,6655.326642456524,continuous,anchor,1.0367214335711297,0.5367986948845498,0.060805778360256885,1,0.0,536.22109220155,4066.958498192484,0.5045645666027782
1086.9526406221166,0.001874002414872399,0.06511243037607,2.573571537206841,3.5466138508103566,4,0.07728599919143374,suspension,17.07617215252813,228628.67307461041,batch,pitched_blade,0.9165875865378406,4.015039551750027,0.6188566426829271,3,0.9588544548255264,15.277576424136832,172803.52535780938,1.0
1226.6275053695642,0.007589326838562638,0.043368898555332,0.8654331104817456,1.2071048167032965,4,0.02972168318782259,dispersion,12.290508583766384,499.8792115738971,batch,rushton,0.2864873233589687,2.2403785158517375,0.1513034616257909,4,0.25258569732994735,13.326670116815187,435.41826363743223,0.9446722501998208
1057.4521827328113,0.050948097465200785,0.05017571510246558,2.627829067055515,2.433593179339517,4,0.04375024711173043,dispersion,60.55507084133794,53740.00748328665,batch,rushton,0.8360433997528638,2.449342626651558,0.619339625003456,1,0.0,72.40196497051451,27810.59013072172,0.9738228590617772
1261.0612575710468,0.040299268133406084,0.07134626177877096,2.106208189988869,2.880024472180339,4,0.24486938519283225,suspension,19.23773311011681,87669.18988068252,batch,pitched_blade,0.7523662250380495,3.785557175476036,0.4621440006185378,3,0.7874374996301817,17.61983480636924,66958.163147049,1.0
1030.998225765018,34.60142392734132,0.05214285055126172,1.2421911864282134,1.8251698400283982,0,0.0,mixing,900.8355042481769,5806.517317869931,batch,anchor,1.1696904518211086,0.48727361886671905,0.06210955932141067,1,0.0,660.885116647505,3676.290569324736,0.508779863174766
1193.9572649241163,0.06978501475303132,0.046476946980022985,2.651797670814735,2.5968039014918127,4,0.0,mixing,78.61732057508556,10822.212402431363,continuous,pitched_blade,0.8207567696104731,2.3319059925821413,0.7700581069012516,1,0.0,58.32851299435171,5960.669973495413,0.9802245686655344
1136.0303581433236,0.06200040430238801,0.04304157432206084,0.928228260231972,1.1500473081312068,4,0.0,mixing,6.425303722225405,49.75960525026184,batch,propeller,0.2041153272116499,3.8065794387828067,0.2505164689409345,3,0.2993730514248655,7.459172578329245,29.4074126227185,0.9183681120109211
1168.492565323437,0.04501996082071526,0.05067640826650362,1.1763373522754392,1.3157512213913918,4,0.24063303676766307,suspension,16.880516876171473,409.5181517157783,continuous,pitched_blade,0.3311652319551196,2.8694584313554787,0.2537190341916819,2,0.5186242832179992,14.865384723991403,284.63992162313065,1.0
1280.4778640015365,0.08520283423988748,0.04379131447094532,0.8048041958377814,1.0083832802202255,4,0.03185369419956038,dispersion,34.10882615374433,226.7218248824587,continuous,rushton,0.296658582089926,1.9443477099160231,0.22036337785365515,2,0.3778838350964302,25.323838924489696,189.00895031876638,0.9604837568562554
1013.5633751456156,0.0062145570616977605,0.06678069054915002,2.164211840266342,2.791995610035121,4,0.29977618261855965,suspension,22.429952539686504,34958.56445004333,batch,pitched_blade,0.929327020667873,2.5724987580111733,0.37106122138786024,2,1.2774708968533182,27.904861750255947,30491.761502941554,1.0
995.4211282509553,0.003804365067509759,0.06718108297353834,2.819488575430701,3.8437102040489646,4,0.25024096341041907,suspension,40.306472690725634,137061.0095684426,batch,pitched_blade,1.17740727444483,2.6003782488676657,0.4757564193050596,2,1.6855029089288633,30.669157279916504,107605.39482707503,1.0
1292.0819139594728,0.006395531184138264,0.059569395391266225,0.6058763789504178,0.8666985422958571,4,0.030815448496376643,dispersion,19.63768452432103,52.074375495971,continuous,rushton,0.22475458588098648,2.306204321117299,0.10756122406222554,1,0.0,16.355343616830954,42.31565612801074,0.9462151131812718
1131.206886323017,32.812424607020134,0.06239283022685011,2.8514860242387963,2.820300444940418,0,0.0,mixing,1507.9425655792095,54378.67715445272,batch,anchor,2.5687191935094744,0.43602292716051066,0.1425743012119398,1,0.0,1488.1601217676223,36615.85421277461,0.5032038118663416
1064.724358634228,0.022545224142999237,0.053081059501718306,1.2926022782930948,1.1913086648288604,4,0.029415312420450413,dispersion,29.525589433724537,3881.396060424329,batch,rushton,0.4418631685194374,2.9834651856195498,0.3048844060310546,1,0.0,28.90839784903433,2145.972060912988,0.9537065129883076
1150.4049923764228,26.124222985731155,0.05154103470240813,2.3417642212055507,3.353035738506733,0,0.0,mixing,1222.0958654159942,26157.46619172261,batch,anchor,2.206189467055692,0.5024219501220661,0.11708821106027754,1,0.0,1066.4951297707344,21720.580387958074,0.4829692562162846
922.2271667627512,0.01737237198457575,0.04897956595627699,1.284733424504973,1.7287572608163402,4,0.09324861129789845,suspension,12.52449649963856,11009.590877073415,batch,pitched_blade,0.5337228253950367,4.641370058936396,0.22231275755449187,2,0.7684132994564791,9.343338163877283,7978.742857651797,1.0
1055.1366780654598,0.002062036852591948,0.0605084363067571,1.812720757418153,1.8095499146463228,4,0.010452882930112074,dispersion,15.739872581218325,90796.88450634932,batch,rushton,0.5738905095452482,3.7983513204047017,0.4230807120142828,3,0.4934970501714953,18.386960581421175,51015.299257550876,0.9411492857621563
960.269189525296,45.44807748565454,0.04578965287138778,0.6116227224356972,0.6359110992577128,0,0.0,mixing,377.57992868870815,694.4409591994275,batch,anchor,0.5377423263423143,0.4934650282677243,0.03058113612178486,1,0.0,271.540241414562,414.88145722721055,0.46627063697531795
1205.1612076158117,0.03729423010832863,0.041859471415086315,1.346141208243315,1.8935997739126436,4,0.026976371763083935,dispersion,14.792634885369878,44494.34669682644,batch,rushton,0.46880343645046524,3.64607874295027,0.3038492737424947,4,0.42999191926955155,13.70974650157324,23106.69737137613,0.9322240537353816
1035.542254243842,0.0034574900480586817,0.04613129630920639,2.8186511462600667,3.294790091366096,4,0.0,mixing,56.087917900822845,1888.918081891696,batch,propeller,0.6758324352382179,2.518286140732539,0.7200385845317157,1,0.0,42.07636933969963,987.4139755675973,0.9749589997011886
1212.8020682952708,0.006591099487998222,0.06773764602438165,1.6002217488184216,1.971252814320193,4,0.23310337574844692,suspension,10.5957266468812,125496.59999577998,batch,pitched_blade,0.7104392856216311,4.9614452035790615,0.41615850805352356,2,0.8164219507836883,9.271807000899441,63159.27256715516,1.0
1064.630400877624,0.0051561443432797715,0.06539782881791911,2.5051494674643107,3.644544054237438,4,0.18886542753444097,suspension,35.211976766271675,4072.6407806653624,batch,propeller,0.6448108063780357,3.4317558532668357,0.4168376911279838,1,0.0,26.72428853308301,2236.7506592682153,0.9732495691350288
1148.7591093500982,0.001445512369026253,0.06746000974799433,1.7865733552908745,2.333930192708996,4,0.0,mixing,9.274370328712077,1227.5625088046347,continuous,propeller,0.37554367506205055,4.739087203459243,0.33167511823994317,2,1.0717633179327686,8.604445038826373,911.0990465943371,0.9112632391875962
933.9246364943052,0.07204627561651519,0.05094166203346113,2.518579014940704,3.7759695693434208,4,0.0,mixing,26.765470441469397,1195.9641061159073,batch,propeller,0.5319019578560876,2.8420531950740657,0.7546594743772279,2,1.5713474298595518,29.937101607379102,837.0171536193122,0.9869565002591209
907.0675123999649,0.06381948623022793,0.05450495732800523,1.3582311559472693,1.5649934120230065,4,0.0,mixing,45.6532979373872,536.9104136551018,batch,pitched_blade,0.5096033207688222,2.162451917199539,0.3864840232238572,1,0.0,34.59572393071504,329.05569758939,0.9395456260766063
996.5488246506652,0.016388714844258825,0.05031975510939729,2.6857859132270185,2.873651695877063,4,0.0,mixing,27.528737451097214,9549.847703097415,batch,propeller,0.721928950186168,4.459560273439283,0.5947366625550988,1,0.0,23.06517584089313,8013.602169956258,0.9404179365817603
1105.0928257200444,0.0027562948194899957,0.053855119771768545,0.757506710325397,0.70042665259236,4,0.2899436305823051,suspension,6.260816593368681,58.67118599291314,batch,pitched_blade,0.19930462626609116,3.637794606029406,0.14914208162409248,2,0.2508874297129836,6.625803069636969,42.76748159931442,1.0
900.6642830699202,43.275463623303025,0.043586251871958324,0.5030826562797703,0.6061645005699984,0,0.0,mixing,283.58234835121254,210.3475149476929,batch,anchor,0.45224625480659714,0.38872944067375853,0.025154132813988518,1,0.0,276.46521888294103,159.56759145728478,0.49807642126153334
991.3011501853682,0.0931080771413259,0.05058354374575573,1.6519240130989155,2.1919955011654366,4,0.0024284644923479037,dispersion,84.3971339276561,1827.5769562096125,batch,rushton,0.52043106338556,2.0232582116790008,0.47546251654267235,1,0.0,68.38734797896075,1387.1814883981626,0.9176025601121646
1239.7741332359117,0.08548357647489431,0.04015172457317997,0.9068587152623939,1.236739847805735,4,0.030955954321348702,dispersion,20.559803089772537,3335.205683902086,batch,rushton,0.3496386106293237,2.4887595051135207,0.19784810949667253,4,0.26509527513456616,15.123624386557491,2032.843253716011,0.9671003864859455
1027.0542537454246,2.4619037348851767,0.04249946857857165,1.3661966385179523,1.2451796079253394,4,0.0,mixing,494.74017815621295,1027.1256230101556,batch,anchor,1.183876024552669,0.6501222139005792,0.06830983192589761,1,0.0,406.96533221807977,846.4690582528775,0.5051042683371175
969.1775745768313,0.09918567311694236,0.056233366450625384,0.5414495047438923,0.809927647302544,4,0.00020038023666697492,dispersion,10.580330242585712,94.10639684546268,continuous,rushton,0.19409009214276676,2.2022141115833214,0.1527196473351466,4,0.1654915600467954,10.513792286196912,55.44610460846097,0.924993689221537
1138.285509874291,0.08751496129247635,0.04740097726997927,1.1341612664045713,1.4363722364395366,4,0.0,mixing,11.288955441624747,139.36167503720662,batch,propeller,0.23752169487282535,4.194051908999485,0.2665740231474934,3,0.410086195852925,8.317704962827557,88.8668840751603,0.9459583350922118
1255.862568670159,0.06857557822271282,0.052640231681297805,0.8734353909203769,1.2900027377688486,4,0.0,mixing,7.3331089816638295,29.470616996062695,batch,propeller,0.15715836442403613,4.647457151394284,0.15880986671148542,3,0.3747868890185278,5.558748266966952,16.763505031736557,0.9476477828914975
941.8460387219101,0.0866916813927818,0.06892714530809728,0.7496561929018237,0.7666272248388939,4,0.03990487179091665,dispersion,23.807019538149447,265.5532552960647,batch,rushton,0.280641319745248,1.9687318794760462,0.15485775572256577,3,0.21286773719254884,19.72915081710332,180.8667459493987,1.0
1087.0561026506386,0.01948309316126719,0.0462957497840202,0.8277717325655496,0.8258868138287515,4,0.14852674564827967,suspension,7.0079366760443245,326.17248157416435,batch,pitched_blade,0.2631449508951805,4.887245979639519,0.1364487962324037,1,0.0,7.535121713171255,207.7781763372493,1.0
918.0692467957706,0.09597390241592524,0.05540772289044098,2.131298001881658,2.551811482130593,4,0.0,mixing,19.19581195170941,394.3845388977241,batch,propeller,0.40039724452986164,3.236934873936357,0.5999744958479726,2,1.0543124356443188,21.413012116980983,287.02971944565184,0.9281335228422523
1238.318783120857,0.05469407582791829,0.05973619773047389,0.9132783084182279,0.960726116331126,4,0.0,mixing,11.279057711496558,87.4643298420264,continuous,propeller,0.25369955724816906,3.9605696501530456,0.17754580510393517,2,0.3815069156381072,7.730267948595715,72.36891257423386,0.9817655221429852
1005.8159244605245,0.018769715162262657,0.06708731315417463,1.5339198282749247,1.7945567055183353,4,0.0,mixing,13.996477462809077,1342.0674214595517,batch,propeller,0.3935068538311966,4.6283366235055095,0.3081619193689544,2,0.7477829795966965,9.845634816712137,745.7492704259296,0.9326598948735314
1111.8982664729992,22.293591150186828,0.057170176434466854,0.8293870822301687,0.8089827597706135,0,0.0,mixing,378.64247750768413,850.9719741773447,batch,anchor,0.7839573812336192,0.4880205063909004,0.041469354111508434,1,0.0,387.4653644167455,755.0442641835206,0.47698270981628865
1028.6131965929326,0.02378569246747438,0.059460134781266924,1.8297152283651703,1.8523000745120812,4,0.1501128113113196,suspension,17.988569332271414,34329.00877040698,batch,propeller,0.7568828808629935,4.3540365818287885,0.3164155240182554,2,0.8325516945111727,14.555081951838261,19332.066677084604,1.0
1269.513326437272,0.0642623512771523,0.05401566729345192,0.505771931466855,0.7566454807800199,4,0.0,mixing,8.664215072245787,0.3336342873513116,batch,propeller,0.08057425631017537,3.645655103841285,0.08742217588158657,1,0.0,6.622366655636363,1.0,0.9300057554266123
1089.1135891035992,0.03492865063274063,0.07040195502798198,2.1952351521995705,3.090022959545466,4,0.008861775062463629,dispersion,34.70598541184784,113147.94149352981,batch,rushton,0.6674071881522332,2.928340215617698,0.5761236442803516,4,0.690292582903553,32.85198862476585,64118.84696507904,0.9795854902134845
1187.9130140086186,0.09080154636404135,0.05628589285604334,2.117679495358313,2.340919888810783,4,0.020965049396390514,dispersion,62.37001624639442,33188.90078408716,batch,rushton,0.7217383493281522,2.9067794101921596,0.3467881274610597,1,0.0,60.63684601826003,25968.81945083849,0.9575768520691679
998.672150890459,0.007338777369455448,0.061371173083135555,0.8466362405835488,0.9059959901017562,4,0.11878813140042833,suspension,13.519034519552573,652.1608764417442,batch,pitched_blade,0.3658022107341432,3.006306019810465,0.21606890485785654,2,0.3762118904743217,9.1142228914412,446.7747271255115,1.0
1060.0245784539022,0.06141251699889134,0.06800344362632037,1.609857215989941,2.3529069367002577,4,0.0,mixing,46.104870654429334,1845.9558481174781,batch,pitched_blade,0.5348292875578741,2.1658360352045616,0.39414194591501,2,0.946888791127933,31.052422878245988,1042.6228748894816,0.930887496651972
1092.2430523769226,0.012771087531301156,0.054606470224456694,1.2233003402558364,1.2901965754160767,4,0.2112047985898226,suspension,12.768984988438534,1420.053558530399,batch,pitched_blade,0.40613140406687825,3.0471415219865805,0.3414053723013876,2,0.4428672243052938,14.237904639957636,790.2786644472358,1.0
1299.4438060047664,8.544215546303695,0.04616290634338911,1.5570008313669836,1.9801953942945019,0,0.0,mixing,551.20834516306,11432.475607626428,batch,anchor,1.4687034360419704,0.8205474303553562,0.07785004156834918,1,0.0,388.3405259461364,6736.445806060278,0.5012383296735992
970.5425520032303,0.028057061499407173,0.05355185262974892,2.215407289037876,2.8614467300666964,4,0.17519153727006959,suspension,22.304832762657394,48539.0314444431,batch,propeller,0.9966771387633524,3.7911485065891024,0.5741814958275824,1,0.0,26.680632340096228,28468.005864491606,1.0
1232.8480301127945,0.021416633903954128,0.06627938517113105,2.372051949167637,3.275409175404261,4,0.13038642056022487,suspension,29.106121459142216,200794.99406853018,batch,pitched_blade,1.0166761814035592,2.8597717401963956,0.3899992250766459,3,0.8951552563626597,26.330333903640586,111728.96527797883,1.0
1229.2509269664747,0.015539509747319023,0.04537602715449188,2.5578115248752367,3.129137248980005,4,0.04304004868102681,dispersion,63.46875044804351,128157.32561980338,batch,rushton,0.9768793467060257,2.12536784087178,0.6667437925363352,2,1.1714718573984444,60.015855919505285,98789.99475319187,0.9843759000609972
947.5641392135842,0.009638276886084377,0.04275143520355024,2.5577690570172495,2.9135648976387833,4,0.09383662786348047,suspension,19.699167258248025,14262.051057012806,batch,propeller,0.7096332061445614,4.133849564234108,0.5344144516968992,2,1.2788133969154698,15.643550068553187,10485.451293975522,1.0
1120.3635073961611,0.07134274440252511,0.06651350159484114,0.6236478428650392,0.7863794373173905,4,0.001328888249864585,dispersion,15.198759262573338,125.2014057999883,batch,rushton,0.21741561677750254,2.502082141188397,0.16444754673419126,2,0.33127895510554883,14.89600199924471,77.87679629782659,0.9583494391748403
900.4269860090989,0.08955663827415933,0.04679286844290377,2.115726908071398,2.1224469034930107,4,0.0,mixing,33.6701272820024,5094.361281435284,batch,pitched_blade,0.7341479152688115,2.1030841102887723,0.3362376755093776,2,0.8422294945729762,38.72756461485868,3960.5179035937326,0.979698375734677
953.8768099693389,0.032719323156133476,0.0675290203590061,1.401896716295634,1.3081970880189222,4,0.0,mixing,16.25179964327602,40.99557987446258,continuous,propeller,0.26596935429514085,4.0262126683544714,0.397093999172237,1,0.0,13.173234720166908,33.88702795014791,0.913787626400392
1227.9235432952096,0.04983718336443852,0.056833936860352666,1.5031624104652834,1.64500382388979,4,0.06104377573604032,suspension,13.477397667255081,3653.952380591193,batch,propeller,0.549213744392032,4.515477413611814,0.4461312703761444,1,0.0,15.14932526668667,2630.6787029814395,0.9841353536002221
1246.457842532408,0.03650860636126321,0.05885859731607923,1.521673443416782,1.7634847040195334,4,0.0,mixing,33.66412242578771,2646.7037686852905,batch,pitched_blade,0.5975260701450679,2.521714651352234,0.3034055076151198,1,0.0,28.334911619168214,1905.9627837559342,0.9560394148503853
937.8559072997555,36.432576305123916,0.045314004237247144,1.4727417788052,1.5150439057674396,0,0.0,mixing,670.9269225735363,11818.903421515453,continuous,anchor,1.3346976286678824,0.6703596949822848,0.07363708894026,1,0.0,529.0123037922806,10301.328307148477,0.5130049801115673
1269.5601602181719,1.226321143323053,0.05852728079200776,0.5963549983085893,0.7801821919003816,4,0.0,mixing,355.3344627767187,3.2138965853725345,batch,anchor,0.5404567368060048,0.18435495813738292,0.029817749915429466,1,0.0,442.051108870248,1.7776126712002884,0.5159167731043954
1049.2242350232211,0.014246747621767048,0.05808249314018257,2.43726975845332,2.9197377564647247,4,0.09014707814622967,suspension,21.53629462057777,825549.9066126656,batch,pitched_blade,1.079913261163212,4.908949780555385,0.4341786321171527,2,1.2662115977235984,18.020874715507677,416118.4931358775,1.0
1047.9937471388791,6.801555075754769,0.053363817364929456,2.4868763960439297,3.4881677251555963,0,0.0,mixing,1721.3268794318649,4873.581151719641,batch,anchor,2.184570988744654,0.3691977456066294,0.1243438198021965,1,0.0,1341.5493624932567,3908.0800799898693,0.47029889041745127
1147.4859112678569,23.62463266204096,0.04128304031592883,1.8056272349559304,1.8572606655593973,0,0.0,mixing,1977.6983325365763,4022.847404276462,batch,anchor,1.5599939769755296,0.2923162020082009,0.09028136174779652,1,0.0,1447.507233367874,2034.8494889234507,0.5054019086839457
1248.5636346964857,0.04347358601438386,0.060295501886935304,0.5897472150183973,0.7199400760483134,4,0.021553817881896916,dispersion,14.33581017613095,326.2834845838778,batch,rushton,0.23551808604112678,4.073758600103519,0.15089835484158265,1,0.0,10.34155871528295,270.6053637229314,0.9612454574382898
962.3030683898318,0.04587149803605677,0.05711674089522785,1.4930832536820602,1.742442539787146,4,0.19186202838733085,suspension,35.50827725426779,12295.770550154433,continuous,pitched_blade,0.6625563870186401,3.276635462702707,0.28802635347313377,1,0.0,25.71175384749937,6215.297050899089,1.0
950.7741027163679,0.027738109009971344,0.06546523408534304,2.747303940801284,4.0744778231134635,4,0.18587389876996518,suspension,35.64878137394446,52650.79113320683,batch,propeller,0.9521816933123325,3.641009644754613,0.5611089569604271,2,1.7185667846148651,24.560312541098405,31890.264061683967,1.0
982.327917205203,0.022651718389011855,0.07122355278046913,1.7893891907201283,2.615561200895218,4,0.0,mixing,63.16035794882685,481.02609491084013,continuous,pitched_blade,0.5791108380349602,1.7116911734375369,0.28540627289628534,1,0.0,51.01012021373896,375.30888937176644,0.9630349628280608
1245.65473167709,0.035442176799902636,0.07036297942418508,1.0648223947919562,1.2380742580142035,4,0.0045289529267719675,dispersion,15.762259902489566,8096.547658719722,batch,rushton,0.42014629634511547,2.767863767006851,0.24605011207176816,3,0.30969729140656904,16.418132752543944,4627.349346270825,0.9664885412476996
975.1614316145907,0.025384737415903563,0.04343399561064065,1.770482286945612,2.057301291346707,4,0.1798873995274235,suspension,17.37985099571339,7782.649627470147,batch,propeller,0.614810813980068,3.6948664518495775,0.2833194152934487,2,0.9034812759184679,15.403524090603169,4080.924923517755,1.0
1228.8854184375227,0.07839394770982057,0.0607418793493483,1.5704246587721833,2.01448114923603,4,0.0,mixing,46.072090330566816,2070.8656050444047,batch,pitched_blade,0.570231470910155,1.9853674985995782,0.39382815655066383,2,0.8849716602605057,35.01980049115248,1368.0471101239043,0.9508051300400092
952.462067673884,0.06305567329563665,0.04635467723300186,2.7367197171695374,2.9106434507199364,4,0.03736349000960349,dispersion,66.57113345209818,165984.24261453896,batch,rushton,0.8513180413189727,4.067771650592582,0.49165182674088154,1,0.0,51.378100555788265,131978.3655420156,0.9565988707731452
958.9703813942343,16.108326993689367,0.04874975046805352,0.8181904958225981,1.0064919780465529,0,0.0,mixing,817.599587959724,159.44576097294845,batch,anchor,0.7531466584175124,0.21328775431790747,0.04090952479112991,1,0.0,734.083994691388,86.72594059228065,0.514239540459821
970.5422305671206,20.21094109835672,0.054959505261714295,1.1023177910357804,1.489306762377755,0,0.0,mixing,705.2837197332548,1098.410811990968,continuous,anchor,0.9715660104361954,0.34853622009722385,0.055115889551789025,1,0.0,730.7139659161099,614.7225539831428,0.4600506661422028
1157.199369336333,49.94265222934927,0.06774951285141459,2.03379121182458,2.916187486348571,0,0.0,mixing,781.4858475854946,77409.85594378176,batch,anchor,1.9135144767345136,0.6943009918717481,0.10168956059122901,1,0.0,681.9128194020975,52780.90534013435,0.4573061266504629
1234.6452164130772,0.023292588944449,0.043477027304392395,2.6195921680591363,3.921253182411311,4,0.039650248947981526,dispersion,29.9781494736277,918313.7304162474,batch,rushton,1.0145449985709725,3.918939432579412,0.55076727580799,2,1.6070763647282886,29.757652962958037,732997.3561392138,0.9339351981609658
1279.717409203703,0.08357796830820871,0.05289214747224415,2.203323681724228,2.236709977528443,4,0.0,mixing,23.065393405994822,4112.247321986046,batch,propeller,0.5988594773089614,3.1617792765488435,0.37678666074450795,2,0.9630140979536911,23.411453938840562,2765.5374741667038,0.9267305240041546
1210.3164345748362,0.03845348340815478,0.06469917898333297,2.5878144777018344,2.6598720699755147,4,0.0,mixing,28.007119723187927,8409.240400236715,batch,propeller,0.609883446963067,4.985194431130947,0.4689112356268023,1,0.0,21.17015377238976,5862.594498001082,0.9476126760144624
1064.0195147659977,0.08631962736378539,0.055341346393788515,2.105631046419984,2.767307015740112,4,0.0,mixing,37.288043912503824,9950.840898557746,batch,pitched_blade,0.7184083473422098,2.0364082029783677,0.393503147396186,3,0.8276370441598526,40.10490448259795,6557.627416542488,0.9215647270131085
1263.0419565561929,0.014035512758461599,0.0656870593692277,1.1368208752936686,1.1152472636982862,4,0.1185335984221521,suspension,16.82168536863216,465.1115871161401,continuous,propeller,0.3756164847855795,3.0617236863646844,0.23859516430113284,2,0.3975719673470613,11.664092818981363,249.26964639657044,1.0
920.2143954600231,0.03127422264511817,0.06775755326344267,2.047290952933815,2.7760858529583192,4,0.0,mixing,10.578084271335038,8449.459710079414,batch,propeller,0.5468841377766582,4.846278647402665,0.442590344118998,3,0.8364302859501107,11.986623659757354,6427.865843013617,0.9017178429793792
1133.057739725815,0.07890224676355274,0.052643258801532505,1.1168126336986781,1.4986664310539324,4,0.04565768751736039,dispersion,31.438097445056542,5684.720464936264,continuous,rushton,0.4107605431310437,3.0936202900451253,0.30074071002128727,2,0.6541424680501735,25.215908456576724,3723.9263048652324,0.9279972889255138
1064.9499657188899,0.029121079742125033,0.06801724942487156,2.469482126597182,2.7896996212463723,4,0.0,mixing,59.946558403190615,23368.355802619142,batch,pitched_blade,0.9590307519155223,1.942876994524064,0.4952015011231108,2,1.1716539937541826,46.17160718980602,14540.056449276815,0.9199866119443632
1039.3103533845824,0.004058390866567186,0.06768320742114074,1.4910905884120302,2.1875625594106083,4,0.0,mixing,9.763188325647013,444.8107264267911,continuous,propeller,0.3913454666809591,3.144031540455091,0.3905318295230886,3,0.6452185129431063,10.15388532463753,395.57581035442604,0.9974921310005286
1154.224141604074,0.0536296789508485,0.06380783112623971,1.623830602808802,2.085426417639512,4,0.023806691054520518,dispersion,20.756995800272673,41003.75706129128,batch,rushton,0.5198750469004877,3.9147987304501233,0.328719403906947,3,0.5947752381145315,20.103352708668243,32744.81845649274,0.9383263928638763
948.0442520405537,0.09899248385128248,0.04228174509391505,0.685144208422684,0.6711160510621066,4,0.0,mixing,13.085317785713753,30.816656492564647,batch,pitched_blade,0.24529808492634023,2.3765491041885545,0.1934342023010155,2,0.24545526684614946,11.607078391160234,24.599350389891715,0.9682924810797369
961.412618534819,0.08436494502545173,0.047883271737063256,1.3255032389943284,1.7385697095799197,4,0.0,mixing,26.241355523750617,566.4650091285648,batch,pitched_blade,0.40795605248066635,2.367939038079873,0.2418955326538329,2,0.7766094810500628,22.088684774027357,341.3106341082865,0.9719838311109562
954.0319168870096,0.06780028528164211,0.06219329502677502,0.6851763818467658,0.8003567964504449,4,0.03412940611084416,dispersion,20.42886152601925,84.66558013840343,batch,rushton,0.23357903573636044,2.111767504863865,0.14809703436476582,2,0.34197368223055385,18.066021267929457,54.64852328393621,0.951440352838341
1096.725032565164,0.03049785121284895,0.05691704121946531,0.6796258387155858,0.8219479595963797,4,0.23437878432443143,suspension,6.4970275351661515,607.5920052834331,batch,pitched_blade,0.2951866457677005,3.7337664510908524,0.20003427194034143,2,0.30788312645012134,5.893733415158015,338.99782054861356,1.0
1127.9931614376133,0.09416655219170504,0.04493706001323123,0.9184124991104482,1.1718792231790995,4,0.0,mixing,8.162202802101929,53.94729354214162,batch,propeller,0.22614456597329724,3.530646491160188,0.16954066366431275,3,0.36122890792579,8.531069474829536,39.719605023802224,0.910943689399035
1132.977896615751,0.09903753062218269,0.07179272074066698,1.8169330784057691,2.331881576363939,4,0.0,mixing,52.02406834564501,4520.886411446382,batch,pitched_blade,0.7145876895832975,1.853538908385415,0.49952134079134564,2,0.8801196488644929,38.28356644953109,3368.2220487114573,0.9454709083091172
1124.3109498248048,0.06403035771171431,0.05617609021942614,2.3729353932888326,2.610537309541576,4,0.020416151131649442,dispersion,57.543478323588594,41222.64037094506,batch,rushton,0.790348132966696,2.2029250809232797,0.6586749734418671,2,0.9654462200390351,56.33492406331513,32734.53410449088,0.9423089977996416
925.9787116839775,0.058591002497912784,0.04175791965432542,0.5543086392602241,0.781173456082567,4,0.0,mixing,6.106511753826123,2.169393043023591,batch,propeller,0.13358003987151956,3.6117200700268643,0.08911596233168906,2,0.3669809432263695,5.154716414780054,1.7565428941068837,0.9635704790280005
1189.9267288987492,0.09536168961134006,0.059181657874557925,1.2506797803563168,1.4837311329370861,4,0.024703180183088855,dispersion,41.9610416894111,1865.9160346420497,continuous,rushton,0.4201866702233478,2.4216024251847106,0.25367772366706454,1,0.0,34.1901956717127,1037.2056991674049,0.9553347233595327
941.1190784578998,0.06073718979127326,0.05520071820813954,0.6063795441169413,0.6270899478103139,4,0.01227830194047258,dispersion,24.35489870159322,85.76307608784393,batch,rushton,0.209497729229481,2.8480098845395188,0.16594323975784178,1,0.0,16.825796684086598,43.829663268571956,0.9473994787700302
1288.0806290279374,0.04856479789861444,0.0689888710021689,0.6953903497134707,0.9804124392087479,4,0.18758087642440985,suspension,7.51503026525566,237.9939877082825,continuous,pitched_blade,0.25934398733293057,3.5431340246467156,0.12032823690016221,2,0.45066434235795844,6.495939168105132,172.33542408377465,1.0
1047.595421320138,0.022738379628007045,0.045593836359456165,2.856421000785845,3.828997524516264,4,0.023196114305502502,dispersion,57.71811648587947,417044.31138289004,batch,rushton,0.9184089764944318,3.850679216859187,0.7933947195652946,2,1.4393916599866405,38.70792533161759,337540.5342565279,0.9254416889861631
1035.8943790996123,0.04805525617047681,0.04227982327573092,1.212806001037972,1.3353335191345317,4,0.03768853398219779,dispersion,16.985398652041763,11296.543969862843,batch,rushton,0.46640873112927805,3.086828469255015,0.2631284783865233,3,0.38978049701989526,18.89056339884318,9129.102278202832,0.9371901985628914
1014.6375059655253,0.04466666553211114,0.04447320289503578,1.5358844299859031,1.863221121236414,4,0.0,mixing,17.97248237452099,67.03719978252568,batch,propeller,0.23776495199890604,4.035965266337964,0.38043895698834423,2,0.683364918526775,13.145353575193093,46.5518691516374,0.9534125015707958
908.7325566583246,0.03513829468048495,0.056484268059078045,0.7507184962381257,1.0282533733351311,4,0.021064006384162733,dispersion,13.946517121874551,330.11053395979906,batch,rushton,0.2959635790729769,1.9667715130832666,0.19862255486898836,3,0.2646415890649746,16.810277708185083,220.0085689813022,0.9942830523158381
1034.5143321709447,0.002606815177904673,0.07160471832820678,1.6312698288109602,2.2929010822400677,4,0.0,mixing,9.0307517028022,1436.088475289395,batch,propeller,0.36209259753961714,4.94511436446995,0.2767256722895829,2,0.9177068944440918,8.235539652323792,741.3619360502781,0.9367939976795602
1003.5342548949599,0.04311700879865694,0.05614544767052598,1.198718433925474,1.694131043271792,4,0.16206308863843594,suspension,11.487665212896374,5949.319813667585,batch,pitched_blade,0.42691716694286796,4.941317666037864,0.23400193997382532,2,0.6615946592130653,9.028564728340319,4449.327456827075,1.0
1186.7007000654437,18.70364604378147,0.05492829642042697,2.6315567975986247,3.2714734519168984,0,0.0,mixing,640.4128298036261,92320.88810289385,batch,anchor,2.2930940730858524,0.766727518762455,0.13157783987993124,1,0.0,662.3179970580803,52088.07226360961,0.523178991647538
1274.7629152523814,0.03580760040911864,0.05940902721305423,2.9820198931761124,3.2949022391581244,4,0.22839665247685437,suspension,33.56993874668033,156453.26176463277,batch,pitched_blade,1.0551383777739767,3.8331245245792704,0.7215486565965427,1,0.0,38.33171046574425,118865.22006215306,0.992745406594198
1011.7419248774917,0.03848347181601734,0.04617413556779143,1.462919343389923,1.6141919978230497,4,0.0,mixing,24.973634790789873,11.796223777669253,batch,propeller,0.23912834479570394,2.5630123678154053,0.38547546403838984,1,0.0,24.478985523419677,6.5660590349558055,0.9406404737335141
1258.2018308787538,0.03857690283725269,0.05389917594320946,1.2711490562443755,1.8527573915144315,4,0.25159968219896967,suspension,19.447417400495688,9646.40521689696,batch,pitched_blade,0.5705601298103493,4.425226795397174,0.31579721311689385,1,0.0,13.89297457002835,8119.22077363301,1.0
916.9831811312393,13.995459349515732,0.05434291480227731,1.4818375302543825,1.7116135978066147,0,0.0,mixing,1012.8414846331881,1891.3678090044873,batch,anchor,1.3898764318390366,0.3468939803517594,0.07409187651271913,1,0.0,927.1536644021278,1420.3349212754479,0.5008843400580036
1040.7719772091864,0.041927416194596,0.05810528701997089,2.5597809026269913,2.6980936898441796,4,0.0,mixing,61.68980029087741,40774.073380289454,batch,pitched_blade,0.9688059150727123,2.5536269404976832,0.4385303727315522,2,1.135760483572949,42.52359579425628,33874.86589308422,0.9481006937881465
923.5394149329727,0.08177422033084632,0.059131393062598514,1.7806074277665678,1.8787799841383173,4,0.003376365720902669,dispersion,39.12348553076889,17235.68223250862,continuous,rushton,0.6522230485754422,2.1836907425940675,0.5060651679304298,3,0.4288337676356364,43.0210211757506,14438.433003265553,0.9351227814580872
1249.0126996593992,46.19552428875416,0.05543603214813166,0.7193984569288765,0.6966737494198014,0,0.0,mixing,179.91884869476107,4514.3433496182215,batch,anchor,0.6783662845255672,0.7983286966965234,0.035969922846443826,1,0.0,192.83252445811004,2365.341279532278,0.4940069387188927
926.8622710939892,0.06571931678511514,0.04124004260890975,2.1386484818000033,2.045430614385231,4,0.01695079287866302,dispersion,32.562870422630056,340986.38757331634,batch,rushton,0.844734365699271,3.600824217176131,0.36457665375265524,3,0.5401324436966757,30.77151101631273,256555.43495822532,0.9313785302411579
1004.7585498258942,0.03942722962322844,0.060062474893832596,1.3634584829237302,1.6638875330410057,4,0.0,mixing,28.974892595957446,1263.3133807644786,batch,pitched_blade,0.46069461777617904,2.2052262015095203,0.3112735046153225,3,0.48782453952939303,19.437126777077278,835.2271663959566,0.9658078695393234
950.6255168495841,0.05126002274871601,0.06404862592894059,2.673404567196309,3.4149236114438972,4,0.036171568418864326,dispersion,45.4139511239377,681154.8656639316,batch,rushton,0.9657511801545027,3.614449831405837,0.7495105392852739,3,0.8060973563005506,41.50592978479746,536640.8177640113,0.9555457906242169
981.7438180846555,0.08891484706452756,0.04299465425082793,0.9994873266453315,1.0748356038350464,4,0.03821051747900584,dispersion,20.831780184353242,6556.976849323885,batch,rushton,0.3970033802588197,3.5100817618746807,0.19604371487127717,2,0.421743225081562,15.89427752396431,3355.6921950045057,0.9489059112630145
1094.4180998243492,16.90753968840635,0.05395636552477137,1.8042855354646004,2.0906086432609996,0,0.0,mixing,528.2137300459281,19918.9649813191,batch,anchor,1.6415692705186196,0.7654133870007296,0.09021427677323002,1,0.0,504.75072967761264,14660.03383655041,0.49610040227760427
1098.5154971316942,0.0025970297191037104,0.06941585863095122,1.5081839573258602,1.4300093416555602,4,0.06674450328299748,suspension,17.253456952575917,8071.099021262464,batch,pitched_blade,0.6744688373223257,3.022399018711535,0.35600094169098384,1,0.0,19.234486199509487,5433.058901209847,1.0
1047.8286425427032,0.004387857305355814,0.058167859171000084,0.6728454061652862,0.8994116541987753,4,0.09257977202795724,suspension,7.255971915996435,132.1122782011233,batch,pitched_blade,0.26560509028918955,2.6659956976081864,0.18525420925150585,3,0.21848117507879167,6.129434958746242,89.04726111582679,1.0
1100.2643362645078,8.356348280713597,0.07165094206399687,2.5767598468648285,2.399091862112882,0,0.0,mixing,692.9865473574756,49293.40248756944,batch,anchor,2.313324486869106,0.7575565492886824,0.12883799234324142,1,0.0,655.8604239447995,31411.098821661715,0.5080996463784936
1022.192244948468,18.887315097353163,0.04802729253296391,0.8748536948351516,1.245146527885311,0,0.0,mixing,516.8732861112417,190.59074355364373,batch,anchor,0.7963022780776158,0.2558576170625703,0.04374268474175758,1,0.0,641.2564697366993,166.81533680211015,0.5052150876828233
917.9521289905107,0.004521246126207043,0.06393827069055656,2.3901882060705946,2.666309053814361,4,0.1980332062259167,suspension,27.286479829771448,147116.98173751088,continuous,pitched_blade,0.8820699654834468,4.978111570350069,0.4264662032935097,1,0.0,20.560187827737998,77296.25382084271,1.0
1122.3509619503045,0.033648752575598746,0.04951718269099456,2.8298609230749907,3.7046771759799904,4,0.0,mixing,49.30069658675864,38332.300949845216,batch,pitched_blade,0.9669387265225415,2.1593177755744786,0.4700202562069626,2,1.5321605883498182,52.526533681595154,21429.189677386777,0.9279867747153128
1190.2803882890144,0.034900506002996996,0.042195867427483484,2.3933735818497963,3.343348340080443,4,0.20790713554282947,suspension,18.14679542668385,46367.04365441204,batch,propeller,0.8789311673440751,3.306158296454444,0.702564613662906,3,0.8956696483876949,19.891857852383886,36163.09339204404,1.0
1128.6279138026875,20.809546360191998,0.041570369527176736,1.9574456551639021,2.448989250478347,0,0.0,mixing,603.6828551684114,24823.60525577381,continuous,anchor,1.7924983576348346,0.6468106860017759,0.09787228275819511,1,0.0,609.036543086253,15764.424299716933,0.46705007401905124
936.1632313887591,0.0229520607760728,0.058952798414220936,2.568602131271868,3.2263537460994396,4,0.03670082798943615,dispersion,44.864356047074,170797.24127209422,continuous,rushton,0.9224781653578339,2.6784974138909985,0.7182229035797684,2,1.3100770822458785,47.977232467119784,118935.84031225486,0.9520187358347031
993.9360653036924,0.034492246935693444,0.04338400439876845,1.4583569835262697,1.9884748273900688,4,0.04078653177755284,dispersion,36.88242947596591,8891.015332454703,continuous,rushton,0.554570135822473,2.166013398488751,0.4285592138124124,3,0.5097947815303713,31.083042861273235,6889.2319299456685,0.9614234813258209
913.5511180570226,47.574317220332595,0.06185647860636793,2.5728762258643756,2.7435065061588486,0,0.0,mixing,838.9006243024817,120064.6644048124,batch,anchor,2.2006646763114386,0.793567608358787,0.12864381129321878,1,0.0,766.9347239360325,99432.13847716659,0.5199187736964451
1234.6562985626178,0.023443166539556363,0.04466663362354176,1.8715351483055187,1.925957015153729,4,0.0,mixing,19.51937304090504,1305.3754027993316,batch,propeller,0.4388701941381933,3.420233177491539,0.5368139258028535,2,0.6460894967151413,15.816652593012256,779.193045173526,0.9507296151122846
1283.2370316642598,0.07836511810083975,0.05873932036689855,1.4432045976534078,1.3096191675608888,4,0.0,mixing,20.3286629335607,135.49034438577246,batch,propeller,0.32627755646018053,3.592473220778629,0.27056321342912437,1,0.0,19.856749464306525,99.29200997727477,0.9359646610746644
1157.4961861697093,14.975833189199502,0.07040005665837465,2.2319289231374912,2.0422688028208444,0,0.0,mixing,1223.8977518730803,13970.448929217797,batch,anchor,1.9557028268060725,0.47581315199772856,0.11159644615687457,1,0.0,1053.6290315071847,8500.165642723632,0.5304340090547391
939.9807423098052,0.09955997465899186,0.06095986957444685,0.5395080979082405,0.6660497751961129,4,0.0,mixing,8.780849342851878,13.313816410874223,batch,pitched_blade,0.20645760085849021,2.1664378261207538,0.13730952718478065,2,0.28335011439472635,10.285417751190206,10.44085458297609,0.9139904261653163
1033.7436906869568,23.103417879391408,0.045311773167584876,1.5059272079304595,2.048959468502831,0,0.0,mixing,552.1523803931507,12439.741920833972,continuous,anchor,1.4145370495547027,0.6017115011780546,0.07529636039652299,1,0.0,508.99045428603387,6385.071410810673,0.4675614974633958
1166.958755239519,37.91956643238075,0.054615859147327965,0.5789533267324962,0.5711341506234221,0,0.0,mixing,469.0043224253273,261.89108080551824,batch,anchor,0.5276695717812903,0.32170150829537575,0.02894766633662481,1,0.0,409.6156057649846,145.85111783903764,0.49132745029691627
978.9928207453113,41.33031321185233,0.0675483573926718,2.755374171022503,3.930503199759526,0,0.0,mixing,2114.172173100486,29618.4737835302,batch,anchor,2.6064727208779748,0.3188908210879506,0.13776870855112516,1,0.0,2033.2065347952189,21783.131388000435,0.5087903228858286
1098.625958858875,0.06338504495816408,0.0684083736228444,1.8024390818894338,2.0857027493463876,4,0.0,mixing,26.398595007978354,321.2999560398488,batch,propeller,0.3269473128160916,4.557339692982743,0.46411619183791303,1,0.0,18.6281828268996,182.92374096860638,0.9698870093624863
1238.5372067959877,0.042596122597939226,0.07177916360696435,2.361449398795084,2.7669624472473004,4,0.04069578418547852,dispersion,45.91633196961108,486515.62632283213,continuous,rushton,0.9273291354517298,2.8041250082050047,0.39174403710274863,3,0.7483165495433759,40.13219037602357,266549.54328058887,0.973579091571833
1129.9282924960462,0.06181390319668626,0.054952747772554704,1.6181892172706729,1.843419945919083,4,0.0,mixing,16.763168720159005,361.50246459811723,batch,propeller,0.3839960897827842,3.752458027579442,0.44124022460220863,1,0.0,18.47294012112854,222.54327814658322,0.980747151037956
995.5141317434733,0.02625734094970576,0.061484912773537015,2.8716161697904803,3.241435888668134,4,0.02555718817149716,dispersion,34.137799051823876,2982798.1683232356,continuous,rushton,1.1129633306171223,4.1372919743754295,0.502187961414447,4,0.7285931375779868,29.10501019291422,2058411.5866920548,0.9382962310214598
1087.3621278462692,0.023764853764044608,0.0685594987907091,2.107009410833954,3.1251092061605545,4,0.008519575457931245,dispersion,66.15796960152979,16960.466595373433,continuous,rushton,0.6842000159349783,2.4784250192677764,0.5880337380624334,1,0.0,55.616418913635215,10864.710575713416,0.9553632556191063
1064.1365435596167,37.29994635015355,0.045374015379163635,2.4617722729703706,2.4174554299685616,0,0.0,mixing,774.0666943401225,99626.61114654945,batch,anchor,2.189366603559665,0.761936663575122,0.12308861364851853,1,0.0,781.5448022852115,65802.10780678425,0.5287195624960355
1182.6783685252904,0.01021782375499456,0.058409438484112064,0.9374445937187205,1.2738814594573091,4,0.04222043070827866,dispersion,8.842784072547348,3206.648338245095,batch,rushton,0.3150343594936574,3.677879699792897,0.16686449605202466,2,0.5531792378337399,10.32372494819231,1693.172415416507,0.924410064081722
1179.3714218315358,0.02672956843389833,0.06157289815340687,2.797774161416513,2.686739460205386,4,0.21319680612282876,suspension,17.525541136037837,148287.50743154268,batch,pitched_blade,0.7399860709526574,4.8620129298600965,0.7030853207294798,2,1.0594934925391817,21.008478767811923,83369.34245065307,1.0
1105.619278415546,0.014386914838394618,0.04831175206677238,0.7583071442712292,0.972660876231557,4,0.005847361654460415,dispersion,20.061534914637797,456.02737843768756,continuous,rushton,0.2541398792004393,2.4040919026298795,0.1918725115547299,3,0.26230159802138264,15.222560501889523,229.20525025050563,0.9247113927764556
1150.7064257308643,0.06826903660755229,0.0513052655819823,2.995571202794635,3.5811387220816164,4,0.03851976915906635,dispersion,63.20603913686617,231554.2443475121,batch,rushton,0.9170354302429056,3.2573470558113837,0.5593173478083139,1,0.0,76.016767114388,122780.78736305363,0.9406026950156084
911.3169222552458,0.028970905727384394,0.05787757748720179,1.991815876079822,2.3120251866309984,4,0.0,mixing,62.516503421283055,2784.426676172999,batch,pitched_blade,0.6548710193518413,2.2892165877356523,0.5843571095093194,1,0.0,45.673776070651705,1579.6205577357096,0.9391599219294805
1085.119575126714,34.50838953236975,0.06644513759912668,2.107918858850138,2.7189970603765916,0,0.0,mixing,1165.9013807761442,12983.729681390361,batch,anchor,1.8487439281311193,0.4144741732196894,0.1053959429425069,1,0.0,1199.7963654301568,10076.744535276894,0.47978262164287366
925.6835406261857,0.03827047400623023,0.06456023731138874,1.450588959748261,1.6809293861560748,4,0.0,mixing,25.058683389798414,881.7295192696047,batch,pitched_blade,0.48171693383749836,2.3615331936530164,0.36138556029082886,2,0.6507569321803583,24.509531782192358,738.5750637693887,0.9448495760218041
1064.1765894221787,0.09314040693935903,0.05782187907883041,0.590555827613259,0.7517037749993167,4,0.0,mixing,7.803070659935497,0.3042634406583735,batch,propeller,0.0903781732422349,3.1238704398468014,0.10778773106511026,1,0.0,8.5437398336934,1.0,0.9501441412075273
1119.3590944138873,2.1872383502916586,0.04709834566958969,2.853417253175617,2.753504484853882,4,0.0,mixing,1391.9717162507088,3326.1383988299685,batch,anchor,2.461602759214296,0.2643645510067604,0.14267086265878084,1,0.0,1614.9903557890202,1682.3737626257364,0.5498785401145598
1068.0334261211167,0.0931930895194668,0.0522864580312697,2.9926725276906088,3.3741635678541684,4,0.007461386422012823,dispersion,69.80493500634755,741546.6966436375,batch,rushton,1.0919588414594217,4.0944568125042275,0.8631755030102282,1,0.0,54.90141801552798,490888.1332150126,0.9375835722863882
1241.7571163973994,0.07117734576564043,0.04110307177064841,2.998475091286317,2.712090128618285,4,0.0,mixing,44.887764501551025,4708.900801106698,continuous,propeller,0.7529819978170513,2.649977086463371,0.7574148546377107,1,0.0,47.4828935963957,2930.5678119162426,0.9248523505003725
1088.7166029575387,0.009502734734319715,0.05029069129182244,0.5279668827171922,0.7877136804956599,4,0.012231356637951435,dispersion,6.617290803571676,135.6593818921414,batch,rushton,0.17013639092678878,3.750137537708755,0.10165483464141885,2,0.3374227661220904,7.291744287246292,75.40738641954592,0.9499616319998189
1107.1514302674314,0.008694249369375448,0.05076419481781461,1.1198674791522119,1.6220295377338232,4,0.052952272044751156,suspension,11.502264808795253,1039.7701739782738,batch,propeller,0.497174956747348,2.7519038028034326,0.21117628984017808,2,0.7114850684527321,10.193488147708619,616.8066851750199,1.0
1102.28987978165,0.0330413661004321,0.06622489510029894,2.290327352482095,3.2638537554703797,4,0.2275002353056364,suspension,36.73651336117072,25375.55136277273,batch,pitched_blade,0.7000235086239557,2.748774107163643,0.3663445490807601,3,0.9158627617643488,27.13974704967846,13793.364549658629,1.0
1125.2043040345436,0.06585627525105173,0.05513238982893333,2.9481080989669857,2.8267872486255228,4,0.010504356191176678,dispersion,55.39057152882279,533391.2598146754,batch,rushton,1.128895785911652,3.2533826373068395,0.7719657911416242,1,0.0,64.73478576626873,300374.74237645575,0.9828532058687246
1204.8292084120703,0.014651696579039097,0.06234208783096691,2.870369211287085,2.741018607899072,4,0.22723612975540447,suspension,35.44318263629326,84644.49424972996,batch,pitched_blade,0.8523115119265611,3.483125336001667,0.6347430773537733,2,1.0680355797658205,29.01155635466289,58773.1519167058,1.0
1001.5564351689543,0.09855109165465399,0.04736330092983486,2.2652464559819006,2.87838425215949,4,0.0,mixing,19.222642484657715,1178.793179247608,batch,propeller,0.40241310525269497,4.088853232432696,0.6538453979166726,2,1.171158358235402,19.734308435250345,621.1032515308468,0.9377980226788577
1213.1352620223138,0.050057945611101766,0.059667399016077635,0.8791592719486114,0.9049559380021661,4,0.030867354996284305,dispersion,18.605026191408403,1092.6269163886273,batch,rushton,0.28747623265778993,3.2616701830842527,0.16411387134562283,2,0.39878115900441186,14.179158958138494,726.6679166772517,0.9257989430062192
1226.3054446381655,0.04358550165540792,0.06315389933093771,1.3437242659610966,1.7019278403778109,4,0.27670181340138755,suspension,27.076293549272155,866.9573321278923,continuous,pitched_blade,0.40776647674310684,3.054880628617668,0.3344491124859994,1,0.0,24.22869665101201,544.5260003153385,0.9743272494308854
1266.423332520731,0.04826447901737925,0.06720839632435134,0.6186837435827359,0.5878344517470633,4,0.16637499929226435,suspension,10.828964262973347,23.562482496427894,continuous,pitched_blade,0.1865562987560288,2.924851478402668,0.11093799991650259,2,0.2603558604164442,8.645887060371885,18.582063759664955,1.0
1002.0746049174169,33.16598718524291,0.06275720954221303,1.6282472958582632,2.0832898891190452,0,0.0,mixing,642.3580724246707,14568.163356090947,batch,anchor,1.4099796177597979,0.6155522049346367,0.08141236479291317,1,0.0,622.5149464643644,9655.7123950217,0.5104568752149806
1116.6954286652913,0.06920080379089469,0.04412407694945521,2.8598678146564915,3.306228470291401,4,0.0,mixing,62.586183099055845,13257.328341874074,batch,pitched_blade,0.8860775898577076,1.7060444917610076,0.7554433376228293,2,1.3628993524037731,67.94598344112362,6640.57011685902,0.9551298395688708
1155.797774196211,0.03587413887616803,0.06352257421637975,0.9594801746402708,0.8640068792789769,4,0.26460862126829565,suspension,24.476954978763498,171.1310304866049,batch,pitched_blade,0.3077741134712519,2.8094683277928443,0.19166805943431534,1,0.0,16.454415614014703,86.959903932896,0.992278347770131
1140.3219556508277,0.010522909001433003,0.06210070633936492,0.6915966536272038,0.8731273050663976,4,0.009428003931727902,dispersion,10.298782649973944,1903.0353195051853,batch,rushton,0.27571130474373057,3.4286318763970347,0.20587985603549075,3,0.2303343333715795,8.916201461561093,979.2734516241943,0.9485856881655107
969.5107551129563,4.946702388942546,0.041846165493326086,2.3175272649033887,3.2872842253241874,4,0.0,mixing,1416.1025249849579,2824.532165190141,batch,anchor,2.003108071867546,0.35887904520697916,0.11587636324516944,1,0.0,1129.705976697858,1948.9637314484842,0.47502514778584576
961.7214874890738,0.07638926703416979,0.06981742782569546,2.8068477395629183,4.069952156275991,4,0.0,mixing,110.26950337822846,23217.615314624007,batch,pitched_blade,1.1025967769917326,2.0486454278255914,0.44737130019564597,1,0.0,81.4726543836524,14233.527426740487,0.9713137034944009
1041.9207676550395,0.02877827343274219,0.04041578715749748,1.1856138380452572,1.644591147229806,4,0.016530027707048894,dispersion,26.10429452164429,4391.012345572396,batch,rushton,0.44578207670192077,3.48165873509511,0.3215089350352842,1,0.0,23.569510494923126,3656.4016022371707,0.9378352054132543
965.7013549017066,0.09545671962793076,0.04424148205679241,1.2121617261097253,1.3492846051058172,4,0.0,mixing,13.564963808006004,521.8942889121317,batch,propeller,0.345147980432354,3.907414778337221,0.2363578826492046,2,0.5135972828894678,11.995884614773018,264.3542582303569,0.9507862613204859
1095.5902061377099,0.08059611486604369,0.041193929356893685,0.7535876271360524,0.8178302889221406,4,0.0,mixing,13.489813513035898,1.0743521410109187,continuous,propeller,0.1178959725147259,2.69829224795362,0.12115169345676612,2,0.34674271007720026,9.201283551883026,1.0,0.9517250767245
1156.6641621453027,0.07070777014510352,0.06271764410056262,1.7086716283692436,2.0846052772723977,4,0.04099055540928442,dispersion,42.985338018683386,10314.954725904925,batch,rushton,0.5679328896716827,2.15349625267868,0.26491500437222326,3,0.5793451099585022,39.265395717848456,8732.94077176778,0.9487696864079072
1188.1836611423798,25.08672259951295,0.05852885146236965,1.717455205762488,2.541452656788736,0,0.0,mixing,708.7216431392386,14988.316400616939,batch,anchor,1.5897270697133827,0.4979863736400852,0.0858727602881244,1,0.0,723.8077085807348,7496.152053634546,0.481708474433453
924.7541908102306,0.06036227105177404,0.04081605004672633,0.6789112501548795,0.991232838874752,4,0.0,mixing,13.699051334591447,30.922251195754512,continuous,pitched_blade,0.24074559995727335,2.231919020446288,0.10835143933452997,2,0.4624056407887505,12.410529015516785,17.80299555407419,0.9551649237399444
1238.7496812455652,0.08502843642098719,0.053008070520547526,1.0575903199957382,1.5509428659406994,4,0.025323665524918965,dispersion,29.96793962821168,804.7544212230083,batch,rushton,0.3463577494438118,1.975620006089201,0.21680933028666569,2,0.6472348305660783,28.86814228691374,437.46264347476284,0.9566103905717519
1101.1981012950407,0.07975699490798589,0.06150040274449574,1.974062132263291,2.693232424965457,4,0.0,mixing,40.5751583273415,47.078438067129525,batch,propeller,0.3058417433268065,2.7902482697538913,0.393512600447608,1,0.0,31.83464062828789,27.68886722954295,0.9848724373458313
1134.0591286565214,16.420295768219525,0.05908583897250694,1.3257947144385631,1.7453119690334888,0,0.0,mixing,950.5408336083193,864.0678592840368,batch,anchor,1.21275889197672,0.25670053645318314,0.06628973572192816,1,0.0,1039.723410741772,555.1266716084323,0.5124074478786271
1266.158774835853,0.09547255939930088,0.05455760727469778,1.2168597524480447,1.7276554511176596,4,0.0,mixing,41.18343794100542,317.0125661510305,batch,pitched_blade,0.4328166213684129,1.852454638878741,0.28273335998767346,2,0.7866921190003022,27.79140600289441,281.661413025794,0.9717490924029693
929.9126136909397,0.03490589782403573,0.04352544144339626,0.6720685382906142,0.9413352520743483,4,0.21199084397394707,suspension,5.162923646768583,797.355331473367,batch,pitched_blade,0.2899568971005379,4.694977202481761,0.15281819330930155,3,0.24978699328898904,4.459172288205491,693.9898606080966,1.0
1148.0126170846681,0.006672992499512088,0.06517717478472028,2.6257092128884607,3.719213691679056,4,0.0,mixing,33.51233800109605,4067.3616690302038,continuous,propeller,0.6534093390356536,3.5065325792586237,0.6020734493726273,1,0.0,28.072699814213404,2539.1829949816847,0.9665134190660731
930.379346362083,0.03354977418320023,0.057982109555237686,1.3058469320201107,1.1808136716211612,4,0.0,mixing,19.768775816465514,19.280212707317737,batch,propeller,0.24759517981299486,2.9696463704817027,0.26724710682101976,1,0.0,19.199126847867582,10.48135761150789,0.9524939455530269
900.3969856202516,0.09909571856650028,0.04112290450952986,2.8439131469323677,4.099165000430484,4,0.03911419617517797,dispersion,44.77359657898765,262937.77417575306,continuous,rushton,0.8589877509319289,3.698323068696583,0.7634022155337211,2,1.5033334794919053,44.29173209356315,190627.67674722287,0.9190148564731151
1078.850220097535,21.06561450635505,0.05767464800770238,1.8816789114935355,2.1816208889721955,0,0.0,mixing,689.4292023241212,38721.0309225654,batch,anchor,1.754988277772756,0.7727006798655226,0.09408394557467678,1,0.0,497.1272148394237,24099.966447755924,0.5210370972105504
1170.5575106869146,0.02165588792304384,0.0638762737833379,1.9706713865127181,1.7765341603240619,4,0.024918727351089878,dispersion,44.810892620486094,79712.34931349121,batch,rushton,0.7598834983584918,3.2892218106677187,0.5369164365922781,1,0.0,41.11772686756897,49404.65606940106,0.9688883173708054
1187.2703168511748,0.05015932288731799,0.058147499695641355,2.2034317929131046,2.3507189215635225,4,0.040496823685585416,dispersion,41.67068475928269,538573.1036333456,continuous,rushton,0.8723548063600053,3.5080178536061832,0.6515309784609838,3,0.613849737717335,31.196153144207962,343308.83959747583,0.9369725141986489
1052.3761392194535,0.0438002042910417,0.05619086139499703,0.7714663695538827,0.7653848819767417,4,0.0,mixing,29.577698908233582,11.333461805669653,batch,pitched_blade,0.26880852745768385,1.7113288911900004,0.17051050785052665,1,0.0,24.353328779987006,9.147264057350773,0.9792359833509461
1117.6392365929244,0.01203714240479584,0.0683484382446144,1.6773803461420427,1.9928084411512705,4,0.1325060858121665,suspension,15.970913371475728,3754.1947992935065,batch,propeller,0.4577387522855368,4.629912589003977,0.3907957287294301,2,0.7760209122995058,11.02895442124903,2260.9880648810354,1.0
1101.5731857720937,0.01926015012779729,0.0689442032134223,2.53047637962798,3.584268006479283,4,0.048667434187295286,dispersion,45.551084352969355,367628.41128970066,batch,rushton,0.8813416002236283,3.8003701526762605,0.6687852371977782,2,1.3529152478492827,33.15040299906492,276202.9436488052,0.9548290431920485
1206.2956430060244,0.04076817877474572,0.06534474377055273,2.3061945579186762,3.3418674260024077,4,0.0,mixing,47.53661031725446,22029.80582433951,continuous,pitched_blade,0.7819029291191836,2.110529054756726,0.4471461913057758,3,1.0235507996475373,31.725489077072602,11702.34915796664,0.937487517871972
1075.3265237657952,0.007371224755877247,0.04917873774976487,1.0501208011915195,1.5345735702130718,4,0.17530228338461612,suspension,13.912616408400385,229.79104985380565,batch,pitched_blade,0.2926049748912436,3.116189632708567,0.19308231508565604,2,0.6916792773210227,10.817064972645225,160.81078589397387,1.0
1285.713059481643,14.598044852266744,0.059897964302500384,1.6272881679052595,2.2803316390799586,0,0.0,mixing,537.8021714445714,9421.214971132882,batch,anchor,1.4919699740716554,0.5404352271527788,0.08136440839526299,1,0.0,615.0021080235447,4785.675823004223,0.48701880493917443
1135.608328364087,41.28423642130123,0.041977982754294894,1.0416138389108398,1.4402682075524886,0,0.0,mixing,852.8164019875497,1602.205012269936,batch,anchor,0.9410333612461146,0.3510480091046019,0.05208069194554199,1,0.0,641.6425813748892,1132.269234518082,0.5143545121750013
1243.6713914787588,0.021809064405351363,0.04951454483540903,1.2731243158403902,1.3009926825953062,4,0.0,mixing,23.516337138545996,5.827378667529424,batch,propeller,0.20680686567567289,2.896325072798646,0.35891924320013263,1,0.0,18.43528524289236,4.4266656751037985,0.9537210568730438
951.4354036500813,0.058006338901964674,0.05215994862444453,1.399831688662013,1.7728794569688078,4,0.0,mixing,11.948448815457201,305.74545217773476,batch,propeller,0.2825946325443073,4.476683979111524,0.2775937801227519,3,0.5055576625100026,10.882023895352372,198.75012321685827,0.9414489103734095
1039.2052058684283,0.06189842340885372,0.07047314904161019,1.4535255710072563,1.3421077376970516,4,0.0,mixing,29.32184794597743,484.2564665093816,batch,pitched_blade,0.44946755532421384,2.163998731793566,0.31038265593866143,2,0.49516732168817357,22.92535207170561,419.36157142450696,0.9672351698840673
1168.0372696594281,36.97555834269402,0.0540491235912991,2.668994663932981,3.616550133249414,0,0.0,mixing,1394.609952117025,150373.2879370755,batch,anchor,2.5334757145051805,0.6695740458210998,0.13344973319664907,1,0.0,958.9705016903835,98432.02390692208,0.5145374572739285
1240.414794876829,0.08215295034332856,0.053803507291888236,2.904715253421476,3.048069979294547,4,0.039967728752856944,dispersion,58.273993627958085,2113680.724785996,batch,rushton,1.077538837475551,3.6197355363735104,0.8308512810768296,3,0.749941093764742,44.57531497505994,1163782.9980819398,0.9510330342889463
975.5841536878747,0.05156489218810297,0.06740787202885093,0.7253424550956667,0.9648590084212407,4,0.0,mixing,6.699061021950729,14.681563502480746,continuous,propeller,0.20415431628573963,3.273929465074938,0.11803408303190997,2,0.42438894808694844,6.813816311768513,10.87255780901779,0.9153122847510219
1295.2705698228601,0.00975063330633225,0.05046142256615119,1.1217259519696625,1.0488683120814692,4,0.0,mixing,19.53544767289383,409.95605733095834,batch,pitched_blade,0.3940121759663982,1.9755710672945674,0.2743707789971469,2,0.42131675134010277,17.07774688699769,236.42047965040825,0.9585496208424167
1284.733202876947,0.041969673445000875,0.04271919210002363,1.065472224505155,1.294428048158942,4,0.28324500666231783,suspension,15.469711837326198,1119.3652320564147,batch,propeller,0.4709868835396455,2.819705960880791,0.2713988922507767,2,0.4830292006197813,12.305254979826232,664.6980447626626,1.0
1009.3962864964622,11.124861476566958,0.0404985824013608,1.2809695305050932,1.2898391094217263,0,0.0,mixing,1210.7583395713866,377.54057916645326,batch,anchor,1.0914045463488569,0.2716317391101277,0.06404847652525467,1,0.0,1011.131394551034,308.49841419030344,0.5187021752204557
1072.353958964341,0.043353567126931225,0.052488276126310254,1.199564795986968,1.573227152979585,4,0.0,mixing,22.342264226794953,800.6723229825247,batch,pitched_blade,0.45205803174004144,2.242106087808307,0.18552784260550848,2,0.7247861908114096,18.060870394013406,523.890087762354,0.934847765509155
1088.0729092812064,22.55281172899058,0.049289896214645454,2.213980581094776,2.0456409108930895,0,0.0,mixing,1711.9152141128527,13143.338088485454,batch,anchor,2.057901018049741,0.35531969390754187,0.11069902905473882,1,0.0,1304.193753573301,7575.828444953674,0.49602336794042257
1069.6068392627872,0.037307566794066015,0.048886333774822696,1.477401534820765,1.8649516388311946,4,0.0,mixing,12.742014604605538,1071.9222760044095,batch,propeller,0.39984953578662596,3.5938408919287617,0.2396587172408341,3,0.5385099717079587,12.408390818349929,666.856662344151,0.9312735744990941
1086.8169400532938,0.021165245558937812,0.051860104368180254,0.7996978348916832,1.199086134784119,4,0.0055760671985727655,dispersion,25.431779217357906,240.10233012624738,continuous,rushton,0.2728817500245397,1.9210085093816807,0.12235136055593464,4,0.2648006360710421,17.159177823919944,211.47171499976972,0.9204571406977514
1271.5720068505436,0.00798044554192922,0.048152717571121176,1.7896485949653,2.172455818994994,4,0.21582881984317503,suspension,15.543931742574467,9654.04724344477,continuous,propeller,0.669357533412689,3.277659587761475,0.3042838843006726,2,0.8766049398815162,14.635678372863978,5673.361970555516,1.0
1118.8064912825334,0.026053991717222058,0.06623632389823042,2.6635796390552504,3.0147043249674392,4,0.16863252229697273,suspension,28.544887424154886,89582.16495167757,batch,pitched_blade,0.8283260399673822,3.7967543207365413,0.6634155747136942,2,1.1593034614860735,30.201521417799345,55847.42895365343,1.0
955.5405547003319,0.02703998043643144,0.06911798953335876,1.7754157332444178,1.6362496717514392,4,0.19652734597859162,suspension,16.96508763027701,7733.375446975036,batch,pitched_blade,0.5374359768327022,3.3567204509445787,0.39885525709549946,2,0.5683622561650653,18.351147510972524,4084.067352304377,1.0
1250.2984065438586,0.04311684035353985,0.049450482434455455,2.897565960031106,4.249632625907627,4,0.0,mixing,42.77592739128669,37781.28431718348,batch,pitched_blade,0.8892453039953795,2.2105617816271144,0.8461977285770206,3,1.0450819746822753,43.1342063615354,26788.032400133463,0.929472030917696
963.2671454608226,8.023768883061773,0.05382689355454365,2.8846247248753643,2.847094372349152,0,0.0,mixing,2047.8443255561738,8123.1655864206505,batch,anchor,2.6024758749032966,0.29798655021265835,0.1442312362437682,1,0.0,1787.8250048095601,4816.199445733273,0.5011228668048834
1132.4988091413409,19.231842164285244,0.04749522163875397,0.6795871743340216,0.7013874121798424,0,0.0,mixing,185.6178448997034,1110.9873216339925,batch,anchor,0.6093690283876573,0.8269614526168815,0.03397935871670108,1,0.0,180.82570934756797,845.5369633216549,0.5128463429300099
1081.2767740196264,0.018855018441813823,0.050869198841737504,2.290249926646868,2.5519553143661913,4,0.0,mixing,43.43677425125467,5265.6359927572275,batch,pitched_blade,0.7422647703556778,2.160194032579406,0.5136918190489036,1,0.0,47.18018924174014,2718.7418967567564,0.9544275050795246
1119.305536733306,0.04582440276616897,0.04801948398089791,2.303175364809714,2.3792222746827805,4,0.004386889154131774,dispersion,52.573790498808414,86003.40161374769,batch,rushton,0.7354926491096528,2.6251432427910486,0.6206366592043399,3,0.6385884288165489,45.41564830325748,60584.80181349593,0.9593945467947009
949.6079261239582,0.03201921569835352,0.052567213245197746,1.4471063924327718,2.015722450522495,4,0.04234168875055659,dispersion,35.69062472940515,12263.231592961705,batch,rushton,0.4981503986578112,3.612042934419289,0.41777604540973484,1,0.0,27.40660395653044,6273.8992403685725,0.95051924226867
1079.4391232068538,0.08511606304216092,0.06650222294520372,2.8835506216335753,3.2787966501846615,4,0.01465188372164093,dispersion,51.839788734445584,1942792.4943004113,batch,rushton,1.0957717478673348,4.092011392351692,0.5024085478975906,3,0.9414060085964995,36.07343377647011,1538347.3401879629,0.9840158551685663
1067.8634371238004,0.0038780898027109033,0.04559420613199089,2.123022566454801,2.641869165827175,4,0.020329907185098146,dispersion,35.52028091145355,38211.82197348664,batch,rushton,0.6700771377187121,2.930726915368287,0.405774068144971,2,1.1693147792846736,28.833361886182583,32773.926597020974,0.9439015565812167
1205.925179342336,0.01945907402626319,0.06674947458933896,1.0481793773077275,1.146628968842073,4,0.0,mixing,10.159166036354014,164.03610443676945,continuous,propeller,0.25498999868060207,4.216884896353644,0.20361515520812595,2,0.4864780988030288,7.8243687710529635,93.46326761108556,0.9551291782171706
1028.6489352876984,0.07731021790140688,0.06648770143552066,2.4196434390845276,2.566577161010312,4,0.02501578072097352,dispersion,33.7637097801893,428781.85801155627,batch,rushton,0.868532544191313,3.8633294399393865,0.5384492972313771,2,1.1055415955456818,37.23407760602968,273650.9221584649,0.9255139317991548
1263.4471090060047,0.03171399557038484,0.06339646006105791,1.7758147926893355,2.1408871315079723,4,0.15685729771212592,suspension,11.994182912925956,50139.81518814569,batch,pitched_blade,0.6226169344949943,4.639927000435312,0.47832689017940516,3,0.5420483936535525,12.255892424339573,44445.58540745313,1.0
1066.2712772448936,27.35368955090284,0.047999576128912286,1.5950669531768287,1.8891824394077281,0,0.0,mixing,2293.6016127255193,998.2774429683976,continuous,anchor,1.4484597793941179,0.17088309815982358,0.07975334765884144,1,0.0,1965.9762704694085,738.2578042267901,0.4874318444260627
1155.502222307375,1.9509013742068577,0.04796415130073212,1.5103863390331902,1.8455288240726995,4,0.0,mixing,364.6557206003277,3078.4082977838334,continuous,anchor,1.3532377621189482,0.8080095758792399,0.07551931695165952,1,0.0,306.7192391095098,1865.0415264105188,0.49208712891747997
1259.526756934767,0.013611226050750255,0.0632240075110159,1.710788971713705,2.482831758718461,4,0.03497118551611563,dispersion,61.42068733980576,9334.00288308346,batch,rushton,0.651269038939327,2.1509697137829233,0.27448180588510535,1,0.0,44.34324027273568,6904.7869195439835,0.9610069020280977
1253.844001060112,0.011133862883690095,0.04560015879327482,1.0126264963079583,1.4012106672603837,4,0.0,mixing,5.94853946612725,153.34094361287444,batch,propeller,0.24522180864618093,4.365453251537814,0.18076307789987014,3,0.3711482008259349,5.337177720353409,127.55702143049993,0.9378248615270934
1171.5942643659748,0.09761356463585102,0.0422774023215326,2.211317446464529,2.231302760122659,4,0.0,mixing,55.49440150188586,235.60783203829786,batch,propeller,0.4426381612789372,2.8820331601305185,0.6211867979031991,1,0.0,37.41177266565185,208.59822009356023,0.9485736786574812
926.8651055830801,0.019831026296093922,0.04549981965540325,1.8424998460462483,2.3826915235925146,4,0.267038706632267,suspension,17.73445217135388,15749.605688148133,batch,propeller,0.7657881835154161,3.690711357709203,0.47481382907861797,2,0.9087874637564913,17.08223948476105,12754.270911388665,1.0
1238.472611737995,0.004017610003340291,0.04226082290467554,2.890468537634087,3.085303118946681,4,0.023258406791842157,dispersion,59.822306695686365,1200550.0416339212,continuous,rushton,1.1443857878301091,3.9139493139941695,0.7877746821371324,1,0.0,44.14423448367359,673995.7671412069,0.9712303754082751
1222.7691911279662,11.368526491230513,0.06759930774347131,0.6051661051326525,0.6916135030860635,0,0.0,mixing,270.6973609579189,143.7715193200981,batch,anchor,0.5662379896072411,0.35940218746300684,0.030258305256632624,1,0.0,303.87094161039823,75.39358883953173,0.547116423631963
986.5557234731899,0.030632686951483953,0.07181691756530689,0.6631930861966496,0.6266863081562277,4,0.07108622360957782,suspension,7.700483003987119,160.28887615026508,batch,pitched_blade,0.27317973749158647,3.5074068544262644,0.15810069255715964,2,0.23584104301289208,7.367413373311423,144.27520596815214,1.0
1037.7031148578608,0.06311716292063091,0.07007944299855975,2.495098753180047,2.632713236765794,4,0.026017759298273397,dispersion,103.6395056283647,62223.07411964898,batch,rushton,0.9530624869332288,1.923554152610876,0.7241115232920754,2,1.00924185650609,84.05623759115439,53965.125288929274,0.960850308870711
923.5204231293991,0.08416564384366826,0.06372629781080683,0.7544211479495149,1.1043459301134215,4,0.046018118064740245,dispersion,11.838524913543173,341.85570736158803,batch,rushton,0.2314277407628592,2.983293152504251,0.12111980367284231,3,0.29616285575056134,13.343284796747847,212.10980224476597,0.9506226970588995
1279.8541552707,0.08784036127151273,0.06451306901121322,2.5807982605438333,2.605940165937905,4,0.025979302878583518,dispersion,84.66113327084754,91741.65331286665,batch,rushton,0.7918786898276375,3.39256116444721,0.732616913194082,1,0.0,64.17693138223784,69580.26369742323,0.9152515614187577
1291.5234617788165,0.012694954177628327,0.06383050541575631,1.9719269574739302,1.9482123385287984,4,0.023766672569165516,dispersion,48.06178127764809,24198.74593171354,batch,rushton,0.6767586384896499,2.555679753422268,0.4472454374141383,1,0.0,51.31137498209533,12691.717034816395,0.9868823282678854
1028.0419063546187,0.04768867513734966,0.047202448824786906,2.7881930138166218,3.01668311957658,4,0.04210097681621304,dispersion,35.593302032337284,383822.72382789425,batch,rushton,0.8794640031001113,3.536982673690858,0.5022997252835576,2,1.322640037863658,38.42775354417839,215526.09480047374,0.9326860363823647
1219.2031419538343,0.001951716614878281,0.06389123084976389,1.6708443569795344,2.100797099987486,4,0.11828330315166839,suspension,7.037541143654085,6512.984197384594,batch,propeller,0.5432269130406945,4.687558296934886,0.3436794396584901,2,0.7998895116012139,8.690673134460393,5910.086336047563,1.0
972.1245783980709,12.193387114153927,0.05963500600691554,1.98051787421237,2.2331518833208883,0,0.0,mixing,2349.4770939888986,1684.1503301264297,batch,anchor,1.7204256152841717,0.2587364919124991,0.0990258937106185,1,0.0,1700.113002492079,1173.7847515362444,0.5094401913675615
1231.4950156774848,0.030342361390508225,0.0475612832485429,0.6021749744291858,0.6556557706038739,4,0.015089271687280576,dispersion,14.165035775769626,461.17977422731934,batch,rushton,0.23351826292554706,3.9686388737024987,0.13170095475230023,1,0.0,10.193829834395704,233.35542119742675,0.9571691915273354
1111.1919431322833,0.01574880459377259,0.050696749174860216,0.6123535087730176,0.8540503820868048,4,0.029203167134802532,dispersion,9.855546022535092,171.17381895638408,batch,rushton,0.20948072823734984,2.84986367103111,0.1808911145640549,2,0.31469636716568233,10.214772827516116,89.38320841927367,0.9062718711996569
916.1995807733471,0.0658024266616192,0.05586092718643805,1.0945884622044777,1.5292475363114382,4,0.02681598886113143,dispersion,18.897174439617487,8327.123264350324,batch,rushton,0.43456656185781156,2.9498578819738137,0.2939648559163309,3,0.39047195439126453,18.861889646196857,5269.4709203447,0.9361597010153557
1298.450903055443,0.014298018508426817,0.0434307470675245,1.6972960195250126,2.030553042208861,4,0.13939955255576897,suspension,24.837264764894613,4080.689447565598,batch,propeller,0.685897452366277,2.5471289475948833,0.4119525427423877,2,0.8028898774820059,18.682853086605096,2937.3102583786126,1.0
1250.9708316865554,0.012312037817092555,0.04390447781961082,1.5780374203145877,1.7029001823285743,4,0.015015983456150789,dispersion,58.66254058944326,11877.68154141131,batch,rushton,0.5938450035664171,2.468514813662591,0.33465435072462524,1,0.0,44.88561167298275,6932.833800129869,0.9653068507227257
1208.2437330553728,0.06574334152497621,0.05014786118000442,1.75789712736255,1.677091909959366,4,0.024074021375939926,dispersion,38.628566844391244,44233.98261634728,continuous,rushton,0.6444832623177599,3.864462496214337,0.36022098289260157,1,0.0,36.82898082521264,32829.39856532134,0.9220467223810964
1190.2833582950973,0.007978461030334992,0.04908025906578988,2.208191536294853,1.9895331170253203,4,0.0,mixing,39.911341174718764,9850.909126462253,batch,pitched_blade,0.7177454095660177,2.3505955460655428,0.5710738518632364,2,0.6417795457622163,29.14367048680857,7916.4646001612455,0.9446441085264963
914.8642647277429,0.029217985668258263,0.05772038701648723,2.690861673493793,2.6845376953659277,4,0.12586072434794854,suspension,50.99512905571767,183757.06970386417,batch,pitched_blade,1.1294454271212568,2.9766068915149813,0.43554388386418613,2,1.1220745296274894,34.29665233732658,107787.15656270165,1.0
1265.0947604724504,0.088471589218883,0.060600268230382795,1.7418444517951608,2.3303986296977155,4,0.011772600850694044,dispersion,43.438106845990696,28491.892815803894,batch,rushton,0.5578643118828672,2.392181201506118,0.37483021460069343,4,0.45778052125254437,29.141101880416528,16893.806624162036,0.9404294301048446
1242.8634381794996,6.212651816237411,0.046969546727050074,2.933139975244127,4.160609796001835,0,0.0,mixing,1056.6793156673627,40167.6029250021,batch,anchor,2.5822323471977255,0.6167804775873661,0.14665699876220636,1,0.0,892.071847586691,26743.866327650598,0.49661314985957267
1275.444268309299,0.09006046508095035,0.06043491828257733,0.7731779150818886,0.9848048902861505,4,0.0,mixing,18.36845393503212,35.445171181553775,batch,pitched_blade,0.2575394383839888,1.8455479050413208,0.14763063673287422,2,0.41416676006394015,17.69166555510893,20.59835523873111,0.9359168012485096
980.266650165167,0.0479030074313257,0.04002963541540496,0.597396973540308,0.6354893266940692,4,0.0,mixing,23.314635370450677,10.552424565108401,batch,pitched_blade,0.2340838037816374,1.863819490809973,0.131161903140647,1,0.0,16.546153682472852,5.5718652032717895,0.8961199476461502
962.2700788500451,0.09172689154496175,0.06195613792008904,0.7077069367301287,0.8829015705958775,4,0.02273846462377968,dispersion,14.576876542393858,426.2859162111908,batch,rushton,0.24122308914154245,3.7411888594180778,0.1990316631645525,2,0.3264590055874079,11.54986171461535,347.1229114715648,0.9454506474478532
931.0206697045866,0.09446739643415629,0.06798833317897407,0.6164028793219657,0.8358688521706577,4,0.0,mixing,14.604464713799155,22.133113101010768,batch,pitched_blade,0.246370647771873,1.985548106577646,0.1343526004737669,2,0.37577245402063086,10.44542306630316,15.16012226691265,0.9404575819596384
1091.397375256594,39.01056488709162,0.05679713215855724,2.9437649603223277,3.434254187766488,0,0.0,mixing,1680.2433085567025,51277.93682840049,batch,anchor,2.6029697083524006,0.41572733764826086,0.14718824801611638,1,0.0,1832.0265457012088,36321.83678871563,0.5048014302528416
1144.7578485368276,0.057125989515925145,0.0688378054159556,0.9844815319310316,1.0896829492141087,4,0.0,mixing,23.188074936600078,8.179843909095009,batch,propeller,0.22248462643427072,2.8715495906922595,0.22786809955154924,1,0.0,17.012605065967232,6.1347771645022915,0.9271963054570264
1026.5840569660986,17.819824185938792,0.06931621401312085,1.0916897537175458,1.5781257359416117,0,0.0,mixing,360.3461318537111,3458.1755241526503,batch,anchor,1.0093702716817703,0.6211998091321315,0.05458448768587729,1,0.0,376.16515955843664,1919.9023828816903,0.5169225049181121
914.5727789239445,0.06209572919077996,0.05418169559184921,2.672213083479507,2.5826475475995068,4,0.0,mixing,57.86841972135434,2139.6584202669537,batch,propeller,0.6131929811372829,3.410270905604938,0.7712506591891551,1,0.0,39.841129016468976,1379.094043498442,0.937729148814217
1102.9295918372277,0.01435194101374275,0.05402902689696476,1.9241127274494039,1.9791563246856234,4,0.21470419170435523,suspension,19.796941722815973,7459.804126893932,batch,propeller,0.7288873258192146,3.493334710516352,0.41750778035136,1,0.0,19.937183788228143,4414.2361714791705,0.9665673180178779
1266.5208135659925,0.048380409793111596,0.05872991694673675,1.2972462971012175,1.7509682400463455,4,0.26700432360813053,suspension,21.68645964474768,5514.405677422712,batch,pitched_blade,0.5019179343654415,3.727704566236451,0.24794848781277756,1,0.0,19.099452460340363,2967.3117816132035,0.9808923185231289
983.4907533747842,23.66888565465382,0.041474076803270116,2.536938371295479,3.393939483201609,0,0.0,mixing,1164.2598207251128,55018.69054258844,batch,anchor,2.260057112194593,0.5631351146117336,0.12684691856477395,1,0.0,1007.6715072500766,28264.721386902303,0.485137591848911
994.5494141635938,0.05451661333697754,0.05601941945941299,1.8809619732801337,2.4992929708162523,4,0.0,mixing,14.438322335021118,2744.3711581633597,batch,propeller,0.46974307641768165,4.260080682798032,0.395614013340404,2,0.9842955615197667,14.30160980948877,1601.0932887278657,0.972188483783841
1230.6191445958186,1.5269321624012506,0.042358266628426886,0.8074269315801315,0.8022634433744695,4,0.0,mixing,260.9828664678562,85.00241354107241,batch,anchor,0.7572799890580788,0.44998780148085393,0.040371346579006574,1,0.0,291.1034227084096,50.287647679660516,0.4788469040775427
980.6752053121814,0.04047371917907788,0.06340388182826596,0.7168644207200101,1.0536069391476877,4,0.08133150244361269,suspension,11.471398355137257,73.81152487247488,batch,pitched_blade,0.2695747857842025,2.5581511003044195,0.16187490263834645,2,0.48030634256826427,11.410209725369917,56.16983580756472,1.0
1073.3679022034025,0.06989199805459927,0.04782517042405779,1.7982847685392298,2.2166588821653597,4,0.029223554735574492,dispersion,43.30331029594045,33673.57787626191,batch,rushton,0.5793894857976883,3.4476365541246934,0.367785511892083,2,0.8596769756513131,31.112711294693295,28104.669257246784,0.9302160845673864
1299.885940425157,14.74568606530998,0.047200756149908873,1.6052657363893186,1.7035546953658849,0,0.0,mixing,792.8781673536473,4608.2576486915,batch,anchor,1.475559200017818,0.48727207478765366,0.08026328681946593,1,0.0,689.9510928380042,3389.313582124676,0.49303231297875355
1184.0667761994785,0.044092297651729756,0.05830922570071867,2.2062232150051706,2.272470334278769,4,0.08042257184352238,suspension,25.484494301089455,39108.45489085577,batch,pitched_blade,0.7570030645275453,3.468482324410884,0.4381491618353821,2,0.9749237743246276,23.755789530940877,31416.130985413132,1.0
1089.752853164547,0.011589490699026386,0.05092330631010274,2.291663426161322,2.4566980611324443,4,0.17124006256090374,suspension,21.063748406975826,35824.960178083646,batch,propeller,0.8615681784564548,4.4689064063492605,0.5606651319486713,1,0.0,22.612658830264326,19132.069092270278,0.9970413240126832
1293.5282000926425,0.08026651017598266,0.05700815141896795,2.4577207873074816,3.178709109276472,4,0.02975904865945511,dispersion,50.07545284802787,242574.8563815435,batch,rushton,0.9071771880825026,2.4292417566110305,0.4563655291902561,3,0.994679057853092,47.57166319058868,139156.8242078242,0.9097057103813316
1094.5433693066475,0.024330137601334324,0.04779829613544726,0.5230973035462817,0.5870562825449349,4,0.0,mixing,3.747020640854525,0.39537758011417773,continuous,propeller,0.08090922362692665,4.053082945534159,0.08401992591313309,2,0.24231470375499317,3.9617641185682158,1.0,0.9742349781439231
989.5737566769199,0.008870515965667302,0.04994368856884662,1.3320134303065008,1.7047952940203652,4,0.1268002834080783,suspension,17.45035304995784,2419.4010877460537,batch,pitched_blade,0.5779331677846901,2.7577486752132745,0.3706217735726235,1,0.0,19.011734440233457,1587.4978746649185,0.9720648964750982
987.2596738244126,0.0769192905099785,0.0612136864179398,0.6096457085447899,0.7094766718200683,4,0.008331807151423721,dispersion,8.210380411066042,482.5102919179714,batch,rushton,0.23008175879699627,3.3809212967084874,0.12828524751071438,3,0.18346064969819084,8.178612335944758,310.11845228792464,0.933328082338602
1074.9778401999667,0.08415347532552164,0.06942314587232291,2.073791428508594,2.6565366694260826,4,0.04395567256183192,dispersion,54.110838902874846,65465.7717906179,continuous,rushton,0.7484725294074634,2.8951560141149435,0.49522229132285983,2,0.9781097028171226,43.9749821940064,51210.984068923404,0.957138176984314
1253.80599494667,0.024833552398895203,0.06441568861865712,0.8768604156902339,0.9555495415464613,4,0.0,mixing,9.375111940724397,10.391215719554664,continuous,propeller,0.16385689039430543,4.997228871886059,0.2407816823047811,1,0.0,7.871664572189737,8.600169073485372,0.9636725745895944
1119.7079606406655,0.06066142458025272,0.0575882819421839,0.6387149663107867,0.639463065749278,4,0.0,mixing,7.9428672661909285,1.8644805916316765,batch,propeller,0.12474594394390698,2.8622853921458495,0.14495199763321204,2,0.25336646188633855,7.633319753723886,1.2368229114547653,0.9668840238138576
989.3290352647762,0.008326075234977609,0.055615237276244706,2.2932767967660106,2.3040031088095185,4,0.13749980817699314,suspension,37.060116693554505,15476.257316567619,batch,pitched_blade,0.7644413568989341,2.6289488610111826,0.48626749222038657,2,0.9604781459475323,27.839527029545778,10981.516288992445,1.0
1122.2458102761407,0.032529649473526885,0.062060174517444736,2.6545627486043575,3.2862257220511086,4,0.2569810367891431,suspension,24.79315090681925,72477.12315160976,continuous,pitched_blade,0.6757456247253836,4.036008127660801,0.5775823399618591,3,0.8423350277887777,20.18156431002133,40762.55840056929,1.0
1270.556653665823,0.07690345715579631,0.059246961125583336,0.6344367739213886,0.7636644983237778,4,0.0,mixing,13.152259066606314,12.147964256525599,batch,pitched_blade,0.20979769932630027,2.062346024092815,0.14774902594018016,2,0.27974027869218404,13.02522628222483,9.659127283057085,0.9336942714241092
1249.8022396452714,3.7142110240495847,0.05600115887800447,0.59971400678286,0.6215643271679472,4,0.0,mixing,282.8460094419985,121.09621595209443,batch,anchor,0.5602990797350971,0.5809870383567627,0.029985700339143002,1,0.0,204.3004398740459,63.523778831609036,0.4919874216045998
1010.7213149564188,0.005310223677694927,0.06106986963786482,1.0433295053958698,0.9782862226884985,4,0.16848355352309846,suspension,10.09632176435592,924.7020121293588,batch,pitched_blade,0.32859706935345756,3.973826486341907,0.20372614775458112,2,0.42532643073151827,7.6869094989105795,646.7646461136535,1.0
1032.725050103082,0.06294259623577714,0.06292586162418895,2.593025537154137,2.4066238572612897,4,0.0,mixing,50.521976330252954,156.81081308766966,continuous,propeller,0.4078159841098452,2.9802855606230283,0.5850683588255443,1,0.0,39.72716088905871,136.49229929937334,0.9506881499197105
1112.190049302653,0.05767646800308924,0.06863737223633666,2.021041866359825,2.645476116356803,4,0.0,mixing,11.523454634992216,8361.051600516745,batch,propeller,0.5077646690758235,4.700887205032038,0.4374702759056206,3,0.7131130004398741,12.53692443112388,5525.194141206505,0.9669570325260024
920.835509987876,0.00822317277485344,0.0697563054064949,0.6829517264523989,0.799540510506659,4,0.0,mixing,4.5215969576252,24.09470226489557,batch,propeller,0.20106377322580749,4.777464598744511,0.14841205385270118,1,0.0,5.187344775071036,15.014376485350812,0.9715141124965279
1092.2054859277393,0.01462584372810457,0.05415303568392444,0.5111225620221576,0.5191904604686474,4,0.0,mixing,4.927461900987118,4.452749327565831,batch,propeller,0.1380221395160649,4.788595876318038,0.10772112902381775,1,0.0,4.45388750925511,2.7685278152241453,0.9829298615096767
1022.37719857223,0.046615365362887316,0.04836154243277325,2.1326589607993465,2.571206004619921,4,0.0,mixing,17.151515938229572,729.7269547035945,batch,propeller,0.3528289262851693,4.5546761572467505,0.339777097298883,2,1.061740985886375,15.64870572220977,491.7391983511204,0.9226577223193153
1134.0275024371417,0.08868062908449212,0.04495566116572275,0.6243469138026712,0.6847390870125857,4,0.01842341016552985,dispersion,11.134570916299454,1046.8907712034236,batch,rushton,0.24161330966887165,3.979818984855682,0.18321522059006118,2,0.2695812055111997,9.246927984365241,599.005221596246,0.9509325368558803
1283.0369736776688,0.09862997107160708,0.04968522631620574,0.9993087425525822,0.9667030349619119,4,0.018918800740268554,dispersion,24.21245451592528,6299.387308455275,batch,rushton,0.37823455301774245,3.1650238175139456,0.24110077747452538,2,0.3506183530304915,20.03603372750749,3161.9331115512628,0.9481591492275794
937.0235754953331,0.06172256440442842,0.05772862406626274,2.3149039322470495,2.5493285948440625,4,0.0,mixing,21.858680164983987,4506.830994450569,batch,propeller,0.56676818606033,4.996738731300956,0.4111041779314937,1,0.0,20.987296214378055,3094.388105065169,0.9522036115556272
1062.7543839659415,0.005237725616023841,0.05050059251311342,2.6595623756593874,2.4592758395918572,4,0.2085458038487959,suspension,20.084119115066358,68436.24787393284,batch,pitched_blade,0.7427571701318414,4.005687138369482,0.5735751980940996,2,0.9133968926650119,19.119228572850677,38061.51791504505,1.0
1231.7714240652815,0.0346286888214815,0.0488681699949246,2.6718644395088336,3.3383819739086245,4,0.0021169725304587997,dispersion,74.62383588552893,148645.48092070612,continuous,rushton,0.8812135668835414,2.0728538624277393,0.7008584388777029,3,0.9083945187418466,59.42993447852768,77665.38362110752,0.9444938157527588
1066.6677643850194,0.08208880526699153,0.05163948734590132,0.6931650756341341,0.6829835951501271,4,0.03223026699171668,dispersion,10.94250589205416,2316.8884355211258,batch,rushton,0.2703472650967534,3.9067874999017937,0.14846046356436135,3,0.18829685225613563,8.982998277370719,1374.8520916787343,1.0
1188.6316977195404,0.08307478731941656,0.0469247860250005,1.0477916852115863,1.3810141872720452,4,0.0,mixing,26.682179617140058,180.34304785090737,batch,pitched_blade,0.33413508419251037,1.8848209469965524,0.1706851038941155,3,0.37849096026293083,17.96950203479319,118.85472404346929,0.9479004663063066
1024.8720290427186,34.7040159365454,0.0504222339116027,0.6020889933547029,0.7881887016173076,0,0.0,mixing,343.15394923042544,296.6593645961085,continuous,anchor,0.5238899457250019,0.4228053354696619,0.030104449667735147,1,0.0,375.2811679644733,227.52480850639938,0.4694828603453466
1209.881037204491,0.019684522879953294,0.05059838101779875,2.3182713990685775,2.738172983766589,4,0.0,mixing,40.74875538579732,3557.9532983589243,continuous,propeller,0.6815517681881087,2.8693836126802683,0.48154946938412374,1,0.0,32.54192259661218,1819.3814810857248,0.9623913041225108
1140.4002203742712,0.022702789092566584,0.051433887452069595,1.5673296494158406,2.098660152794066,4,0.21450807759602825,suspension,17.56394861873338,28216.214848970107,batch,pitched_blade,0.652004949068623,3.0104715991050104,0.2716681790249438,3,0.5638297221025648,17.75252050578466,15301.768840354624,1.0
1078.2400118805315,0.05787175716037662,0.040187200725555434,0.9363809589381782,1.3661737486602268,4,0.03737529438819765,dispersion,17.423529445080398,1288.3023383631669,batch,rushton,0.33057989061556015,2.317720173756627,0.16741405931696826,3,0.36470532126067456,20.7758954584234,704.4552657707893,0.967847467490229
1107.3522589107874,0.06362455075881274,0.043092015711006154,0.6573250324263664,0.9640910748887892,4,0.0,mixing,8.474468040468354,5.572390148024603,continuous,propeller,0.16593131764374028,2.8207285609427752,0.143061828750193,2,0.4165160300514246,8.0227134014614,2.939871704217078,0.9673613299770234
957.2715001944191,0.03754837295245614,0.05318735472579435,2.158095071276378,2.2493516706933785,4,0.12815276694606037,suspension,32.77823890191109,81239.93114454582,batch,pitched_blade,0.9109015649068996,3.1262725902224875,0.42285484803981827,2,0.8262209719776282,26.471759970291668,43043.09458467321,1.0
1060.0099983137652,0.05955727973387997,0.06515093828642006,0.7528580333190078,0.9202276287056378,4,0.0,mixing,8.89168882333141,3.2487286232661567,continuous,propeller,0.14986906845924647,2.775401490133308,0.13280904913691896,3,0.24634352942317683,6.993261124074961,2.400188747304329,0.9176226941343961
979.2716123291414,40.71746989579079,0.07054617109993006,1.3578440621086638,1.9075796015446853,0,0.0,mixing,851.2501610948121,3738.8943536289444,continuous,anchor,1.2246143375474494,0.39783499884070855,0.06789220310543319,1,0.0,804.1486371507812,3396.071851516484,0.5231150207499684
1139.3730406663133,0.05551350462112088,0.059196525621673435,2.9289403122701407,3.728544085611728,4,0.014502392238679674,dispersion,58.08693240503011,613739.7280901105,batch,rushton,1.075190955610005,2.939950370630029,0.4676121960323766,2,1.5816270319788945,56.23032853847766,360317.9826977046,0.96431076103408
1045.5387124101933,0.009559516241111433,0.04323838226965679,1.1177982209225499,1.4501881332473652,4,0.28318651900186453,suspension,16.428744898524904,810.3893505786637,continuous,pitched_blade,0.3228428605077414,4.698095547249944,0.1708136390126425,1,0.0,11.04407717416231,474.1712347268572,0.9988698927423304
1179.296909595676,0.01689265966697833,0.05230605014818945,2.2917825204430753,3.369729374018733,4,0.22923964897361854,suspension,24.27378630545068,62475.899869079556,batch,pitched_blade,0.7079871301903289,3.7238219983261938,0.490463162409843,3,1.015638721547584,16.848806013078804,42432.7916719825,1.0
1112.6625713875542,44.966899709121975,0.04215373026140789,2.776030849579064,3.411285995220006,0,0.0,mixing,4311.5257285308635,11214.292305946157,batch,anchor,2.5141277502566775,0.20503735729596967,0.1388015424789532,1,0.0,3322.6377138399494,8256.704192471578,0.5177338015081219
990.7365938528931,0.08372769264627913,0.05409447504692053,0.6718457549460286,0.7832010303420295,4,0.030279582179738695,dispersion,10.453754047235618,370.160947165093,batch,rushton,0.222499959593136,3.3603694442178402,0.10182475129576715,3,0.23201750404725702,9.547753471400204,293.36071468549176,0.961799216907258
945.2869132028206,0.026994673654855344,0.06139823241098942,2.278514618698931,2.116432747451077,4,0.0,mixing,14.139056517912206,3182.3381285255923,batch,propeller,0.475565418172756,4.492428479788662,0.4701349131347561,2,0.8433512987214472,15.23754028917831,1679.295942756015,0.9418538665536302
1044.152744132004,0.021089058523091828,0.049239713127673695,2.498664456067382,2.448582941439451,4,0.045593579133350985,dispersion,88.56664302543989,126195.52299380588,continuous,rushton,0.9361808275053775,2.8583609149991367,0.5728315648858522,1,0.0,62.181626845961695,74607.77167021301,0.9491309873098215
1247.5398364088064,0.05536491711167239,0.0515739096007088,2.7594767701949263,2.756577236637038,4,0.025794520022216678,dispersion,38.799708905073494,588251.360550903,batch,rushton,0.9873575558359606,3.614136853677372,0.7730321750434516,2,0.9665844376309661,45.70656427900243,461102.5738101936,0.9468395754250631
1118.256349605689,0.027186528659850457,0.043378094800451954,2.373694072806474,2.5509114569898115,4,0.26390136514923623,suspension,26.91627528604646,280988.7061885913,continuous,pitched_blade,1.021012080643798,4.635221866580527,0.6493267990837408,1,0.0,24.68967141837303,146847.26103559998,1.0
1146.434896776469,0.05549856739772026,0.06471255690263866,2.957513747690471,3.879159328859744,4,0.0,mixing,27.049399203252655,11842.305263561362,batch,propeller,0.5315974266480035,4.565614052998654,0.48725302221050476,3,1.0402590683908006,19.88466040265774,6254.495739618714,0.9462520155819203
1262.5252761331164,14.500031133287617,0.04955915279918181,2.716001047981928,3.5538698680045306,0,0.0,mixing,2345.4819354546557,11716.691477814413,batch,anchor,2.551865522856485,0.2706008595026483,0.1358000523990964,1,0.0,2199.1770995883285,6704.379825573544,0.5075693387858597
1258.7771167333228,0.004314338170650154,0.061761947373763025,2.8849454556677103,4.273153178880942,4,0.09578508646244506,suspension,16.465659675687505,19863.002347847,continuous,propeller,0.742469216508051,3.4561204198735456,0.7585469900350653,3,1.0745109212547026,19.66723308354575,16947.701409236153,1.0
1272.7295927091802,0.04191595739632763,0.055039677834673686,2.040767740130225,2.2671615995198358,4,0.017920364625104778,dispersion,31.31314891406819,361481.3698122972,continuous,rushton,0.7645273561623809,3.7196306506523564,0.3804402068772594,4,0.47422950208429243,23.96263293191878,306636.22450189886,0.9417664777532188
1085.999930201405,0.012934859234472285,0.06771387888588275,2.6980646420339145,3.747071526372728,4,0.23439154030582426,suspension,18.935451110268946,156300.29554871758,batch,propeller,0.9243713173802812,4.549974869446932,0.4583140614232123,3,1.0116622269013882,15.007729460812605,107309.88950111801,1.0
1204.1101138745394,0.051367327339698794,0.05805930582237197,2.263161374767591,3.1643705756929794,4,0.03634503513270909,dispersion,28.673089633180844,184830.15699695694,batch,rushton,0.6931048910928262,3.615308963851119,0.36483059384812494,3,0.9665897093490677,30.460025410350426,130561.06998200079,0.9669934050489698
1238.207975151291,0.018224768347890552,0.06306938208251764,0.896034283619445,1.1756279109745817,4,0.01831085424001287,dispersion,17.02442483569447,1626.3217003105171,batch,rushton,0.29104733619709017,3.0987872655833217,0.22458283142639762,3,0.30423133157693727,12.058716412728478,1041.6112319681824,0.9377639023308041
1050.797527588215,0.02780283260011326,0.05065039559408317,1.9185164366169327,2.2587945191196805,4,0.0,mixing,40.82119295385164,3552.0830926587983,batch,pitched_blade,0.756153320232613,1.8678506434590834,0.5137799156158015,1,0.0,49.162045568247116,1931.8433197830716,0.9498417801975054
1121.779952798611,0.060562198544747425,0.04807844027829092,2.115029309927099,2.8355358251525384,4,0.0015333489232014998,dispersion,34.08866127138216,98034.89309446154,batch,rushton,0.7768558203882536,2.6639310828691625,0.5442638754559448,3,0.7069791887248156,37.52281309449755,78487.22177581611,0.9128302412451803
970.560909941766,0.028820248142651318,0.06279989153162308,1.0587465526852688,1.4516724711630464,4,0.015577906919698042,dispersion,32.33686311946471,2415.3422321406347,continuous,rushton,0.41924392448973596,3.0247913261923753,0.20019351272794475,1,0.0,26.681468553208465,1542.397809221493,0.9729699059716069
1210.8610997628039,0.08423703179510278,0.04373132945819253,1.8229405480946546,1.7075076530309918,4,0.0,mixing,64.75774274289003,1075.3719891562375,batch,pitched_blade,0.5518613655828553,1.793506468485803,0.4005559454120304,2,0.7033215156517941,43.968518301271814,900.4068103993568,0.9489130386973185
1005.6562654325819,0.07999547760070802,0.059026759017690014,2.442948707078197,3.4721166143640243,4,0.0,mixing,26.314752253830903,2000.8044285112744,batch,propeller,0.537113316428838,2.5233364330500625,0.4772336132970278,3,1.0105720628534276,31.62238267838457,1003.8087200553765,0.950562998204484
999.7342916761785,28.080406449078687,0.04856104634772904,1.099526360759449,1.2493508868808418,0,0.0,mixing,272.5655450388608,6104.356767443432,batch,anchor,1.0066830786139045,0.7240174690518179,0.054976318037972455,1,0.0,329.94558225404813,4563.075397001545,0.4924552865180745
1047.3484330374058,0.035356064971055444,0.060865551462555734,1.6449025254154521,1.5253977122706057,4,0.02278703653997471,dispersion,26.522267123016707,35143.01537621001,batch,rushton,0.5642388275933615,3.3590614836758728,0.265310547403409,2,0.6512201014878962,26.07171756584454,20373.415521102725,0.9121925550458247
1014.590872557592,0.04016160263230783,0.059867638642701296,0.6170123545386761,0.7535370200902456,4,0.14638903216093724,suspension,6.0788629391999365,111.41074729265706,batch,propeller,0.27382907923507815,3.0525554848604206,0.12447778447386065,3,0.19543916294320335,5.870004804047743,65.52088421794356,1.0
1051.2060429345395,0.04884298572675329,0.0704011028225323,0.7705760920921705,1.0115322290130817,4,0.0,mixing,10.635576257157755,109.4297050445238,batch,pitched_blade,0.30113691761922473,2.190964101324127,0.18270486309858205,2,0.44059891396656725,12.62127017034559,70.65446206822322,0.9596527099891154
1213.1342215817215,0.03824336977022364,0.06743169640820953,0.5253439228517491,0.670160957322014,4,0.22580984922653485,suspension,8.150436555962361,10.96488641562988,batch,pitched_blade,0.13750006500134523,2.8910303802641386,0.13741810215507108,3,0.19351963788692506,5.876111238668604,5.820073611124036,1.0
1269.5235518336326,0.03749355137321752,0.04556245277230414,1.6399621237351507,1.5984145306950415,4,0.0,mixing,17.171576157183864,5356.515666289648,batch,propeller,0.4905349262578955,4.691643112087403,0.315995216873287,2,0.605314942008919,11.465550751679428,3399.1887431456635,0.9434421787473757
938.4308528688402,25.60450664309693,0.04851717818764838,1.5796200028367433,1.9382266745231822,0,0.0,mixing,1484.6819843561018,4309.602303709686,batch,anchor,1.4767971106421518,0.3168282017997413,0.07898100014183718,1,0.0,1087.098234980871,2270.451903643485,0.5105603735938905
961.805883262459,17.288341561481392,0.052845386862191326,2.675064702142844,3.188761727744594,0,0.0,mixing,1536.42965790366,16604.145732231616,batch,anchor,2.334313863595197,0.35920071121051994,0.1337532351071422,1,0.0,1655.4708351041065,9074.361778557603,0.5034406227356094
1043.0926701662938,0.08575965808672464,0.042197695537573444,0.5826480013627867,0.7245941533307142,4,0.009594713606270372,dispersion,15.718410685053875,46.38967901046115,continuous,rushton,0.17964723018805123,2.1321308333512934,0.1303625019044546,3,0.1878369598553592,12.764838613546027,28.178579751428476,0.9709780743034316
926.0310508710063,32.278993776327724,0.05720119791518809,0.8490069644656226,1.045736467570815,0,0.0,mixing,207.77882496490233,2769.1343132705347,batch,anchor,0.7384464861587978,0.7298200385873789,0.042450348223281135,1,0.0,233.33462152500167,1935.1822031063973,0.531898736466814
1053.062201525655,0.09525297187570371,0.04835750668853091,1.5289645570786763,2.0757261282323554,4,0.0,mixing,14.09959338910023,71.3658480846147,batch,propeller,0.25957508114163513,4.657878825402118,0.24217442560164232,1,0.0,13.789494902117598,54.045270062518775,0.9349924938334704
946.6583658976745,0.06447779319201905,0.04919988124149331,1.1586390671400564,1.2716251491969108,4,0.03625578444114886,dispersion,27.432515656092157,3348.7156165553056,batch,rushton,0.3761995890752437,4.069666017378099,0.2056318906278497,1,0.0,21.979071269254007,2028.4501160567834,0.9822688192045071
1030.5432051170303,0.036927025942369046,0.06938955947558148,2.302405409566778,2.567350998890309,4,0.2511771471452967,suspension,41.45957092878069,28766.58997300156,batch,pitched_blade,0.7701624697182996,2.742575901333396,0.36026001636289307,2,0.9940618514166807,34.567600012740996,15121.065385408383,1.0
1084.0818011886713,0.07015616427824947,0.05106230498082746,1.5618942338014752,1.7732546383913546,4,0.04904904705079072,dispersion,31.86839485326779,35571.089625517896,batch,rushton,0.5354350665304113,2.87414059477854,0.39987106781723525,4,0.3336762044467539,23.29617792874768,20991.94949693908,0.9372839488690473
1187.7834425328122,0.06266459102883658,0.04840125490076791,2.599469059640454,2.5517516123672754,4,0.03054745165609681,dispersion,68.15793444292613,91568.34558309107,batch,rushton,0.8304883843025681,3.0100980501442285,0.5519689976508286,1,0.0,59.054965314521155,59133.90485515316,0.9897871911716322
958.8655530743777,0.04018091418067125,0.06167534813168347,1.2247665705386894,1.1253583574885886,4,0.0,mixing,25.952089689360392,152.69989045687643,batch,pitched_blade,0.37138950257662495,2.354151197076376,0.293702908055068,1,0.0,27.701574112997978,102.29619632507884,0.9643855047384063
1126.0197785008525,0.05146516815853943,0.04466994197701442,0.7835787784149988,0.9334973371331295,4,0.0,mixing,8.320815457936792,11.505307669258219,batch,propeller,0.1706924063260441,3.5843733986079354,0.1751222875996355,2,0.40334168696714584,6.561691975035255,6.204495169434703,0.9655471012547572
970.9068310467793,0.07937712637255429,0.04119059322347006,0.727923838831881,1.064615833215767,4,0.00835191037206432,dispersion,16.637225805762768,818.0950302793296,batch,rushton,0.28851416866181295,3.3032455727722794,0.20016881462354222,2,0.40669811421588303,13.250206144438735,681.9355922299061,0.953492236950024
1253.9662652737927,0.006376717310210028,0.04442888956851846,2.2610725838751957,2.649912955545408,4,0.0,mixing,35.18956648571035,6048.7867034730525,batch,pitched_blade,0.6951960764607236,2.400986454890522,0.34868113773643405,1,0.0,42.665776102657865,3447.7147171403744,0.9447126861297319
1199.9688646003033,0.07720564149195969,0.04189859730319896,1.4738648954993705,1.4030950844085255,4,0.013421060898064302,dispersion,45.96807223885806,27587.536296239432,batch,rushton,0.565762197929279,3.1783064358996356,0.43520757459839593,2,0.46792577411517045,30.774205115262806,22640.40278463217,0.9571075242134018
1157.7494112713948,0.04829226530978744,0.048923550663622466,1.7489384458960975,2.121273917695786,4,0.1011055344725524,suspension,17.762585913988733,23315.820649477133,batch,pitched_blade,0.6899662986033516,2.7221679104505996,0.4849672069712984,3,0.529006660888378,19.586358190022317,13534.671712191483,1.0
1182.5958874402754,0.06043231280975396,0.05563969597876599,1.4462664912215757,2.0524607171961615,4,0.01154505097056886,dispersion,33.58135962296888,9368.995587421772,batch,rushton,0.44977477935628757,3.2612110037673565,0.4005882517785501,2,0.8389932858016477,25.394412562301092,6501.089568313731,0.8978526894186303
960.3679021317565,43.77851478029756,0.06284189485448483,2.763981623106914,3.948297341385223,0,0.0,mixing,2333.1015415415122,46359.80795234312,batch,anchor,2.4742565923964746,0.35604412813546416,0.1381990811553457,1,0.0,1616.2938389410199,25944.349983453085,0.4955823358689828
1099.9526658918364,0.0943336946760936,0.0505016942273751,1.7699146086249056,2.0942227908324016,4,0.0,mixing,30.766372040485795,759.9563572766991,batch,propeller,0.43524155723983377,3.8001281965523694,0.49625073164170075,1,0.0,23.823334211738228,401.44573233817067,0.9375724678390497
1181.5270968081427,0.011019262995684339,0.049097557901168556,2.689314379166106,2.890566810883638,4,0.12402197966364949,suspension,18.192063732991915,486602.94485177135,batch,pitched_blade,1.0519188942311957,4.679974659309713,0.7071992655732542,2,1.0203590055661942,19.329653510025608,397880.7911635922,1.0
953.3396820721973,38.19027613388954,0.05923587575090803,2.4829959355178914,2.466378635707275,0,0.0,mixing,751.2562171450356,120730.3917897322,continuous,anchor,2.2488164118220717,0.7091189137876405,0.12414979677589458,1,0.0,802.3865442108928,68917.18766643501,0.49030711620768586
1159.6388047054131,0.002782679038990696,0.04677870276667236,2.396385485536462,2.7807724416515027,4,0.0,mixing,59.96371088758071,6236.181088831843,batch,pitched_blade,0.8469511389704888,1.8110259632277104,0.4323888656616063,1,0.0,47.26628020983946,3455.767505516611,0.9387379984503939
945.7810788679559,0.047203954398127114,0.05263988192552201,0.841154075534621,0.9645445505490194,4,0.0,mixing,10.045192088911751,5.006901495798716,continuous,propeller,0.1399373314622794,4.791649900489335,0.17519584807018926,1,0.0,8.762172798528194,2.6080371277055976,0.9694993568886826
990.2436816927377,0.034814729465924635,0.044899939566987415,2.209281782392109,2.9966175364095524,4,0.16716056408534896,suspension,21.662818101748375,30739.901685311193,batch,pitched_blade,0.6780950488476762,3.727078915645459,0.5525287618756518,2,1.282347498578231,22.624878302432016,17416.782027424208,1.0
1122.38839641607,0.02570274205027146,0.06736997337198085,2.339949460036691,3.4452948568415214,4,0.0,mixing,35.774769553590254,23742.430149473497,batch,pitched_blade,0.7959385080771672,2.223273755239127,0.5505096410774936,3,0.8906342449238889,34.28769765529572,13326.198924987397,0.9852180477225521
1193.9702355110799,0.04453668457270232,0.0711684528142536,2.1476480820063832,1.9593547990275206,4,0.11363680294650229,suspension,17.79630960689516,16938.268199174334,batch,propeller,0.6490218742939651,4.16198773405896,0.3738404560715868,2,0.8479139402423769,14.701991432098602,8806.611767906368,1.0
1250.9850102973292,0.005032593215744103,0.0647358526432441,0.6166172606465319,0.772778717172557,4,0.047139538206383114,dispersion,11.539781073313344,203.0532131347901,batch,rushton,0.22046247552013973,3.686044685746878,0.1090830210661996,1,0.0,9.18867959629284,157.4612806885664,0.9914079721782124
1079.4682480619535,0.011759660073850299,0.04142263924596418,2.9987235107364647,3.2434641156149615,4,0.13560877241545943,suspension,49.58378297750963,56218.203754726645,batch,pitched_blade,1.0573028764399608,2.709013462434943,0.8961909408823028,1,0.0,55.9597685226929,34524.45570870817,0.9918401519631385
1256.9224912927439,0.09237620667888431,0.04789381943781318,1.1470872954627929,1.6144926796584258,4,0.025899588627704775,dispersion,18.682260192585122,4728.023014687173,batch,rushton,0.3482017803968305,3.1755627659808283,0.22023692151189916,3,0.4985386326556582,17.514248798677567,2530.1812067817364,0.9584290148111068
991.8926106451174,0.01828398580875655,0.054480268755024916,2.8607743487978503,3.3268144425484762,4,0.07953155665363089,suspension,30.420285387006597,235714.52149327888,batch,pitched_blade,1.0443357898180616,3.7542897921305185,0.8146093462232494,2,1.3061739047605563,24.58533067417506,157225.52417211136,1.0
1283.9461429988917,0.030486185955914773,0.06626354516559937,0.945120738143886,1.1222468311061453,4,0.23733299701768512,suspension,6.441198984844134,378.2246075763702,batch,pitched_blade,0.2369408203611445,4.91684393668019,0.21459419334235164,2,0.4315118864641992,6.5249285504145735,319.44332372426885,1.0
945.7582229605102,0.016826414815038594,0.04869426391272545,2.330397748751813,2.2450186740142084,4,0.0,mixing,61.857278054099794,2082.6762468019124,continuous,pitched_blade,0.7506477987919818,1.7662080655572703,0.5995664821080261,1,0.0,69.67719749407,1416.0801272989333,0.9824384825591046
1006.7887141384693,0.02806062606200926,0.06587198450850346,0.5071782777370324,0.5866775762302123,4,0.0,mixing,6.614893516834477,3.7075342355409564,batch,propeller,0.1452907742022078,4.104533060448052,0.09141301479990847,1,0.0,5.486854619782412,2.0447236634510477,0.9515592279492008
1180.979829274714,0.03921731982830985,0.06540424596016518,0.559230688290778,0.7778632763040282,4,0.0,mixing,8.407859927818226,1.0224970067707007,batch,propeller,0.1123241631766004,4.070577519442826,0.08992393952136189,1,0.0,5.633540325965663,1.0,0.943169723712372
1050.7668593822207,0.09592034756502474,0.059192948990562724,1.5605665425830937,1.7157912547905414,4,0.03940220168491551,dispersion,41.53560749125792,20711.733372941326,batch,rushton,0.6060509372196388,2.2221847743265024,0.2937946203186585,3,0.49444048132843427,39.28624071810508,14915.41904884589,0.978978680495017
1173.2208868154896,22.348793048345776,0.04439032986792529,2.72925452806301,2.515383663076264,0,0.0,mixing,905.7638401114,78576.1519263481,continuous,anchor,2.444685620515109,0.6070213109234734,0.1364627264031505,1,0.0,865.1315481073857,40338.509994094165,0.47705467017077074
1090.1953351179382,0.006820176495134588,0.05443415652654267,2.5453737710383386,2.9876342120124226,4,0.04461885519782835,dispersion,57.191844488146344,63570.36172529155,batch,rushton,0.8347400490254833,2.6882380311263603,0.6573897670143709,1,0.0,64.57418522943944,42026.19818006747,0.9209964125957947
1112.6320843989258,0.016577109343031037,0.05939127227353888,0.886809747522191,1.2537798057512461,4,0.0,mixing,5.974307802697329,56.53397414805941,batch,propeller,0.21686933090582988,4.066932689188035,0.23144332779564641,3,0.36399107341426445,5.466596711771009,46.47729484818642,0.9474784892726018
913.8286653272926,37.84344176227062,0.04880418417044288,1.9448639285240632,2.6911091865452623,0,0.0,mixing,678.8985474601009,65164.49462857743,batch,anchor,1.7586797794411952,0.7360558436501783,0.09724319642620316,1,0.0,557.485632259748,35937.74844700945,0.49257226717625147
1044.8490123389793,0.0018376903898437596,0.04193967920024006,0.7460239853001169,0.9448646425563372,4,0.004743101505559417,dispersion,12.60046239979312,869.6661093402273,batch,rushton,0.26303800312337716,2.9414590920562365,0.11378650306370242,3,0.2643373383523386,9.271112206376836,458.5266416892521,0.9557041185273151
917.5886672891781,0.09107707956568743,0.05891465030063539,2.194720063800814,2.3930111752280827,4,0.0,mixing,41.49379384598688,12784.504832311299,batch,pitched_blade,0.8410317419683415,2.1028442210703364,0.4582278141567227,2,0.9380808113007101,38.79300830534763,8783.943806522393,0.9470867785360513
1189.1626407859744,19.823074939736912,0.05218121368645251,2.0424331234420117,1.9127552120491247,0,0.0,mixing,917.2288035299715,14033.247263501115,batch,anchor,1.86992001416261,0.5033148114391247,0.10212165617210059,1,0.0,863.3861566705867,10064.4809910566,0.478214837597234
1152.7206185407267,0.07749660929718159,0.05777673302738673,1.8892803318534919,1.8795714588373738,4,0.00950204442460766,dispersion,46.45675441577686,59513.042133813164,batch,rushton,0.6437254074572138,3.410652769352835,0.3909652734339431,2,0.8016099652319193,34.37037572636434,47566.95310450085,0.9640313094388093
942.3283010818093,10.420746572198288,0.05605775408243417,2.0854647236241464,2.114776797333736,0,0.0,mixing,567.9227755228148,23579.908132175668,batch,anchor,1.7984018093633147,0.8127244850659496,0.10427323618120732,1,0.0,472.45799784954573,14714.48799832637,0.508460719494608
1147.98827224657,0.025202134201718216,0.06383011742003666,1.1436747330713106,1.6975045528415333,4,0.20460060947706576,suspension,14.303052569300645,324.032392641187,batch,pitched_blade,0.3230484543335638,2.639788545936568,0.34025121328098734,3,0.4882306733618022,11.715625193477461,276.5277043320543,1.0
980.7273974252181,49.78427881048782,0.07051203247450145,1.4273398003041635,1.8919922758881589,0,0.0,mixing,1040.4250644659737,2500.8430172978033,continuous,anchor,1.2714415695860142,0.25967280292413764,0.07136699001520817,1,0.0,1184.1290967701161,1930.131077706715,0.5298660312425151
1029.902657502094,0.036096752961657326,0.05691039662408433,1.7940177375472182,1.6613537787279762,4,0.0,mixing,40.39621705892247,2469.268745492622,batch,pitched_blade,0.6392944177365075,2.290885743700134,0.38694367976314925,1,0.0,39.22844205625925,1443.9449809686023,0.9401960777304396
1160.8714421165462,0.08038067861838873,0.052728791076555204,2.8432782599283097,4.191629823517336,4,0.0,mixing,37.43072519302593,3050.1106468212724,batch,propeller,0.5392251165325055,4.021534346856195,0.691916713027407,2,1.6874841830311924,25.842839330461132,2741.763970629779,0.90365143499585
1044.0212509976511,0.03509339951028283,0.056867138853518795,1.6941299692681229,2.3552840283751832,4,0.12929242366455973,suspension,11.486389296853135,36216.0265333504,batch,propeller,0.6974561676464704,4.96835040906914,0.4439699501378981,2,0.9753023981313971,11.530165853129134,22148.95994688528,1.0
1068.049801195649,0.01735864270733847,0.056279047142443514,1.1512935129813304,1.6662466116980301,4,0.09225908663490763,suspension,9.165217165860879,6037.395272749819,batch,pitched_blade,0.5122701977311458,3.1036952130384545,0.2718036977923807,3,0.48311590766989043,10.814490208734986,4492.96908893555,1.0
1119.4207930478747,19.748834376243927,0.059090574572169326,2.434738812719638,3.2482360099553884,0,0.0,mixing,1136.9593034331672,55636.73347887378,batch,anchor,2.243441241088632,0.6435401160232964,0.12173694063598191,1,0.0,915.152594419476,31879.241948530438,0.5230977062145137
1120.0149810844396,0.09100328303571384,0.05167192576930248,1.3919810313331373,1.3995314087481958,4,0.0,mixing,24.498418438855467,30.49441421724667,continuous,propeller,0.2914792810624598,2.7397453620021026,0.32109795501695954,1,0.0,23.26316859223426,23.034060455456178,0.9576885887523932
910.8559835536721,0.02047904803097514,0.06626277389157578,2.262906067889912,3.3520161342749946,4,0.039301815882292174,dispersion,34.737828270538984,161833.57186680447,continuous,rushton,0.8973733464276893,2.5340905721421265,0.44698790462146204,3,0.9933643205187124,39.05059849993033,121506.96150367054,0.9391969289185506
1218.7566955363154,0.07375936676046359,0.06682597606743065,2.659648484602457,3.5778385372939794,4,0.0195692562210286,dispersion,40.312246225307355,1091787.9888208017,continuous,rushton,0.9955467064089748,3.9452089027891977,0.6098205999376451,3,1.066539943747641,34.46066232512381,936152.0509005557,0.9502877938630446
1187.2598545994585,0.09678764852193357,0.04778831026515906,1.4538541265697402,1.3322683870291752,4,0.0,mixing,14.865343203338284,1049.7665411857292,batch,propeller,0.33875674298782343,4.966779947578203,0.2916299743669396,2,0.5185192816258262,12.100597430217787,549.6955732538966,0.9496494350343564
983.9678253295752,0.01744402006097309,0.04396435849708247,2.064781363413469,1.9855281048182174,4,0.0,mixing,32.374870070707026,17140.200110208647,batch,pitched_blade,0.8025851804152093,2.516038747163505,0.3708542689941708,2,0.7403758410017889,31.491407640243448,10994.288261861888,0.9479117791772865
988.488556009831,0.02203917290930874,0.05181256582984859,1.4570620669253247,2.060341760530914,4,0.08126600577029054,suspension,23.6514474184313,6433.896477266807,batch,pitched_blade,0.5344567628914442,3.516592845150042,0.22125549362934227,2,0.8778590116654857,16.164540058930406,4334.592961109036,1.0
986.8185212633039,0.053453123806378275,0.04971464016744507,1.6545318361573313,1.7151620257522702,4,0.039832865950296094,dispersion,48.347638546547806,23245.001913554475,batch,rushton,0.6607316121170885,2.176718980962421,0.4489687015935752,3,0.45067142216944817,36.57213918094155,17290.12881685524,0.951057026197379
1091.9377921509567,42.01056775363886,0.058360983906037646,2.42258556926154,3.16314651601237,0,0.0,mixing,1114.3613562746898,41315.69705066788,batch,anchor,2.1230302697461148,0.48592033262329554,0.121129278463077,1,0.0,1137.9378497461905,25587.036349871993,0.520916611835214
917.9077959953661,0.05725076629829386,0.06052537294442995,1.343700057686183,1.3281141585802114,4,0.0,mixing,36.11544940858413,506.3879361517277,batch,pitched_blade,0.48163483383259986,2.2891872526910624,0.36411582436113193,1,0.0,28.747505835221844,347.02167766001367,0.9095382949393388
1247.3766182154875,0.04989010839741017,0.04930676961107291,1.647110466147687,2.3236700103816603,4,0.12928191863913352,suspension,26.161053966458073,7244.575589948223,batch,pitched_blade,0.5601955401040831,4.163967917808138,0.3514152268201724,1,0.0,20.155464416672164,5839.564971400192,0.9527518003989056
1206.187353772002,0.08534756533252834,0.04303619771749339,1.3482364717332844,1.831284942195281,4,0.036198615056498316,dispersion,35.23261553095314,24508.029047297383,batch,rushton,0.5026628507774098,3.268671926310534,0.3508185767066093,3,0.5427646213036976,23.997682729984668,19240.471218982384,0.9183408916055552
1079.7180251546017,0.08000623071406535,0.05826312617341341,1.5435395629963953,2.054080071874707,4,0.046585724002462324,dispersion,30.066240580753938,5630.951297166435,continuous,rushton,0.49343860213879603,3.1194085527143445,0.3481647739872303,1,0.0,37.39528066538885,4677.113468805157,0.9291155596884768
1030.0372652324581,0.022384398390811834,0.048283294077564404,1.3920691816449342,1.30906887840495,4,0.2224850074030182,suspension,25.79949108102986,1268.6519017215187,batch,pitched_blade,0.4205688770699222,3.312325028028029,0.34638302069295424,1,0.0,19.009597448880537,647.1439827194288,1.0
1181.9187753139609,0.019340743959981144,0.062161713449532946,0.5140987120562924,0.7656589974665344,4,0.13597704886623024,suspension,7.406767207720703,22.42446376234132,batch,pitched_blade,0.1698920034906072,3.8594220547304463,0.09050586667786263,1,0.0,6.066123701688647,12.228818891462119,0.9901773039486946
1186.2362853156062,0.02036931401225205,0.048805233589760355,0.9953521585799856,1.2086255833269752,4,0.01069262377279996,dispersion,21.56743725291362,802.0578552637159,batch,rushton,0.31210524175181753,3.400059854860205,0.15331752301593576,1,0.0,22.573188836868965,628.0341016882692,0.9604465508570919
1212.778110018513,0.06297112702423616,0.05166643992777819,2.616238365633496,3.247863886500245,4,0.024102994913969375,dispersion,43.56932822893639,557563.8194324506,continuous,rushton,0.8607140810748226,3.4997379953177425,0.575091310317755,3,0.9777353533459295,37.10023742548218,356830.6298496064,0.969223144274357
1115.0823940214934,0.04538198410609718,0.04156351701625757,2.2793418233615474,2.121092560975415,4,0.04540207810227539,dispersion,35.06366572897516,557978.9564402755,continuous,rushton,0.8852946050320335,3.776667914765038,0.3495617305835089,2,0.8968250145036001,33.37944107063882,297744.1746781061,0.9290763556053881
995.7711351010126,0.0759274612648753,0.06271559357527995,1.4810421255426351,1.9165466615849953,4,0.0,mixing,31.13932137291307,1209.1771931184214,batch,pitched_blade,0.5538764258180761,2.325436892099695,0.2573125964834414,1,0.0,35.31724587388261,747.8624725780395,0.9616470521473424
1006.8365106549652,8.078118576444387,0.0665257914075989,2.115447921525189,3.1527298822636802,0,0.0,mixing,2329.900234569576,1457.4726797389162,batch,anchor,1.943473552308236,0.21948899267130648,0.10577239607625946,1,0.0,1646.1874875863873,952.9611984561449,0.5070292972316396
929.0365705294661,7.194175438450108,0.06518624406167547,1.4864250257207758,1.6827724180878099,0,0.0,mixing,939.1489484847472,1395.9080502060588,batch,anchor,1.3050872360206989,0.4350047505962789,0.0743212512860388,1,0.0,634.7390045610013,922.7768714145055,0.565877082167363
914.7406162440212,0.09309395981179562,0.05257222386065286,2.326771358503911,2.5816962707914146,4,0.0,mixing,102.00289967877086,4673.2227954889095,batch,pitched_blade,0.7977935684539358,1.9203933486434253,0.4228476120203077,1,0.0,71.27029413390115,2784.758924737466,0.9542396509954322
1260.7666651408817,0.029220244323180336,0.057498139784696665,2.6948172295417603,2.513359707623225,4,0.0,mixing,39.09403032106189,2863.122808903838,batch,propeller,0.6212207481612996,3.3495358401082322,0.5110651830556805,1,0.0,32.50300057456045,1859.0932580014744,0.9808811609600104
956.5037903624374,0.06593430984671153,0.04883615576488523,2.425231347397722,3.488127562031602,4,0.0239532182292614,dispersion,100.36625023151036,60113.97422224451,continuous,rushton,0.9272563061373376,2.3311340237533136,0.4254246005042203,1,0.0,72.29753146983828,37984.02572721147,0.9703132456677133
958.3572879116473,0.09576469577172463,0.04253502563433912,1.3763016122432945,1.532899757027296,4,0.02129012782157895,dispersion,25.786142982566442,8331.357622768273,batch,rushton,0.46504328781780396,4.042909529428927,0.23102487810349726,1,0.0,26.945780408106906,6241.981314912554,0.9439976981402997
1195.3275747809598,0.08992534714720207,0.06737387806838412,1.4747850816088586,1.6099465321421735,4,0.0,mixing,45.50586450540453,1172.4685155920288,batch,pitched_blade,0.5558967064523967,2.1592394074985912,0.29229623552450834,1,0.0,37.82936443991885,719.1988757198974,0.9247465097596335
1194.9058080367372,0.030154724240736095,0.04304505514895245,2.588920436434693,2.650160591712612,4,0.21454843633246995,suspension,54.19845059055563,7192.581515772672,batch,propeller,0.886177664622989,2.741309048264112,0.46515306434504416,1,0.0,36.256630273037366,5775.458719510173,0.988200735505401
1233.002969150731,0.03605915684275403,0.06073245445322111,0.5241576344006206,0.6082793108335014,4,0.08355140667634108,suspension,8.488313927821153,16.806197195214757,batch,pitched_blade,0.16854315591075267,3.059356983924344,0.14781685574711384,2,0.24491734824987718,6.792929784238472,11.732223428553556,1.0
995.9712530986026,21.501088178511576,0.05005333158104275,2.0079475747789743,2.95869373129095,0,0.0,mixing,783.3881428837942,22514.71347988954,continuous,anchor,1.814880325136084,0.6541092730288011,0.10039737873894872,1,0.0,652.441958947608,19844.17836968513,0.48519651791411544
901.3927694738447,0.009829514511738548,0.04680933094532835,1.9952001477795507,2.0079698237311527,4,0.24532612931996284,suspension,23.301753960861717,4630.808040378298,batch,propeller,0.6398506602375251,3.652142190732756,0.4553187019080636,1,0.0,20.22676230730982,2405.929812751331,0.9934585496556578
1017.4365238638852,0.013951759036264295,0.06529323168142105,0.9018223579442326,0.8233563502404073,4,0.054887492910743255,suspension,6.5386915189861,762.9018978624712,batch,propeller,0.4058159163746848,4.405575659048802,0.25687672089670294,1,0.0,8.00490778869861,491.7547884188263,1.0
1077.5162293917333,0.073820971823964,0.05704096413391786,2.911134276982769,4.101687263757473,4,0.0,mixing,67.61689389560075,39123.772028032414,batch,pitched_blade,1.0432459204901274,2.2195878019832813,0.4625921388727417,2,1.8917095067251815,64.16085284329989,35003.04179464907,0.9426980404797849
1084.8421300794732,10.277087014708973,0.0453398758242696,1.0755283969483407,1.4716541138002652,0,0.0,mixing,471.22780899870827,643.810302635828,continuous,anchor,0.9971533349225501,0.42195932360918587,0.05377641984741704,1,0.0,566.461481287915,459.77532733690026,0.4930181167332017
1229.0578627340756,0.02753979945856078,0.04413651026865277,1.458879742335059,1.8805597074610503,4,0.047327322227200444,dispersion,24.774305187364718,28998.23870565391,batch,rushton,0.5800690811076247,3.155939118410821,0.3352392853034904,2,0.703837387964449,24.557442450501654,22322.73132636684,0.941187276912272
1019.6556364208443,0.042857795534494876,0.050289891500377014,2.7850914170744465,2.9964590365262236,4,0.2733439539709381,suspension,27.958144964811787,106910.88205385559,batch,pitched_blade,0.9413595465299588,3.2394121628529526,0.43306846185847814,2,1.316014080733644,32.7777290132066,75112.12536745626,1.0
1261.0905915066796,0.001888499872528533,0.040897681799942444,1.1463449169772546,1.6142363319040773,4,0.14174237352659153,suspension,14.035273316707913,7356.998757667144,batch,pitched_blade,0.46785762777989875,3.886149249976658,0.1970085037715175,2,0.7791481109288482,10.208701998869293,4020.0702571742945,1.0
1019.7113488488282,0.020817939377202735,0.06251859632522525,2.995382501531732,4.465261231594088,4,0.19999970213992302,suspension,24.86107671675306,954770.8202355754,batch,pitched_blade,1.0926337339595544,4.743304422843253,0.7991416033610946,3,1.1157674898550891,19.61354585252942,647856.7880134077,1.0
1017.5121167060283,0.03658421764777388,0.061914619926431144,1.2997139767675394,1.7482888886848458,4,0.2611389973403822,suspension,21.645095527954805,745.1925582133105,batch,pitched_blade,0.3608166459469813,3.543340100433504,0.37971760964027645,1,0.0,16.76129081236582,392.5706563955762,0.9924258389578433
901.0314441946344,0.09497398108031166,0.05590148903204629,1.9315546790329896,2.170610613431,4,0.0,mixing,31.078328716966762,1911.8413367534297,batch,propeller,0.5548331180543364,3.3178916521451054,0.4908767692695241,2,0.7985258437340438,22.62137764951979,1470.4199732168079,0.9340171233394305
985.7023291733848,0.07954643372841817,0.06437637137030665,2.4410111586295082,2.4054523510168386,4,0.0,mixing,21.536318948365082,8084.485734383431,batch,propeller,0.5209270672698589,4.978715741987727,0.7085774848950204,2,0.788257817690014,18.594782092743582,4056.97685720367,0.9474970882257767
1060.6283815213187,0.02690149230080897,0.05497577492407342,2.9091436065269827,4.209217551198246,4,0.11634163735839496,suspension,25.044403503768287,299032.48145338596,batch,propeller,1.3073223415747355,4.17450023795243,0.8076076045381071,2,1.5388219669197745,23.670648812719275,264971.5922009477,1.0
989.9164407472285,29.622839441683073,0.04791434475327256,1.2944286063487578,1.8098068386184696,0,0.0,mixing,622.0073624925926,5292.015751572536,batch,anchor,1.114682322260144,0.5517632977166956,0.06472143031743789,1,0.0,565.8740884858497,3395.523475722079,0.4973373625652614
1049.2121556377163,22.306264451327817,0.06131619534894111,2.4483541274505507,2.8293064223880284,0,0.0,mixing,1921.747989952373,10086.463840351806,continuous,anchor,2.138826140781433,0.3491258126390564,0.12241770637252754,1,0.0,1736.8551929248972,7901.604466843519,0.49365940760420335
1059.6890900809976,0.03992449205301545,0.06741168455628643,0.7946886768923997,0.8420280431331572,4,0.0,mixing,19.30469559954334,16.607235457139524,batch,pitched_blade,0.2504887245003133,2.267024049605493,0.15906363402992554,1,0.0,17.419101628059245,14.042030712185376,0.9651527565903149
1083.1368773973506,0.0911742835552599,0.06611973477594471,1.9569547555273994,2.3970151250874694,4,0.0393389337605517,dispersion,32.36520141797219,50571.08303510308,batch,rushton,0.7132348672221887,2.5642848336552593,0.5450651807180804,3,0.5885765040100925,36.59949609883257,44944.56693617562,0.9553244596926912
1040.5770458131465,0.026216312676459363,0.0701461674774835,2.087069031362138,1.883200641731648,4,0.014060669679633948,dispersion,35.69307217418965,110112.20034531906,continuous,rushton,0.7779668886604819,2.7659730036262706,0.5295157916270213,3,0.41081762794097876,32.468194558555744,85995.97023376507,0.9643145456214954
1182.671686590327,0.030170952796685423,0.06442637956945108,1.7622868429266056,1.8218408056399562,4,0.0,mixing,15.841964386827032,5505.026201356107,batch,propeller,0.5194695742007026,4.232845086636075,0.40724675325213067,2,0.6703817433276843,12.730725814666691,3124.6624781409637,0.9649335260781786
1051.8204428298711,0.010560882717232517,0.04867637497256795,1.385411437415156,1.648694218916428,4,0.2510428336007434,suspension,13.80113657481339,8163.328549204852,batch,pitched_blade,0.5364565427749598,4.452583518881056,0.4042102840760974,1,0.0,14.148074342942213,5106.3441814882635,0.9833522004323624
1163.731071105701,0.04611398914209719,0.07112985771420983,1.9450981197998298,2.1211935640402184,4,0.03241080201356903,dispersion,47.15313672504915,42673.25620650512,batch,rushton,0.6327528926153502,4.139375790592295,0.5223391583865353,1,0.0,36.832881562099175,36129.89948145241,0.9233560457341797
1035.0184986775835,0.07215731739306706,0.048343551928214865,1.3180146223813414,1.8791412469112607,4,0.03706806864749329,dispersion,34.810769367128344,3540.091841158536,batch,rushton,0.43083620725331656,2.0738616251099917,0.21887028045002366,3,0.5287037774960252,29.428339618001683,1907.5979198629052,0.9680289340067072
1004.5025406443153,10.646679419653994,0.06534610800292151,1.1055710274329007,1.5532755064424735,0,0.0,mixing,323.9884632151126,1719.127216895311,batch,anchor,1.0216794715375686,0.5752489926530137,0.055278551371645036,1,0.0,348.75382113305784,1054.750434454666,0.4959011546727673
917.3327013842002,0.009266667843269929,0.04836192369460361,1.8548655804834118,1.8070493515764867,4,0.0,mixing,25.840768729049685,7990.877157550931,batch,pitched_blade,0.7006245234514108,2.5563069417727644,0.3542881782837759,2,0.6580150408630112,25.619818716763316,6159.094313703174,0.9689779096216701
1114.1976376137372,0.011210746420296975,0.06914478846981112,1.4586241980485326,1.886773037391449,4,0.007484461223906541,dispersion,22.508450625829926,12819.990024521514,continuous,rushton,0.5227824783393817,2.0832627134695136,0.2855398681968529,4,0.3890174058698827,24.168492974635278,7737.199674287214,0.9355398491455359
1044.8694703317362,0.01495774669926939,0.07151227296102006,2.6834343814016504,3.864919540240013,4,0.020546476376432834,dispersion,53.58734759326105,716762.5835066575,batch,rushton,1.0681094182441253,3.9075737492615246,0.7767602659766276,1,0.0,44.539448441575104,385151.1909439265,0.9309497686381298
1076.1507206339147,0.06959244253472956,0.04015204943879938,1.2401343195200274,1.5307965148599925,4,0.0,mixing,12.225953162677355,38.28514023149186,continuous,propeller,0.21776343690345232,4.057147925054832,0.2259627554511721,2,0.6170358557316246,10.036932265385627,28.876655661276978,0.9537243172471627
1014.7855746449338,33.10919114795497,0.06893843788987111,2.0348646578461262,2.9140091948097617,0,0.0,mixing,924.4039100977388,37025.87863741597,batch,anchor,1.7415471151285908,0.7251196746717202,0.10174323289230632,1,0.0,633.6950772424728,30158.22150508848,0.5110812967289174
1184.060975154397,0.08159898491579715,0.045144598547283005,2.6211416952877724,2.4962999505903034,4,0.025514363458818124,dispersion,87.68472143888086,117370.482518265,batch,rushton,0.7975688582296925,3.3498950250289536,0.5995661290441279,1,0.0,59.61512194994522,61361.00511129205,0.9276813228281725
1258.4734671886172,48.66896146758381,0.06966204145143126,2.420793087106957,2.472097676313211,0,0.0,mixing,668.0829979884187,161333.41643381873,batch,anchor,2.2864279680739097,0.798094311210813,0.12103965435534786,1,0.0,796.4248373483928,114812.00956627088,0.48261183110290656
992.898463196988,28.406745349017065,0.0704663161386879,2.744326840759312,2.9277441486338907,0,0.0,mixing,1146.677616683969,107170.63101439801,batch,anchor,2.339806906147293,0.6837700024559478,0.1372163420379656,1,0.0,946.468865837926,54419.705293908664,0.48741310778871205
1044.5687170234582,0.024853324715523626,0.04007227451520025,2.2746781360929353,2.4989916237282044,4,0.03819602534073149,dispersion,102.05532567817716,51348.53287536107,batch,rushton,0.8247034322773377,2.356063495481225,0.664458991987564,1,0.0,77.86498529984685,26119.545982000418,0.955641439924546
1045.9335434893933,0.03261355777232668,0.05806818982320945,2.665240432196213,3.0854594330365783,4,5.460371561709643e-05,dispersion,78.98366363635654,194489.93632366962,batch,rushton,0.9307255423172732,2.104543726375005,0.4678844518902628,3,0.8569279391414371,60.7256951201559,98217.38553397937,0.9749038530753745
1057.2906638404033,0.09097853159584919,0.064042794871215,2.839821778452448,3.5588407732501333,4,0.03515277835252646,dispersion,49.97708671504767,340541.08843769686,batch,rushton,1.0158432807910291,2.602078289912266,0.8016614635944952,3,0.9459544413085185,54.942985698250546,280339.01823561836,0.971252947280636
1292.1715650020474,0.05382744138772259,0.05357773975304189,1.0677194532319283,1.2486719273417508,4,0.0,mixing,35.594935163452185,63.14282585459726,continuous,pitched_blade,0.3724939137754794,1.6747552653207791,0.31686520647638633,1,0.0,29.558764913875272,52.04099221245372,0.9223453021114344
969.1947232197931,0.006000106925257074,0.05480678939503437,0.6627443869013162,0.7016659841218535,4,0.13478500176824376,suspension,7.087924985118077,12.573514099985323,batch,propeller,0.17159820973627266,4.647420824046677,0.15200012005310531,1,0.0,5.353013914241728,7.171965801518719,0.9715574262730522
1003.9838746899635,0.060484954024220494,0.06687664569133758,2.005487301830454,2.1610127683714824,4,0.0,mixing,21.694995869708848,3756.7762511988476,batch,propeller,0.5855686665354917,4.319388197133031,0.5829070000707054,1,0.0,20.401713766505498,2317.752510291763,0.9180455656425152
1277.6965944970198,0.04251810095061452,0.051397528685933114,2.2462859196695515,2.842160552340499,4,0.0,mixing,13.851435516779928,13720.138371416191,batch,propeller,0.5558688474321878,4.757070768930111,0.6146710991837586,3,0.7066203029264027,13.494842441432931,10130.52418873143,0.9471468377347141
1035.2059328631328,0.058772966868106256,0.059354385858437095,1.1392793840046884,1.1664563991989818,4,0.0,mixing,23.36485952129281,78.47547363683746,batch,pitched_blade,0.35234759390448545,2.13675427110085,0.2690072417405177,1,0.0,24.586354310243145,59.583600563382404,0.9910403924752659
1121.1980481230783,11.894913874574518,0.04744040425268284,1.4534748934201989,1.894188637789868,0,0.0,mixing,502.6959363562744,9567.975317407292,batch,anchor,1.335470989622638,0.8174111600268597,0.07267374467100994,1,0.0,413.8794823450791,6033.983269443604,0.48776808383241765
1150.202086166043,0.02743551682277029,0.058293357053697085,1.136661728402232,1.538122911572309,4,0.14797855183027792,suspension,8.616501316505413,747.4165513638089,continuous,pitched_blade,0.2918809855871637,3.497736249430408,0.2342480050445196,3,0.4270827485972138,9.793933808262068,386.83487942710326,1.0
1149.8968951148804,0.0453467963601575,0.046810017606444855,0.5549416973525487,0.8260539357561434,4,0.010135168045990618,dispersion,12.65377995617657,116.37274357832835,batch,rushton,0.18086362993488664,3.251160361686796,0.11409226325215187,2,0.3487018510773993,8.54218236490338,68.413606942432,0.9330071792972823
925.1682823597523,0.05782412533048263,0.06726191264933852,1.5360346560622047,2.1307571582467437,4,0.0,mixing,13.463730459551211,715.8130737987666,continuous,propeller,0.41095468774680366,3.3199095885144922,0.2921461592856785,3,0.5684438672566522,14.001347728414661,555.7826594710905,0.9540799892222143
1257.4944026689668,0.09261382736233845,0.04352720655506641,2.1710547908283764,2.439669159068791,4,0.026002465599704417,dispersion,21.56779130439621,285648.63623752515,batch,rushton,0.6641561251907011,4.072104659685782,0.4443758959966685,4,0.5431056502644254,25.779934136243664,196296.25516538872,0.9543020846884293
1233.3450597345632,0.02084892109117943,0.06201009368948121,1.1237504925831874,1.5234608542976866,4,0.038342409645397785,dispersion,23.738411124432787,2273.2403432146843,batch,rushton,0.4008864782029887,2.7417698283218885,0.3080497067769157,1,0.0,25.355431437301352,1293.0162296201374,0.9626812471215805
962.7861724595383,36.580731770744016,0.07119294169784487,1.1672707740774202,1.310708525067851,0,0.0,mixing,474.09433596723466,7873.7492102920305,batch,anchor,1.0414953552692001,0.6650224827625603,0.05836353870387101,1,0.0,440.878220479135,5067.534908634916,0.4760824274345693
1060.4405028880578,0.03558644652871873,0.06927804837665767,1.124482021512534,1.513234946444811,4,0.0,mixing,31.266112115571108,131.16221951389576,batch,pitched_blade,0.38897223175773665,1.674554542603251,0.23868156461467038,2,0.659408741508461,29.079905249883318,101.10737290210898,0.9749433383473847
947.7732347169224,0.03369985716639342,0.062136065076692726,2.925840478448736,4.203915419505189,4,0.14268446992126782,suspension,42.239250088722834,22108.074281691548,continuous,pitched_blade,0.7496536355263712,3.2707620168626916,0.6790518420716597,2,1.9100334845646112,35.76825560666577,19107.587267098537,1.0
985.6750505750013,0.028832998739233322,0.06237979775558545,1.6891302668787997,1.7145739441852554,4,0.25033942812904575,suspension,19.796764587515355,2550.7423474130082,batch,pitched_blade,0.4494033527524556,3.9614699779210554,0.42691157005685,1,0.0,21.645456652635314,1584.4386707240296,1.0
1232.7929096810403,31.72274715708499,0.05634106192149484,0.8521819917619468,0.7788058027834347,0,0.0,mixing,368.8742873919716,3450.777252815961,batch,anchor,0.7286793948141257,0.7692800987988107,0.04260909958809734,1,0.0,271.77424841770204,2021.305458258284,0.5069946563322767
964.272957111185,0.0451494228293647,0.045497462189226734,1.4322295648911672,1.7647847414744142,4,0.171154234773629,suspension,12.718916181650847,1259.2494569481191,continuous,propeller,0.392325046194314,4.392372121980163,0.23998064867221314,2,0.7504984124741831,10.568153144066189,719.224027049497,1.0
1069.186910184891,28.751315540683873,0.055894148302564894,0.7708066855947291,0.838314869735221,0,0.0,mixing,470.984542354209,719.780329441454,batch,anchor,0.6684352172630689,0.4239018415627544,0.03854033427973646,1,0.0,371.3353646124606,482.60177155219526,0.5132154441283187
924.3450332822805,0.05518545340955244,0.057282578185227015,2.956611880841645,4.072593526867773,4,0.03783761305641905,dispersion,71.93583534360363,321741.77106508694,batch,rushton,1.035934304012004,2.2979363207828185,0.8134964822203994,3,1.1803176413418224,56.344612014563914,187366.7080543835,0.951516091159185
1017.7522876892084,0.08294377556979465,0.04284192277714385,2.6420558384423605,2.907181207179089,4,0.04715721536957579,dispersion,74.09573170009374,142155.99435794057,batch,rushton,0.8173279397660591,2.5469780388373313,0.6562131580904852,3,0.8203569385074858,50.239061249245495,87043.63117712177,0.9615238937868698
1252.886406560638,0.07654417938732234,0.06064900888835448,2.46004000239227,2.8346447235373313,4,0.0,mixing,71.28053969317165,19361.707923444264,batch,pitched_blade,0.9686487324956278,1.8244901821221533,0.482583098031478,2,1.1340448670127945,55.861031712618775,16143.17913904309,0.94176663175046
936.3739284307915,0.04873076402236395,0.044894340410588096,0.6973491892580113,1.0260206862961363,4,0.0994639101964354,suspension,5.8852166271689255,169.5407445591282,batch,propeller,0.26579122267175787,3.8785773182188827,0.17317133732689688,3,0.29328901550813047,5.107836034608293,107.97186392434013,1.0
1220.7487731454084,2.2524285651360385,0.053328427797628405,1.207548304434623,1.25469717102143,4,0.0,mixing,602.7607805868314,422.9397196098156,batch,anchor,1.1222449200511804,0.46619537231453917,0.06037741522173115,1,0.0,437.1416388521187,265.0684905262421,0.5142392034268681
1276.785395435416,0.04016250242162513,0.042029587177706815,1.0175640016913978,1.4846476134354583,4,0.2271915370549587,suspension,8.698221975469945,5504.071646583128,batch,pitched_blade,0.435031104474914,4.012784261662314,0.17698347213482168,2,0.7080122083533984,9.523370119010334,3358.466387785451,1.0
1127.7255233645649,0.0946852273094271,0.04768827987165039,2.6504253908729174,2.843444408731309,4,0.0,mixing,32.66451422063662,6551.098161187904,continuous,propeller,0.5965973140468325,4.900058144875185,0.6210851365635462,1,0.0,26.50804142131566,4584.024866646411,0.9595923664729388
954.4750550166827,41.22246787972279,0.06668799874970893,2.2371490488569608,3.0185563101861654,0,0.0,mixing,895.2957917248145,35345.292329893295,continuous,anchor,1.9607974312755985,0.5947023336151874,0.11185745244284805,1,0.0,931.1731688219808,29448.403277526,0.4762324192108466
1002.8280192188993,0.0017389182207650285,0.04584428777598263,1.28533693524511,1.908092092841375,4,0.0,mixing,8.9357757749294,194.65131120996125,batch,propeller,0.2900307935174059,4.364839459804454,0.33616538466851037,2,0.8113713279071701,6.598357488544515,158.11967710263042,0.9214659311000104
1019.9865729987338,0.031166448726967343,0.06798647449098504,2.6677420387012782,2.796358958752976,4,0.012191605968824865,dispersion,45.54344912760487,363027.95884107566,batch,rushton,0.9111679502317047,2.7444930342495093,0.582329033287694,3,0.7666903613619644,42.16421344651302,185622.67620191447,0.9394761450801625
1004.0053118611587,0.016524675330119237,0.059895346785192524,1.960170112233009,2.189429282591579,4,0.0,mixing,13.751499274635615,177.8000068189821,batch,propeller,0.2945767699498715,4.621053386671746,0.33523567291230405,1,0.0,16.558764443025005,94.3555923409825,0.9566347797011108
1209.131294611674,0.06529433950415296,0.06112494140105818,1.5672850043389026,1.796576038247638,4,0.0,mixing,22.94341740783691,54.62610502149233,batch,propeller,0.2469871303468497,3.247394410544802,0.39076940438027813,2,0.6915070281300477,17.507586689976918,32.54402966732819,0.9535912474754581
1153.5387469414309,0.06891390697680953,0.058275715259909086,0.9450972709081549,1.2626052921617683,4,0.0,mixing,24.412086631494894,116.55748695105764,batch,pitched_blade,0.3403342824670398,1.8464525180058853,0.1904014250589173,2,0.48777639142383855,21.11659784275457,74.464295715848,0.9738570542990541
943.1255380121681,0.026771368710151795,0.05531994926982574,1.842693389167002,1.6744158072646276,4,0.019619148291465743,dispersion,31.929200071206616,40597.233727032726,batch,rushton,0.6052480455061083,4.143293518823363,0.3646856487506361,1,0.0,28.452616389875786,24159.59552497926,0.9767276947486384
1291.8690539770726,0.017847174335639697,0.04382955416600036,0.966973988892788,1.1551354296498506,4,0.10199301745161883,suspension,18.757262359428225,295.90795565570147,continuous,pitched_blade,0.32406238753860006,3.1813871827434017,0.2889504164583648,1,0.0,14.629311471895887,180.7331260521252,0.9831287257587673
1039.8391648230822,0.019046249550071063,0.0715358120248187,0.818333598766618,1.094425609932299,4,0.0,mixing,14.805015462792321,121.28444416643464,batch,pitched_blade,0.30051448279240606,2.3781795096965985,0.13941589647169786,2,0.48784015306041184,10.993034445829975,91.13008907673193,0.9505944932365804
1102.396453524344,0.001560026156345909,0.050452260237709504,2.481558176400737,2.962542544480334,4,0.058831861176986924,suspension,39.57932765823893,13653.452001226968,batch,pitched_blade,0.7983200582172794,2.9132628688438076,0.47508481619971893,1,0.0,36.17785605879138,11230.337923448695,1.0
1040.071607211147,0.013994274574197798,0.06300166651319433,2.4674502909110636,3.280239731448358,4,0.0,mixing,36.249102925046664,152.81067402464447,continuous,propeller,0.3800174006822054,2.987583038845129,0.5667769485875802,1,0.0,27.347663197423373,98.2018488912126,0.9102840201857805
1043.6858744058184,0.01879867075374548,0.04402765248797547,1.8275141676543754,2.0596679721810487,4,0.10583847425356753,suspension,25.447379733494664,29461.128214806486,batch,pitched_blade,0.7358257634849327,3.1850524363546304,0.36600391488769407,2,0.8950948259763193,19.46810764801188,18291.965981886482,1.0
1242.637314347512,0.05499254838061885,0.06491979884358634,1.534786385981884,2.107899677119202,4,0.036134716012976485,dispersion,42.77072471492528,15465.209208078892,batch,rushton,0.5876776714480882,2.2255777996385637,0.29237421366507166,2,0.8471390175369807,43.24891030876791,9102.704651415374,0.9292999553971826
1219.1701011833557,28.688321379456433,0.07150436970531157,0.6976679286590194,0.6709763987207914,0,0.0,mixing,322.0781631862056,1605.8945699384997,batch,anchor,0.6605869286244692,0.6194899418323144,0.03488339643295097,1,0.0,237.05639291172878,854.3234494844436,0.4786991126008888
962.8407610953814,0.025968224610256274,0.07066485993989605,1.077782360567136,1.368387368185818,4,0.03633175643019484,dispersion,21.699305487952532,3670.148930751742,batch,rushton,0.39438905227619436,2.65562989943986,0.30480292458865776,3,0.379704604812872,19.131856970365078,2237.5750160964362,0.9051258333623664
971.0687047951784,7.262912260184555,0.04896337699108562,1.0312390130550502,1.4119286841599814,0,0.0,mixing,1636.3847725934556,89.70207510800996,continuous,anchor,0.9332544421565707,0.18242874567482334,0.051561950652752514,1,0.0,1094.9002170132856,55.107619132718774,0.5232381312609318
1025.2954922013757,0.03983116061238008,0.06762988019378786,2.740701928229805,3.098401916003954,4,0.24394969435027142,suspension,30.63569131199451,323910.26704516547,batch,pitched_blade,1.0360140016579205,4.344511344535856,0.7711699331087626,2,1.215126856742967,25.76733223264412,274226.6361330612,1.0
932.6437726009548,36.82870198151925,0.06073973776077402,0.9354635340499533,1.2316893172161398,0,0.0,mixing,1155.8566007483,579.1163017692738,batch,anchor,0.8118932492513323,0.25826429954351765,0.04677317670249767,1,0.0,845.8234016812587,354.77902214039955,0.4852163092435636
1056.3839231872898,0.007634443773542925,0.04479814966166063,1.867757664638355,1.8874461223961756,4,0.19936939916414953,suspension,21.690200018506243,6735.4188727724195,batch,propeller,0.824334235821699,3.1330391077582544,0.34009677658791154,1,0.0,19.176448385632646,5701.707729937147,1.0
1159.3410662838583,43.86298433461521,0.057582526942819234,0.5406879566636809,0.7377142659443837,0,0.0,mixing,499.5683265100308,286.750142912365,batch,anchor,0.46080987237140897,0.3695265523175773,0.027034397833184044,1,0.0,343.07704961842506,171.6153073626625,0.5301583883446973
961.1846556683311,30.32702109939763,0.04152894561519748,2.4423047562760614,2.2509168003701503,0,0.0,mixing,847.3291182144885,71544.24069613617,batch,anchor,2.26733542317925,0.6375919198743392,0.12211523781380307,1,0.0,876.0425832536952,52126.54478427348,0.47379567212566737
975.4847192284574,0.07860546786674498,0.06884705279334913,1.3611942587285935,1.9990310000133702,4,0.0,mixing,9.899185240457518,268.3171754216338,batch,propeller,0.2872433886447248,4.533813278586426,0.2520847351835256,2,0.8505069850352981,10.052378166397432,169.6264024904276,0.9404661319007113
1198.9468281065206,0.03761416450460954,0.05312892762925389,1.3612230566059913,1.5847095957698916,4,0.05174898545234326,suspension,18.577040243342676,16427.60491201812,batch,pitched_blade,0.5441438742846955,4.907018568904285,0.2757701483138888,1,0.0,13.592913476840101,8370.116056930197,1.0
1074.9046302952424,0.014694208548304132,0.0698754868157306,0.7929638070864959,0.7464736637607243,4,0.0,mixing,16.805504345676272,75.61928259515815,batch,pitched_blade,0.30021027176184245,2.3040947176915085,0.20497579192136636,1,0.0,16.30405629164917,38.33144138143303,0.9501619562269771
1169.2661715872146,1.1195247398581034,0.06081744181938927,2.0461842457518573,2.1408435626419586,4,0.0,mixing,509.93622311199215,5433.985956874242,batch,anchor,1.8160363254784089,0.6375659271565629,0.10230921228759288,1,0.0,498.20050419711373,2827.7929361818024,0.5011047851857773
1056.0724113934045,0.003770308206431853,0.06647798924121473,0.6954398326117485,0.6391023271776637,4,0.12452975639200374,suspension,5.682984539686355,111.15590020801643,batch,propeller,0.27356777407491867,4.062775161171176,0.1637295594332602,2,0.2442793469181223,3.8301929731013735,98.48069710694253,1.0
972.2091850744761,0.018906107578095764,0.044522818973877054,2.8334851516543194,3.971616008452225,4,0.1570486751292069,suspension,27.445285101810036,1333250.9092855465,batch,pitched_blade,1.2597533881690568,4.105696010397661,0.5296025928486954,3,1.1448054182469722,23.190603303289926,772269.2938094318,1.0
1173.6607747943358,15.662274929481166,0.0684713916113552,2.9355413242108255,4.129499075146957,0,0.0,mixing,1983.7445608938049,33515.80004327416,batch,anchor,2.6862067396869187,0.4279503381640874,0.1467770662105413,1,0.0,1381.4054335279395,21806.6767136803,0.5376704126068809
1204.3722208788104,0.00329903296054721,0.0664634305240954,1.3411685396918176,1.945456407129935,4,0.003956601485032463,dispersion,13.852137082756984,16768.975631853038,batch,rushton,0.45576576189777,3.9135691508709964,0.25928534835177114,2,0.9106411606409679,15.433839741219577,11740.08078353315,0.9165187507347686
926.2110535059201,21.0254008940809,0.04847387959415468,2.9806748216808225,3.385427042857582,0,0.0,mixing,1600.661991679334,80464.91477090828,batch,anchor,2.5601598523156777,0.5540765429826223,0.14903374108404113,1,0.0,1285.073146928301,40324.58984722784,0.5220556449465514
1242.8042678089046,0.024430303424156606,0.06933441250438288,0.9877009978029495,1.2463582931508386,4,0.24693898090514999,suspension,13.756482474338373,2556.8171681154063,batch,pitched_blade,0.36469351137526945,4.1889012678957505,0.18019196726814135,2,0.5140721282341583,10.019564080556542,1487.098273755604,1.0
1086.6845023625908,6.753427522212243,0.051539759692378076,1.0183657112625175,0.9315366295746198,0,0.0,mixing,630.9428764098571,190.99422965572137,batch,anchor,0.8750895135354497,0.34420007848302986,0.05091828556312588,1,0.0,535.1248213777487,156.76305230440576,0.49000417471688
1139.9810050449369,0.03937092119352452,0.05477197971805908,1.89159793220447,2.8034795476151424,4,0.0,mixing,23.45117037156755,1680.1330202454183,batch,propeller,0.43133978082117586,3.700925039110289,0.4909520239545004,3,0.8061579977623777,15.749837273311499,1176.309970056596,0.9477915619898317
1073.465520987697,8.608486639852664,0.06706020378622789,1.9191617660349576,2.439563486833129,0,0.0,mixing,875.8791056183894,7874.148821042311,batch,anchor,1.794650640017814,0.5728001066174057,0.09595808830174789,1,0.0,595.4575975764078,5913.8431110156025,0.5102805040992281
1159.826911632887,0.0736846141650367,0.0429965697455047,1.5495495714883571,1.9406315665695866,4,0.0,mixing,10.71803829631872,939.7541345517802,batch,propeller,0.39407558706071416,3.7399783853381083,0.30580391142246843,2,0.7595115300349708,12.837657803617777,538.1432857963024,0.9301302813038715
1047.1012402379097,17.93351567307701,0.04361089098615538,1.3753123957329638,1.668616170503486,0,0.0,mixing,544.3517655727994,4218.4530987756225,continuous,anchor,1.3027442479992506,0.4800116816737535,0.06876561978664819,1,0.0,501.5854036729405,3028.6878925448586,0.49263898772341425
1131.3233807674694,0.04032979121061762,0.05571934563957409,0.8115179136109525,0.8095052785264489,4,0.03060962199160057,dispersion,29.84773681832021,190.43521904937694,batch,rushton,0.2680538091522708,2.301832053704084,0.12474267751832913,2,0.31911152603532195,22.251529095257844,168.1442337548597,0.9700843593797578
1060.3705530625944,0.07560969479953275,0.07148229891612398,2.9626146892130447,3.9925059906590974,4,0.0,mixing,52.68305604813044,58586.12917675467,batch,pitched_blade,1.1122309786179885,2.2708340335567363,0.5743975133418459,2,1.7159513182252828,54.2174877467216,42943.921863619646,0.9573311760709937
1284.9519534543676,0.03587564373304836,0.05430221809257203,0.5729915127314523,0.8055989173405524,4,0.0,mixing,14.64792091057743,15.849559318122603,batch,pitched_blade,0.19575711577760466,1.8917383993936028,0.16721106302021976,3,0.20772330902246988,9.850806821471263,7.9504756860079455,0.9270812486331981
1291.0837823652487,0.034028341339761826,0.05049003017606243,2.2183423822310973,2.06179287830873,4,0.0,mixing,36.229462005888884,33400.62843763328,batch,pitched_blade,0.88673739628097,2.3771472965824243,0.4626287610019595,2,0.7301657647757326,35.74384102863175,23445.77444427943,0.9926321061311716
1284.408163433768,0.02518818401964812,0.049453029066372944,1.1324696952722197,1.273351309067592,4,0.057240232520324605,suspension,12.025693657692093,1670.805535312332,continuous,pitched_blade,0.38976107434936585,3.4111876494424935,0.31062777579520395,2,0.45649280139981374,12.7050068274843,1053.9097328647551,1.0
1071.9532360886224,6.539579655592766,0.07151433420482195,2.2640049736540897,3.1924971315740844,0,0.0,mixing,551.8490924866144,16662.695625228967,continuous,anchor,1.9585439547713968,0.642968824004825,0.1132002486827045,1,0.0,653.022064572349,9354.917257793773,0.5396991002756757
1140.350424191396,0.08574726919838792,0.041440172396739555,1.2837740159616848,1.868555981698135,4,0.0023201780414580766,dispersion,14.937840056792606,36247.54993869116,continuous,rushton,0.5070580183907024,4.148442882737492,0.22673301859042427,2,0.8189321797182497,17.457447397805257,24747.14201547714,0.9413961999977617
932.9822070043866,0.03983854058004296,0.04511703039123763,2.8351029799831773,3.661181753716249,4,0.005068754134295934,dispersion,37.507081640597896,367881.74355533044,batch,rushton,0.8774141913517296,3.6897959570227035,0.5294004711099622,2,1.5878083944262449,36.07184451854281,219213.0220082258,0.9390184639730236
1001.6110904612756,0.018000489612029866,0.05828340827607849,2.717293691018229,2.9948678220861495,4,0.04706162783803717,dispersion,47.916030587674086,185747.65286571407,batch,rushton,1.0262302241178425,2.1315509608141046,0.5227227152827996,3,0.7639986076883506,56.93352780992523,162049.215206709,0.9439361329324049
918.8698226060459,0.06167227667648231,0.05211005862041017,2.5706893981913788,2.962563670923851,4,0.032834032787653816,dispersion,49.715713091542675,355766.6032094792,batch,rushton,0.9121468660044578,3.2184275117865053,0.4063586684402121,2,1.1513724844881992,46.04401789475052,192291.30676988806,0.933719794102425
1210.6776293426738,0.03535490961920184,0.056223962176056394,2.3172116412791945,3.0393460353700004,4,0.0,mixing,18.31746559673379,20520.375969900913,continuous,propeller,0.689268113721607,4.121771216779383,0.3718708849553967,2,1.274871408247942,18.619144165684993,11848.193711995636,0.9519161502231179
1208.3386338352134,0.005124748581543986,0.06843222583238928,2.9216955027911524,3.6351454668590333,4,0.22429789284352575,suspension,38.71569943357368,620112.9386991361,continuous,pitched_blade,1.3140347762430014,2.9366932320536976,0.5136613237334994,2,1.5496648198145992,33.3687442921944,326716.7538794143,1.0
905.1703820915401,0.0846401325599145,0.06014398695046563,1.8821252815260001,1.9323896053919822,4,0.0,mixing,45.19588882453171,5647.319148189578,batch,pitched_blade,0.6906532655355453,2.1846131592911737,0.5037251461253985,2,0.7383269480208138,34.85399902351637,3423.76922789096,0.9675281004947431
1180.7715154612663,0.03488259417137686,0.06067195425849489,1.390807915537692,1.4576131908613068,4,0.0,mixing,36.718765522123284,896.8567965411313,batch,pitched_blade,0.5368798611047206,2.180961610294532,0.3623385486982237,1,0.0,30.649345700865506,699.057552884132,0.9442792507552576
955.2439044739491,0.03474468708901841,0.05409946317406489,1.740860225090893,1.7821049504045108,4,0.2584658926682428,suspension,18.871446230479442,21136.14170959014,batch,pitched_blade,0.5934651935863744,4.429813567511215,0.33409445128224824,2,0.760841611426996,14.585369409306152,15439.97823016387,1.0
1117.0755350165048,0.025491697012268565,0.056851064441201686,1.3697029996995451,2.007037958658627,4,0.0,mixing,8.969495946539505,594.2530592538119,batch,propeller,0.3700308216302047,4.16842645003035,0.2337086293363906,2,0.8342753297645811,10.969494589157597,441.3795153571215,0.9495365311152778
994.244093839126,0.0314228893855307,0.0464420219212414,1.0646287094530873,1.3863796468647653,4,0.18904664589369663,suspension,13.727127888259941,160.21257022558845,batch,pitched_blade,0.2702813501176279,2.706036976765867,0.31539886264412137,2,0.5405504548940144,13.068070797797201,80.14020480462948,1.0
1000.86689553926,0.05158961889477636,0.06057890461367173,2.7616876194737885,3.1428103407879364,4,0.0478201322738718,dispersion,45.18887220644793,1888007.7494467834,batch,rushton,1.0900021328498726,3.9074949103541883,0.448270744727241,3,0.8372455901593588,35.20484208963288,1128600.320997055,0.9144465987767321
1131.7386377538437,0.057470126347865996,0.06001722718671845,0.9654061681891966,1.2876938476045694,4,0.0,mixing,7.595345128129483,61.43649845749323,batch,propeller,0.23042314593500782,3.5906483310032837,0.26172967174846057,2,0.4797298263557533,8.474671269938693,31.920121038054543,0.9577061534142584
1104.3997658246442,0.057801317810331335,0.04274556633054038,1.7724042958020312,1.6832658783853691,4,0.0,mixing,44.93171817526857,1836.5856397376724,continuous,pitched_blade,0.5782144979078268,2.163027333819474,0.521699547747064,2,0.5800643523997107,34.689990043550104,1556.7572816966358,0.9125196845013932
1076.885455406951,0.030290968253583087,0.05676592697568811,2.1861785880129068,2.883869431252061,4,0.11875938992241751,suspension,28.667961721163692,18469.053365028616,batch,pitched_blade,0.6111421547011031,4.797964859729,0.5342491967132206,1,0.0,22.976502858965567,11768.302171579362,0.9775893256001604
956.0694975976954,0.06291045590303232,0.0418347969094949,1.8917593378542612,1.9815374684064277,4,0.032661215248762136,dispersion,48.30123422274521,24649.276485947794,batch,rushton,0.72090506835964,2.086960201533245,0.3179323477859155,2,0.8574965615029028,53.583820381453066,14379.93781713321,0.9398877459477435
1185.249119273445,0.023228550975220093,0.042033021906185034,2.5618379928141803,3.5502283551010847,4,0.0,mixing,41.336752027705344,21674.862169306904,batch,pitched_blade,0.8520929065043418,2.150710693021025,0.4369159034452175,3,1.0843440784386429,36.282253886211905,17158.342895198515,0.9896252690944385
1116.3774483417553,0.020329343560012363,0.05693779853120841,1.4800847526533758,1.4943705352196641,4,0.0345181155976842,dispersion,20.951969634675038,29677.47322987806,batch,rushton,0.5837135678584608,3.056963847114278,0.4398897530466942,2,0.5131531749894883,25.05530227905352,19864.367389924864,1.0
1138.1307022777492,0.017626884860503417,0.06318309865833688,2.3312510316844346,3.4265555163558115,4,0.0,mixing,32.136298645101995,29104.6955716428,batch,pitched_blade,0.8823121260266078,2.3089865319126743,0.47588641224896444,2,1.6078983667075057,31.346961248412974,17320.90899704011,0.9907992832014392
1223.4753518057996,0.030243935105714978,0.059534187962372004,0.8650790616998639,1.2430010314723123,4,0.03620520416680308,dispersion,10.154467966443029,1380.6976790017552,continuous,rushton,0.26825366654634814,3.8595217176321452,0.18538389139163247,2,0.5288785589730606,11.1082929347993,809.281267666766,0.9305895356467149
1070.2529773188726,0.046627301725713714,0.04153897089107571,1.4024415931408594,1.9013026430762683,4,0.1489712789620155,suspension,23.89766218721304,8509.971307744663,batch,pitched_blade,0.584747439732767,2.690128902048289,0.41353574171315693,3,0.5450948609022377,16.48651735149337,5382.87148301017,1.0
1136.2536311300498,0.04099566173497137,0.06241747035271032,1.5150739015763297,1.8847319867472998,4,0.0,mixing,26.098728808285955,365.7021745525011,batch,propeller,0.4449467283602865,3.2247642677417736,0.228508384098204,1,0.0,23.437798892931816,288.6058183599188,0.9462769238509172
1119.8837329543464,0.047029701885532904,0.05224933008364493,1.5618927942390044,1.5492344489585512,4,0.0,mixing,22.23067254576978,37.30814035005481,batch,propeller,0.2494673208267616,2.788213938247678,0.29983346989812143,2,0.6005902415219342,18.090910049934866,20.365710109423134,0.9606011839154225
1219.4075398552727,0.024901912610958334,0.04005518861620221,0.7155822909192386,1.0073378035290628,4,0.11615414401980655,suspension,7.67208876383267,1046.4156641664022,batch,pitched_blade,0.28339398703908747,4.970480302492965,0.1471853159725204,2,0.43917949168395953,5.2623672582947,764.5906321862421,1.0
970.4888660826064,0.0298980067051497,0.04246298138800973,0.9510830781870567,1.2110383440767531,4,0.05606674710540825,suspension,8.980950359142938,850.3113372986038,continuous,pitched_blade,0.3348621330706152,3.459370115573458,0.23444945709654103,2,0.5179321628707502,10.053990599177688,433.6085425896542,1.0
908.0737674428158,22.482461266453015,0.059327230296265195,2.3739166564653296,2.883738662185682,0,0.0,mixing,2081.4461881160223,10331.214854933025,batch,anchor,2.035987349825781,0.32979161350318387,0.11869583282326648,1,0.0,1863.6792518426416,6547.425595031143,0.5080811169624019
1177.3768872391506,0.03801878050929064,0.0427219033494648,2.3040938996028295,2.8265748550797647,4,0.03721886506031458,dispersion,91.64895796462756,37123.72217138187,batch,rushton,0.8704117414977354,2.1588676760063144,0.5728516478204655,1,0.0,72.58852466068855,28527.53191982634,0.9471807627701896
985.7798045910721,0.022417542203435094,0.052018029128004524,1.0919972048249793,1.0619681286360187,4,0.045147145221429937,dispersion,33.15404683280918,226.7805595929642,batch,rushton,0.33143811163973297,2.0178119795922047,0.26342387986843996,1,0.0,39.75287660911574,137.71087402914395,0.9634552553633324
989.737359458502,0.06933852856576173,0.06779200518277578,1.6019167717535678,2.179654296591862,4,0.0028325109649910197,dispersion,40.2275749562543,21764.20309980599,continuous,rushton,0.5303776510710164,2.7751739079580124,0.253618878618431,3,0.7019673677185508,28.349694793153116,11842.62184171453,0.9418537216539143
1079.4984935500656,0.00559538950333928,0.05234755123541742,1.7404402307118187,2.041606806453872,4,0.04547606281525768,dispersion,26.38362315524649,87720.90737509356,batch,rushton,0.6117938912089534,3.7035143324236173,0.4463969898366329,2,0.8312271042742421,18.907864411649115,44559.929267871055,0.9632743748737084
973.8338783298583,0.021796845558881058,0.060462206527560555,1.8827185598022154,2.6374762515881036,4,0.0,mixing,31.76987929844972,217.62093539043536,batch,propeller,0.38929127636974964,2.5903508422276844,0.47958248686842336,2,1.048820796196889,25.853656829071358,138.90678157336532,0.9646392267677012
1100.241689904035,0.0926599874016661,0.041918008851212156,0.6450688850065172,0.7444856868579532,4,0.0,mixing,9.95998055510199,4.568079638047707,batch,propeller,0.1728285107999713,2.9154254713390753,0.10101563426760438,2,0.3423767305994234,7.097189984612289,3.6319258914455257,0.9690901991124202
949.0571390551592,0.035241231300318,0.060686380400925694,1.0634601119408353,1.5096865542361073,4,0.0,mixing,24.26409156638274,290.05768581530475,batch,pitched_blade,0.40132444536305883,1.7025962335846736,0.2512007177577015,3,0.4198143305484261,19.27469013861757,159.63335958258665,0.9390578007370469
990.1936745358199,0.03591453653531098,0.04646720335145303,1.9979029258371752,2.647472076619687,4,0.17534870014586723,suspension,25.502908066032685,74541.185861443,batch,pitched_blade,0.8142227402103068,3.2971683898396313,0.33195447395860633,3,0.7925251053857081,21.341620723430307,50653.68592385402,1.0
981.8706516634696,0.030145439900925816,0.057090560351632944,0.7392808191358431,1.0963636762655964,4,0.06018796091188543,suspension,6.1248386321675605,72.84664829186332,batch,pitched_blade,0.18978302310022518,4.485498051632496,0.1192311630571025,2,0.5062281317875617,6.129805952189768,54.141102006402335,1.0
1261.2582741881429,0.07885009495873803,0.04733885502669695,1.2716990241316695,1.1715813130691255,4,0.0286522788264048,dispersion,28.744893703310442,8282.959617321012,batch,rushton,0.4856551872355687,2.4590772525717184,0.2954540764194145,2,0.3946470926922673,25.35681798355142,4679.300752514039,0.9662065203353704
1034.214870829144,23.073159990157844,0.054708967791809116,0.8577348744479858,1.2745023679613887,0,0.0,mixing,1355.4643593120861,97.9245587836247,continuous,anchor,0.7304034583957184,0.17338196321159924,0.04288674372239929,1,0.0,1037.9220847965764,82.66085580618694,0.49011074885387945
1156.9661655148996,35.76483304734499,0.04354303546197042,2.601140867656215,2.5053436727745035,0,0.0,mixing,2610.155884042643,28191.57210508438,continuous,anchor,2.2437085169641926,0.3540316095914851,0.13005704338281074,1,0.0,1774.0792930530959,15248.361441308778,0.5128944950812842
1033.9453573858582,17.988092327039674,0.049335614714004696,1.4237719033996263,1.400994704305385,0,0.0,mixing,679.1893075785686,3774.6185544824125,batch,anchor,1.2608849744887214,0.464498023496485,0.07118859516998131,1,0.0,520.6471203098695,2169.178907997024,0.5082598568034551
1021.5198087228277,0.040183059442353716,0.045028361755486426,2.9483652978815105,2.9738474959434305,4,0.0,mixing,33.86572200591851,12831.386629874338,batch,propeller,0.7629400777672821,3.772956957154804,0.5137629804663273,1,0.0,34.35328638523311,7321.46798410272,0.9546576355703245
1024.728812353683,0.022242657226577773,0.07188591969805515,0.8230186615839625,1.1978335921749772,4,0.0,mixing,7.411563214910859,59.74306086959013,batch,propeller,0.23200236662925147,4.126141569116725,0.21620766635358674,2,0.5129976064652075,6.356651846978093,37.74873375865106,0.9206200123820577
1149.5078270639679,17.274833787514336,0.061078598680798346,1.6782058757338736,2.151101407496237,0,0.0,mixing,469.43574277334096,23343.371839504234,batch,anchor,1.4983534767690931,0.8080901326556834,0.08391029378669368,1,0.0,431.1292341839438,12580.475204089085,0.4785386134587537
1055.2329400454848,0.0972010456043793,0.06355405133783837,2.7091346983776385,3.2250752252214308,4,0.0,mixing,51.14300874690428,17649.6489784582,batch,pitched_blade,0.8317938778894854,2.1912496519528095,0.567449318304951,2,1.451090488776368,50.24387189281279,9696.840574709227,0.9514765176681277
1122.8107765549723,0.07209063769432325,0.04560054321261991,1.7885880728586008,1.8516905020747165,4,0.035687805672821364,dispersion,19.331587808291843,48163.4066633244,batch,rushton,0.5602383496357244,4.070490525701192,0.4853981607660532,2,0.7100581031848179,22.159774959909868,38999.93339215912,0.959127563707589
1164.1664715766392,0.04855121293742583,0.04115855403059442,1.0814055838812244,1.6058660631450634,4,0.08487672522656127,suspension,6.307857947184031,4754.733733381855,continuous,propeller,0.4729152463491577,4.516549232020074,0.208368417864274,3,0.4497036965883086,6.255399707385678,3412.038242378158,1.0
1074.42104844381,0.054720999163098076,0.07017086971289305,1.6261144753597587,1.7682724644761634,4,0.0,mixing,29.90995545981024,43.23625693865775,batch,propeller,0.29867327802042415,2.726146024842178,0.28380166420864333,1,0.0,28.00022239339629,22.857281061841192,0.9892290364752729
1237.9134390165582,11.306836175715242,0.05782280396909248,2.3387738285314534,3.0609980333613067,0,0.0,mixing,2524.565775309791,2370.9142349290255,batch,anchor,2.072664846181224,0.19753010772091675,0.11693869142657268,1,0.0,2170.762230049389,1229.2491388391113,0.49510505652393455
1066.817973034029,0.04813394541793797,0.06163090901616203,2.7438710961635118,2.5420613891830617,4,0.0,mixing,37.368522703055085,1549.0483859218384,batch,propeller,0.5561886621832915,3.350318064965854,0.7369668899645037,1,0.0,35.168334778167164,977.1389824587117,0.9755832980593064
1262.4856467207112,0.04474635834601454,0.06644468173730012,1.7593044325491647,1.9189533845832447,4,0.08667196754537153,suspension,15.094239428176772,1243.476324204829,batch,propeller,0.5064818190399217,3.049863387854931,0.28735589952513135,2,0.853711712675781,15.907450348867902,1086.7183222901695,1.0
1131.9271649878863,0.02506759076219392,0.05114297132930084,1.048266394492978,1.5400594404420926,4,0.0,mixing,14.714504356178447,16.636550499390268,batch,propeller,0.20516896467946955,3.6786931550479824,0.30205060077374574,1,0.0,11.715636377306254,9.281465476160248,0.9451858390837454
1180.6648408657677,26.065388963069275,0.05818965507376163,1.0138960151363734,1.0695233758859544,0,0.0,mixing,1419.402431677606,262.7008047308631,batch,anchor,0.8981595052806677,0.1728562569490021,0.050694800756818675,1,0.0,1189.2732505067634,152.3638116501464,0.4743856512656324
1179.3849763502221,0.07205245551805005,0.06569280473461665,2.157530606383879,2.8574973943047706,4,0.0,mixing,49.39711447443809,10525.662349206432,batch,pitched_blade,0.8035458442455456,2.343174437880978,0.3441061372870388,1,0.0,49.76628306923416,5836.877975152043,0.9724948839780346
970.8534198880154,0.020652704861893127,0.05150315273191926,0.5083922847175316,0.5293917100393031,4,0.12487761182691072,suspension,7.249399538413249,14.85171641509717,batch,pitched_blade,0.1589869665139239,4.463888741193018,0.10591962041597586,1,0.0,5.044420797366058,10.729214347288108,0.9857742063266155
1255.2844751718496,19.418489553307374,0.053144091838954924,2.7851718605833335,3.904933976742134,0,0.0,mixing,2963.424714560842,8406.352511811823,batch,anchor,2.6365588649474936,0.21099205704963123,0.13925859302916668,1,0.0,2951.527991727312,4640.790295078801,0.5064120391270972
1240.707326236839,0.036061733663389266,0.05931834365310676,0.83586548600924,1.125496925417094,4,0.009394562109832567,dispersion,22.733299461893246,651.4031909117866,batch,rushton,0.2899727703190351,2.020885656793244,0.2095476970976823,4,0.2447499941988802,15.972984372884078,342.3851044117791,0.9604022446484559
1022.0865832813088,0.08475319889212904,0.06413287481710296,1.3691368693620427,1.2825255572791932,4,0.0,mixing,47.51166446788965,543.3725527148209,batch,pitched_blade,0.5119883272303447,2.0553467862083847,0.4081475385569217,1,0.0,33.734719198531515,330.4167302578598,0.9637812495803056
1181.2836797173702,0.003630419443058143,0.04422743556783041,1.7213279076586556,2.1404147304258774,4,0.0,mixing,25.900673733905464,6021.046233632134,batch,pitched_blade,0.6390131713644883,2.4445411268752792,0.38960054301012,2,0.9584427814580916,21.47129490530367,4644.952111328048,0.938707070675762
977.2575329420362,0.08897109347711953,0.05186947767038188,1.4696326839966896,2.0679386324792484,4,0.0,mixing,11.965497651620602,34.02889077435123,batch,propeller,0.22212352533017124,2.971841782258038,0.3536318590997658,3,0.6205272637354494,14.722715768577922,17.38817380945284,0.9156092781826843
1117.8851672884336,0.018609516521136057,0.058068785377067694,1.1600339270945834,1.3866405593574753,4,0.2571181475945494,suspension,8.953960737833945,4028.3035160419277,batch,pitched_blade,0.46227841376549655,3.6790883426038428,0.25844873152154135,2,0.5820703379801972,10.484944453255217,3105.7198634754973,1.0
1099.2176670604867,12.523451806596977,0.07159670139147295,0.5488818738398364,0.5306719304198049,0,0.0,mixing,139.7892575321389,271.2571618380537,batch,anchor,0.47996985665265707,0.6506133495976462,0.027444093691991824,1,0.0,172.4791881983715,158.29473718216133,0.5023925403174563
1226.8046534531181,0.031514150811263,0.0644296491251879,2.088441626580765,2.6333072297200926,4,0.0,mixing,21.346861573360815,1756.437065725998,continuous,propeller,0.373807859362787,4.208015340570324,0.493796668601079,3,0.7228426497801611,14.926032465647108,962.7202852474645,0.9556619783869859
1102.3831028155319,0.021782625489304472,0.058711300954014195,1.002425598172425,1.3725409365321808,4,0.0,mixing,15.246551440938093,128.64923850334296,batch,pitched_blade,0.365603414823895,1.9114051698177639,0.15383272651481616,2,0.5642553266241631,17.75962940853024,115.27109301838442,0.971629478487112
975.1249476020237,0.027141998326193,0.05356183112450147,2.041442699365474,2.4322064832340056,4,0.0,mixing,25.204166506905032,4134.020563366068,batch,propeller,0.5465169261336134,3.56464713603562,0.3074236117999182,2,1.0892486983165088,17.51503569338747,2146.2387175884014,0.9589953031873559
1052.4142187595164,31.3210151395427,0.07165885079653753,1.8619505945515964,1.7158819274054251,0,0.0,mixing,2884.7140901943703,2746.5749217022944,batch,anchor,1.7405221888222737,0.22253697053813268,0.09309752972757983,1,0.0,2132.000362470915,2149.340090445367,0.4971651581162472
1110.836978987639,0.020406704931238338,0.04558374214477054,2.9330641870220866,3.804440110303176,4,0.20648395112742673,suspension,34.38766134807167,482090.2682351011,batch,pitched_blade,1.1468329523045275,3.127162018643076,0.6088556892899054,3,1.0012011066271558,25.717277094529425,260383.99160120747,1.0
1093.5899993862213,0.020500915877050902,0.05388100726490835,2.7403622528603004,4.068037488334891,4,0.0,mixing,22.89508695930036,24680.85707951545,batch,propeller,0.7381493392607764,4.114291394853847,0.672138015611369,2,1.5718406974063233,20.533272557149324,12623.966849182245,0.9484100724861029
1247.5236791913846,0.03510444119977803,0.05101300211490699,2.4280296765496048,2.718318831108514,4,0.21512462594564813,suspension,31.96161917056089,39171.772652289794,batch,pitched_blade,0.6900650897925412,4.041384219184398,0.6395607297175258,2,1.056774427995005,23.71218592244702,31425.166858318957,1.0
968.6391964988662,0.033019901805305674,0.041968860922001416,2.8800762646443334,4.158487548657764,4,0.19863408515543907,suspension,18.281203764991492,23236.816007779566,batch,propeller,0.7310539273829433,3.7009674210164003,0.6193536705990041,3,1.2887509975450662,21.615163794458883,16477.854286637783,1.0
1039.335959308209,0.07777854928454728,0.062077130318951484,1.7962794845635515,2.647921664101833,4,0.0,mixing,48.53854463214908,2605.7541710502205,continuous,pitched_blade,0.6239263720857418,1.813584875935379,0.33495391735916236,3,0.8238515577758235,33.53700609065714,2015.3919636666733,0.9658943406461329
1207.6813126132306,0.04001116690766643,0.06942938018277008,0.6826679674881682,0.9439936196764709,4,0.0,mixing,16.520589254913972,42.53997394254862,batch,pitched_blade,0.2277556050075462,2.1420438452120805,0.12206543346568256,3,0.28104331603798555,11.361397968247335,26.388899283510316,0.9716837669403219
1060.2683559425222,34.197541624820175,0.06617492079478732,2.434225327808556,2.805811030906451,0,0.0,mixing,2695.8202117389505,8581.90007483604,batch,anchor,2.13273124003761,0.22457681235212132,0.1217112663904278,1,0.0,2446.7496611796673,5002.536842686045,0.47248989693172727
955.5615630596926,0.004098768006713385,0.058352618023446934,2.040778333127733,2.3612362234440494,4,0.25197960467705,suspension,19.993186116058517,9056.077755777607,continuous,propeller,0.6959064762671759,3.0694652382836183,0.3277995493502587,2,1.0976208742005336,18.83741029020989,4666.454690067244,1.0
981.772233228555,0.0441088040331553,0.04622239547085314,1.960343693331223,2.2092113039067183,4,0.0854789807527812,suspension,16.064942240035172,79859.4091823856,continuous,pitched_blade,0.7556662397351652,4.898922691629845,0.4370084199977112,2,0.8755943183398389,16.63024291197385,69001.2402377661,1.0
965.9508404900275,0.09900341774636355,0.04953753364802391,2.090280352417806,1.971757689594238,4,0.03172118162318276,dispersion,33.733262665217076,344814.49985186086,continuous,rushton,0.8296305440998765,3.9254281681737884,0.4105484888596352,2,0.8115251648482973,32.91506645740014,222728.98220686885,0.9513760725139012
992.5633019775966,0.04499831522502567,0.06319470657044707,2.5414259879743066,2.5063801091227558,4,0.0,mixing,16.428490708765924,2636.3265179360824,batch,propeller,0.48341730869338106,4.244670370165683,0.5550484634830117,2,0.9713786255091524,17.18140340944118,1587.3734977509298,0.9434717477976622
971.9291422623335,0.020397322803251225,0.043282994312442924,2.4890110536225087,2.6774273993348254,4,0.0,mixing,62.853069152254804,18927.08818317078,batch,pitched_blade,0.9828762548239677,2.1930836888121266,0.6534128827933962,1,0.0,45.87974800311081,10157.075156303687,0.9365773785657898
1231.151728537353,0.04856797467322256,0.06794503728816863,2.6870453124479465,3.2413338541736314,4,0.049283095394438585,dispersion,53.47535982260613,114554.11727317303,batch,rushton,0.8247314845632071,2.4217737811284334,0.4478582756512345,3,0.92553434102679,49.26851950287162,93283.26367526616,0.9554055913447078
1124.5257933634464,0.05548066780492019,0.07138170183882701,2.1138921681511187,2.761895841384946,4,0.0,mixing,60.93387743622524,3102.8828469369996,batch,pitched_blade,0.726117875320091,2.122717409298123,0.5119888753139149,1,0.0,51.00175195912194,2470.250436530703,0.9558848768931713
967.7851040743609,0.09985375335873188,0.07157214058518885,2.299619799724119,2.9138807024489637,4,0.0,mixing,69.64101009884307,11929.688387862194,batch,pitched_blade,0.8960593355016602,2.142696304601624,0.5896440711857319,1,0.0,64.88329664686414,6819.848636254426,0.977698138752905
1215.863381505424,0.04110889521965252,0.040884704802806246,1.7912343209530839,2.14606071223702,4,0.24321435560966465,suspension,37.861651805606925,1887.4384351997535,continuous,propeller,0.5999865780352326,2.8986558582332465,0.3399410951769393,1,0.0,27.282512459575173,1228.4020986987462,1.0
974.1150316416091,0.011516612706917985,0.06195732327526027,2.0893078863414227,2.249078548612406,4,0.2558260765576144,suspension,21.340794067429318,62571.42677943164,batch,pitched_blade,0.7018309680818501,4.501807428652827,0.3238561646414489,2,0.9245470841482136,15.029597028842039,40925.97488303978,1.0
1085.9930305601854,13.708861097291258,0.05990161680267213,1.124505248265625,1.6795748847695278,0,0.0,mixing,459.1146359670006,3039.8049479922392,continuous,anchor,1.0535480685438168,0.6585032642997629,0.056225262413281255,1,0.0,334.7773701879085,1935.2343262321483,0.5048924528222857
1123.6601760024148,0.031336431875626285,0.04586310804475871,2.850337547408064,4.050235907063149,4,0.0,mixing,40.787855862675386,2006.8877435482254,batch,propeller,0.5342432439182255,3.9862686739551263,0.6627396708009884,1,0.0,28.033401988557074,1384.0757599335145,0.9683769297682899
1181.0656017659617,4.510435611638535,0.043246120673876565,2.3607094014547156,3.1539095898678142,4,0.0,mixing,1174.889057456273,5630.366360235584,batch,anchor,2.0691621057990406,0.40336447514979223,0.11803547007273579,1,0.0,1177.8699704485502,3343.234153651409,0.4855702070551145
1144.478920561108,0.07627833811879144,0.05386946662465103,1.2822283416397022,1.6805628656434326,4,0.0021049248923134868,dispersion,49.06166507280481,1749.1061591991663,continuous,rushton,0.42693653249197994,2.093371047663303,0.3291790654433398,2,0.6246075471673342,35.97669738856254,1352.7521456691265,0.9146301626888189
921.8879706588239,0.05113692049563084,0.06557718779717321,1.551277981746217,1.9607813026526189,4,0.02263244481565257,dispersion,23.136803415872947,46137.46620667337,batch,rushton,0.5777856619549943,3.932614052046928,0.37946809879801496,2,0.8201232051228321,22.90757050014243,35841.94476950426,0.947799664184884
913.2932651058156,0.0698060421123006,0.041650423788233776,2.9328646149801827,3.4397018361898346,4,0.0,mixing,44.704526392074676,15832.47023587016,continuous,propeller,0.7998287872876658,3.1535897424342996,0.6877263233731045,2,1.3024088884796832,31.934042185864893,8841.975817476003,0.9261655511382656
991.9111291772325,0.04264618878815249,0.05667218583131586,0.6510189419890812,0.699832741934996,4,0.14434699302902787,suspension,7.76962870115203,298.46080005874,batch,pitched_blade,0.2760401845939164,3.659615873522871,0.19160650993330972,2,0.2439073158885997,7.627057370015121,204.04946190614191,1.0
926.4861278440544,0.003342473999892182,0.061680738938887786,2.523676587146812,3.678240695273277,4,0.0,mixing,37.08452337217115,22900.14067716965,batch,pitched_blade,0.9075041365750833,2.26893365188458,0.7312498537743412,2,1.6103259357557487,31.72569928259766,13569.740421927228,0.9504586070113522
1018.2577682446368,28.33296190358154,0.04582856213017307,2.798258580630304,4.022739851559777,0,0.0,mixing,1624.5979179146516,29372.24484188852,batch,anchor,2.479247567976114,0.33857009329213505,0.1399129290315152,1,0.0,1832.2700996415508,16258.077480713486,0.4925465767442724
1267.5151904267198,46.532704475343564,0.061109526605179584,1.6860311508491097,1.9773279236260144,0,0.0,mixing,553.4881329455928,71279.83735140934,batch,anchor,1.5911479421486683,0.8065276188290222,0.0843015575424555,1,0.0,518.0491098568681,36657.76284088761,0.5303453036411409
1269.2017404364433,0.04743603319689245,0.07105254921220575,1.729700186627176,2.581723351366385,4,0.188764399430569,suspension,14.989173342897548,32442.13587352541,continuous,pitched_blade,0.4972992723836694,4.907955744364587,0.3986017998695928,3,0.6741551820238737,12.64085512716416,17097.02928862243,1.0
1143.2244009737287,23.103179511765347,0.04893448360585058,1.0497065919578572,1.2794698947958996,0,0.0,mixing,553.542227798807,1012.7053684574979,continuous,anchor,0.9529488513048793,0.3918911574205154,0.052485329597892864,1,0.0,579.5364045157557,839.5976887586949,0.4775253586873817
1258.4193261712528,0.07179194651387469,0.05949395052006136,1.9022972787490884,1.918441537472149,4,0.0,mixing,51.51860875299543,5808.225099347898,continuous,pitched_blade,0.728194217681343,1.9872116765710786,0.4402981926673343,2,0.7995349988841063,39.04376204055493,4808.4431317483195,0.9281237498661957
1035.530527008792,0.056991102156864114,0.06828897763816533,2.1752843714606067,2.334318677096969,4,0.04264639655097011,dispersion,53.875203935672204,189622.356735757,batch,rushton,0.8646796045370236,3.2014291495306737,0.4579548839300687,2,0.8699468395314218,40.28508646603539,143844.51706972808,0.9402767161165457
1230.560201123357,0.09373722533863346,0.05579579414689693,1.4444001033149128,1.528036881887155,4,0.0,mixing,28.112206085572247,2156.9294164065122,batch,pitched_blade,0.5099711482383718,2.457917330542902,0.32899145484329256,2,0.594212612013137,21.344969804384704,1589.674639926681,0.9704464999043296
1254.5945298645174,0.019118028445728685,0.05435891789693589,0.833542926045469,0.9326933082005099,4,0.11336290300272196,suspension,7.094806342869274,98.12925299493753,batch,propeller,0.27820487343094774,3.293232914528055,0.15198627560017802,2,0.3713266555766279,7.381331158237882,72.53192256629916,1.0
1259.4023020313793,21.473621809648154,0.05381079509029328,1.4664522004359732,2.168104757937896,0,0.0,mixing,536.9186356923374,8859.734406550711,batch,anchor,1.263685772006022,0.7479169472929109,0.07332261002179867,1,0.0,461.25868730869,6788.657438681145,0.4920294140084861
1174.5876631689507,0.07115439622362892,0.04619166363554037,2.996685070150178,4.012742901586696,4,0.015566551349016867,dispersion,51.660495134593056,1644340.8952473248,batch,rushton,1.0759332559946486,3.8676816699016494,0.6979653515165878,3,1.046876493851741,40.65802381413332,1324960.7043265786,0.9584596147671365
937.7678196456586,0.03101831838181818,0.06134882171368387,0.9318371783101669,1.285816499419685,4,0.2668824365890732,suspension,11.954115492971724,499.3325302796712,continuous,pitched_blade,0.31284456136104893,3.4044608770996874,0.21245323341501857,2,0.49447697037628496,10.768763531486156,293.3820484725621,1.0
1170.5472512469457,0.09549223590541173,0.04247006801406094,1.3857293742198036,1.4324363089784817,4,0.015760434517776145,dispersion,40.32403904980326,6403.116692923462,batch,rushton,0.42745179282222306,3.6942719444858323,0.26661871092292166,1,0.0,28.73706981901918,3342.4996584434925,0.9397326246236788
1030.7521337430178,0.07199624992253428,0.049358448543414514,0.5641817157683561,0.5558461165058977,4,0.0,mixing,19.595986257783036,1.4636516233083379,continuous,pitched_blade,0.17621890662706857,1.7109341965395335,0.14307711667035994,1,0.0,20.841316647298036,1.2931636931820432,0.9501774954283392
973.927600358589,0.010239321000738405,0.04849096287275056,1.1250222104730803,1.6412609884201184,4,0.2298836347404325,suspension,13.721954504974493,459.41508804165807,batch,propeller,0.4136484200549274,2.522345561784283,0.2915655340128994,3,0.4758043050958473,11.374965486576025,295.0192496858319,1.0
1268.3285218858455,0.02350108050932564,0.05919216155891314,2.047782795668819,2.9053097242561443,4,0.0008786975154588373,dispersion,36.884192367061004,83595.49508919066,batch,rushton,0.627845142536076,2.8112018868296946,0.4612662475150803,4,0.5768746976219415,30.36948201125534,49671.98418182057,0.9343505694828981
969.7851398265278,0.010697197143500956,0.045298304062267536,2.338689432995691,2.273398670102353,4,0.0,mixing,78.87618109371725,1825.5844439993684,batch,pitched_blade,0.7433267831122953,1.7751176633939325,0.5291530836749463,1,0.0,58.788777703015484,1321.7717657632504,0.9669165664763314
936.6234590241827,0.03829346516766322,0.06839078179272569,1.8083715128394648,2.4615786151436025,4,0.0,mixing,17.569397756587783,544.8928704525559,batch,propeller,0.447328539356477,2.691699633046094,0.2974370492565848,2,1.0275959075488201,20.835867226530166,273.1946072130128,0.9888528381285207
1196.1075733922144,0.022504001092104375,0.05893637729573824,2.349644508172115,2.3080722509291904,4,0.2392830883175457,suspension,21.843730398493577,11550.575902849203,batch,propeller,0.6243273305633402,3.751365355321337,0.6420481828995058,2,0.8268661075627086,19.43814821213566,6408.249906047581,1.0
1089.674135826784,0.02370472221511508,0.04161613968610722,1.3842622854692297,1.6508405091456682,4,0.0,mixing,9.416906396823345,221.0814964154977,batch,propeller,0.3240495361427619,4.696036666112929,0.2671985126086505,1,0.0,11.280872475830252,174.49281422412412,0.9407287872028864
1283.3628056711843,4.063497124476336,0.046520659134157524,1.3825370732807978,1.355805971444803,4,0.0,mixing,538.7259795861856,923.0639655463098,batch,anchor,1.1926569382495746,0.4383004407447523,0.0691268536640399,1,0.0,630.8490061423746,491.915113193979,0.500531352227151
1272.6154530225303,0.012199780081478411,0.05389109203900009,1.403214604056117,1.4005911776102786,4,0.2587131781325556,suspension,13.188055948424285,16844.63568481089,batch,pitched_blade,0.48815098198585993,4.625044697034891,0.3948939490763523,2,0.5264526211186454,9.459247957612902,9369.648876680167,1.0
1250.175610835186,0.023516556712599387,0.04034611631612665,1.5093311127111746,1.8892211402398922,4,0.0,mixing,20.41291511042585,56.24503122634573,batch,propeller,0.26620431143722667,2.7619954995338296,0.3053472205602705,2,0.7149691908330239,17.623458872995652,30.01624421441449,0.9284947179707828
1176.8115230927133,41.66895312294896,0.04141540522497398,2.904562851243566,3.6730588335111367,0,0.0,mixing,1770.4340435855108,87552.23567817546,batch,anchor,2.7467022916969643,0.44204121962116516,0.1452281425621783,1,0.0,1560.2798561847503,56234.46583632714,0.43834389714102373
972.4823499353552,0.020375242003743417,0.0504387564886112,1.7914312705557796,2.4034928598016982,4,0.03483317999950688,dispersion,24.60379705800133,38030.19130163078,batch,rushton,0.5476849972855901,2.873731347195735,0.2831230418869177,4,0.5214390863353282,21.153114866917143,19700.082139096103,0.9392131977491674
1230.1106247931807,0.08837849878556965,0.05472863511724017,1.265308236663468,1.6151902619570213,4,0.0,mixing,17.276594381901823,784.0854217260351,batch,pitched_blade,0.4013172819232358,2.400667846029953,0.34409046729132475,2,0.5936917351716332,20.425408469378784,410.87289807416295,0.9328486514122378
1014.9902115629227,0.020054467557732696,0.06076026802008101,1.8337304369509861,2.017444067050973,4,0.022943472902573467,dispersion,44.17123342846508,17909.11662302819,continuous,rushton,0.5962742382736005,2.2321316689269044,0.32134733629241075,3,0.5418606603650694,31.332326072444012,10462.11153802544,0.9416389827188606
959.4527199348398,0.07887204031106819,0.07129367365965088,0.9130773518453155,0.9163720902524369,4,0.028636088431700624,dispersion,20.68990710838213,1465.9998847923641,batch,rushton,0.33001639378332664,2.853110215921192,0.18796990089757673,2,0.36513673977859235,17.404460545323502,750.8603051025717,0.971482470204682
1103.6233736788063,0.04716110882037702,0.06609452596882082,0.7639723522175033,0.9859918209242783,4,0.23043506308385941,suspension,8.134598184353637,183.6118497482656,batch,pitched_blade,0.2027922471942005,4.2322510127898445,0.1327984289279628,3,0.26017555775505163,5.837945314364979,117.47203750201741,1.0
995.385279546493,42.614935997931084,0.06416742624561875,1.3031118954129917,1.3868909280739428,0,0.0,mixing,1895.6221341309035,1063.0332998711772,continuous,anchor,1.1425413686242682,0.20039694534823743,0.06515559477064958,1,0.0,1477.366830873544,669.0500814792248,0.4981222298822298
1046.916645651666,0.03773264245491022,0.04282690623646839,1.0574083362156157,0.9854521230455846,4,0.055325581549795846,suspension,12.263069124721847,129.8923785792297,batch,propeller,0.2654723197236755,3.7318554125380796,0.2621438978893626,2,0.34644612956555304,8.943822032429365,72.91776872397269,1.0
915.5551958650169,3.6420043221575,0.04261463185408466,0.561038715870067,0.5563952392640175,4,0.0,mixing,214.4362310804088,97.31170360626999,batch,anchor,0.5249718829605614,0.6987728738372435,0.028051935793503353,1,0.0,166.32301622671096,71.97484673058513,0.5353757451739731
1248.246157727371,0.03709588016931438,0.047462192233465345,0.5668562143600815,0.5197530505711849,4,0.07602268748980277,suspension,9.205568421924927,50.920104383361256,continuous,pitched_blade,0.22050121766731542,3.408264733645047,0.16903844743266663,1,0.0,8.15254059245103,30.829764557937082,0.9878260425874125
1094.787449138385,43.130899784591925,0.0401166078782966,1.2647597222827907,1.344158983926094,0,0.0,mixing,544.7753658167862,8112.499281934599,batch,anchor,1.2012102472501829,0.5562619591634587,0.06323798611413954,1,0.0,494.60501935041833,6206.389331885707,0.4922254696490403
921.9841552567482,1.7686888368818918,0.06754942759853841,2.7462090893636915,3.7763539220211335,4,0.0,mixing,925.9542163925561,10704.247814099921,batch,anchor,2.35510036484692,0.6490740518753692,0.13731045446818457,1,0.0,707.3201152937663,8957.464630340364,0.516555738973863
965.6654694450726,40.561523165175345,0.06527486593760082,2.6053580281522297,2.422307846177485,0,0.0,mixing,839.830954082059,147334.55864255826,batch,anchor,2.3260306014944847,0.7312784484762239,0.1302679014076115,1,0.0,845.3397114453488,87310.98325284343,0.5267076539540025
1130.5773764322814,0.03547285461447482,0.043568112164026854,1.0102035384079393,1.491708544787895,4,0.15777813747060476,suspension,7.010129631243331,1170.745447855952,continuous,propeller,0.3723597359098421,4.622167952648405,0.21842680696346378,2,0.5970987047158764,6.318508775534994,716.5592084764165,1.0
1029.010126060513,0.04049649272082635,0.06886254283930779,1.3353973271347281,1.3773632242755645,4,0.06700167257988827,suspension,11.750107110136073,4181.71777165883,batch,pitched_blade,0.48215832823674687,3.737127631473884,0.2670745302949219,2,0.5421264669260819,13.369772982999466,3245.9579696731626,1.0
1260.4164592288048,0.042256195233518395,0.06146313285655808,1.184529332153902,1.3366188746565077,4,0.0,mixing,16.943050408666142,71.17270218070574,batch,propeller,0.3045109269379718,2.723353895572197,0.20034418959570977,2,0.5411451467011004,15.758186739453267,60.18060152092114,0.9458280200393326
1109.0942315087627,0.07797766129757604,0.04738857424419015,2.6437715826793573,2.6091376742930565,4,0.0,mixing,40.54943185059169,385.19536403192797,continuous,propeller,0.4546920135522385,3.2167317589548685,0.7086093970777348,1,0.0,40.11433717898951,298.9954066182954,0.9641630511624795
1168.4272396723502,26.18744283437751,0.06169091330168973,1.0711186137113924,1.0549173583192288,0,0.0,mixing,579.5117945304021,1902.5321879621117,batch,anchor,0.9626160274542647,0.5072863578075847,0.053555930685569623,1,0.0,442.5457017382026,1627.681660947831,0.4813168627551601
1136.078028579983,0.05871152821563627,0.04580620114657914,1.3473171121092897,1.8867885468151877,4,0.017484025394072206,dispersion,30.36137817545266,18331.056706524338,batch,rushton,0.4610429101167886,3.1033075633116853,0.3158778461498698,3,0.49359286796921464,20.29665453029219,10213.204132225706,0.952828746384383
1055.1208139271384,33.1149821796437,0.063078664728764,2.2552312800014684,3.232647428088392,0,0.0,mixing,652.2419551448916,40678.618733342584,batch,anchor,2.0198517147303066,0.6130140989651098,0.11276156400007342,1,0.0,811.567118720806,31432.93857490519,0.5092435124550042
1102.8184851867672,0.020811293665069924,0.05165926015994052,2.6695759752849275,3.944035602061266,4,0.16295557085813406,suspension,24.816617657859542,97302.12304761619,batch,propeller,1.116767328833091,2.997537777388653,0.6391161821686645,2,1.7040618669316996,24.45572750521664,52273.84058844492,1.0
1227.899719253958,0.03959347649892362,0.06601370391474955,1.015606930004144,1.220695861439428,4,0.039071864374371,dispersion,15.835495077931101,2144.906916424,continuous,rushton,0.31669079108108467,2.876954259246997,0.16451588522073846,3,0.349427481911227,15.139829421283446,1154.157943335399,0.9776821169301184
1187.5568340965826,49.187690679212196,0.05847649895525257,0.7366097807242293,0.9050933906945797,0,0.0,mixing,670.4605405655594,644.8745761107765,continuous,anchor,0.6697652163761854,0.37177904730074407,0.036830489036211465,1,0.0,519.6872814056306,510.64093157043135,0.5115898817587108
1285.747160788967,41.98628023313861,0.04378110830162038,2.7708453831136195,3.861464854851813,0,0.0,mixing,1523.6688612257462,52871.4007146472,continuous,anchor,2.5793359498231263,0.40754001026996334,0.138542269155681,1,0.0,1518.6295885593245,35922.2290388208,0.5338582009025542
961.0724568514152,0.07617185603307731,0.04991999198942352,2.649635024255665,2.566613990362927,4,0.0,mixing,41.96685080697412,25452.091373346855,continuous,pitched_blade,0.9452008326632444,2.2797313033872513,0.7787810457161759,2,0.8664784586018066,49.46040393674416,20635.41493157235,0.9670823466907044
1136.0582370722484,0.0021744893156419223,0.06414640092857249,1.056870369833462,1.1902930868687034,4,0.0,mixing,7.34621307430915,25.359397156136378,batch,propeller,0.21268384730028708,4.122498145372625,0.1625703795422463,1,0.0,8.836523742181667,16.080187441271132,0.93809035427114
1155.4938400562642,0.06355390966749216,0.040260463799166174,2.432172403369505,2.463837419378127,4,0.016119396984986607,dispersion,46.35661254802625,449139.78883311665,batch,rushton,0.9038452831984675,3.324031167467054,0.4290161268510821,2,1.051834532268852,46.21923200136758,251274.67228952926,0.9575324596935898
1196.0365299993946,0.0676803039446119,0.06157344717197727,1.796054946784284,1.8296232355117508,4,0.030540410216302577,dispersion,21.702331752497575,180739.97555051238,batch,rushton,0.690188603260039,4.086261054763757,0.5208304546232596,2,0.7195735560336591,26.05438884721946,119852.52311722293,0.9607972638895321
1213.7754884772737,35.08152623906177,0.06095365382281458,1.214352220943475,1.4353988488316005,0,0.0,mixing,881.3941591152039,1590.3802501863622,continuous,anchor,1.0542646291134028,0.3310536853864843,0.06071761104717375,1,0.0,794.873897107326,1186.6334768033494,0.52553509629826
1269.2437894543175,0.002562972056342948,0.06031887879288216,2.643658339202066,3.38695654473775,4,0.04567378455078476,dispersion,39.66741569450392,378555.6160442047,batch,rushton,0.9344733587798715,2.935750331633483,0.7015822351576951,2,1.3462161669261006,37.51361340806634,198907.47472466982,0.9499135054931355
989.2058158107095,31.237248118429857,0.057463738198596265,1.8303188297429016,2.6926076379316437,0,0.0,mixing,830.6535146834094,35681.54022419837,batch,anchor,1.737956918123917,0.7249306598703755,0.09151594148714509,1,0.0,615.7326070720776,28439.48223566831,0.5104994845622838
1143.575869335197,0.001332866336906501,0.06203322428124662,1.7769644099856263,2.001083554142715,4,0.0,mixing,37.72344102693169,768.9581998099309,batch,pitched_blade,0.5400000701474259,1.7111852147499051,0.42424283972077925,2,0.8406279800511839,25.41373338546481,642.5269943523789,0.9440673647150399
1094.605299761341,0.06028730866907844,0.04490887479579758,2.49542492426957,2.295355182747307,4,0.0,mixing,32.76015333151554,857.4791079684137,batch,propeller,0.5025575113101718,3.139497414639185,0.7306111206384209,1,0.0,32.92627990083526,491.8777306986554,0.9439854873563249
1062.029288991221,0.04478581889344664,0.05941475286334953,2.800058481249897,2.9719401089696302,4,0.2628321179290964,suspension,20.124553256968245,278880.576684701,batch,propeller,1.1572025216769997,4.487019515103258,0.8329899464147621,2,1.0569757469905179,21.55749911194667,197207.72327569156,1.0
1186.4991902877218,0.07906339663114328,0.06666771856754301,0.8498712162186063,1.0889171750065376,4,0.02980169396947054,dispersion,10.574489547789431,4058.935059042988,batch,rushton,0.3303499800898809,3.363808984293562,0.25484064297142234,4,0.20264732734887783,10.877535319213017,3204.9072211368093,0.9913039047617664
1072.5545879268202,0.044385213241708014,0.05674666365671021,2.637323783684791,3.074860060987138,4,0.0,mixing,27.109760691630324,37519.46622939668,batch,propeller,0.7881112847670826,4.612458977650531,0.6947991085508893,2,1.1015375964915104,20.419366106378337,28395.002229524383,0.9541321825544556
1188.2425827855486,0.05230972130699477,0.04946702818498809,1.3306088934175981,1.8160426349142416,4,0.0,mixing,20.852042513072735,216.83907345559828,batch,propeller,0.38737374696201404,3.303349937224269,0.24755417600039004,1,0.0,17.945113038987863,165.5220170393494,0.9544070766561392
971.4917503699673,0.011721845012125729,0.04962100704427021,0.9716188422772266,1.4213113680944547,4,0.0,mixing,17.20720571900311,296.75381612199567,batch,pitched_blade,0.38098172303184985,1.9021096963454684,0.19854148911918237,3,0.37858544900031393,13.966553924140493,189.46661585074992,0.9882536930990706
1296.3887944143594,0.02627553902262834,0.04559275925520155,1.0897894062365445,1.5744894215066412,4,0.0,mixing,33.09159909304538,291.60169857479906,batch,pitched_blade,0.37677613892949063,2.542471114455871,0.30955528805389126,1,0.0,22.979117791607422,179.30165475937739,0.9994603160784694
1079.817346422848,0.003110076638059131,0.05032896583975506,2.140640020292836,2.7144530109034384,4,0.0,mixing,34.338391092499116,7379.670520945171,batch,pitched_blade,0.7442692902966561,1.9826498816485223,0.383611786433253,2,1.1946820749718632,29.759266560869538,4674.6628961800525,0.9679736476496239
927.8319072295277,0.09236076768759831,0.06572677477961714,0.8031243911438775,1.0610759961520795,4,0.002663861649540611,dispersion,16.58621228480688,785.265698706548,continuous,rushton,0.2894840932444706,2.777329914353095,0.20519891255066014,3,0.28554778127644004,13.932778415677365,552.0716876809639,0.938495677846983
1103.65859237375,37.13264633044968,0.04372797858011908,2.250757392859289,3.0982719767706897,0,0.0,mixing,1629.306324997908,19569.722666019017,batch,anchor,1.9863364592095116,0.4573688127107946,0.11253786964296447,1,0.0,1259.4351795582622,15757.092122107004,0.5102988819414381
1122.6433030346564,0.04355861072539373,0.07183802057035596,2.9750205509323413,2.902832433768192,4,0.0,mixing,23.63141385822772,40113.53531356255,batch,propeller,0.8487577309571427,4.69173870414368,0.7490851475584981,1,0.0,27.76566975151003,24264.76338625998,0.9542073875997422
1017.1079179836099,0.05005656436012806,0.05254678967044512,1.4756474227210312,1.6709862551019135,4,0.0,mixing,23.22366165695429,392.80475429950883,batch,propeller,0.4129430538827321,4.0228852044452355,0.3151704889327909,1,0.0,18.023346825030714,329.25282190085795,0.9444440538816344
1081.8566048321532,0.07369836608776839,0.053741762490569195,0.9177923665196528,1.173761605217247,4,0.0,mixing,14.684753617024867,13.139451130016033,batch,propeller,0.19024685876221348,4.2982171559286355,0.18485938280313416,1,0.0,10.693531096904845,9.592651982541103,0.9336077368028056
1248.5117262826043,0.01846747746565879,0.05651177188032876,1.3185413989042565,1.8201747341015955,4,0.0,mixing,17.504913322237176,1012.8548717792856,batch,pitched_blade,0.4640887812950553,2.106952208618117,0.36118599293100767,3,0.512090148218224,16.33384705730049,880.0110479801815,0.9578367549986098
978.8113773702349,0.00279270093766953,0.05734038883598028,2.550011737251128,3.097360320033653,4,0.27441249768291454,suspension,9.89788188359134,25772.93507612535,batch,propeller,0.6905004223339247,4.613023740993426,0.4283895010481319,3,0.9751866513272424,11.654378842438708,21971.984090309328,1.0
1010.6064959082605,0.02641135464433754,0.05960090114420872,1.2214740192629003,1.5060367032416224,4,0.26052990241260937,suspension,12.238239323625185,845.6001784557463,batch,propeller,0.38661748962733405,3.5985139532754524,0.24414191022140921,3,0.4105931206681182,9.897155382843886,582.7693176731542,1.0
958.9753418360938,0.06575068428928614,0.04370822409001718,0.840872380934494,0.7999894781760741,4,0.0,mixing,15.551379029729155,1.8866779865520051,batch,propeller,0.15754029906764383,2.8646513640897053,0.15844630254088846,1,0.0,12.54397099326311,1.0,0.9502163303884507
1064.6482201327474,0.03383946616666409,0.05047629442818387,2.4914941266846284,2.325114268169848,4,0.007415864085614638,dispersion,38.87339397034869,555310.1515982898,batch,rushton,0.9155456702253973,3.8617021005499974,0.399959844349728,2,0.9487964678702587,33.48040849728043,319424.11887932057,0.9674667062542458
989.0426097909082,0.05147093318692862,0.040414961773724355,2.689499637090066,3.4041876932908735,4,0.0,mixing,57.0095991959046,5601.688308263707,batch,propeller,0.7769826672295017,2.930546277554385,0.7734889623396956,1,0.0,42.680083541115124,3282.5499469397646,0.9202442013938329
1229.0304965188,0.056581581464325535,0.06752832719143315,2.2442095707691014,2.7310892809844525,4,0.02613969218596321,dispersion,66.13872528160286,18550.430004427726,batch,rushton,0.7669992495463034,2.108859442371541,0.5925640579388998,1,0.0,82.36978074414981,13434.172635945484,0.9718890550261109
1087.5191291432448,10.904585759692992,0.05468156995347377,2.303478594745652,2.215494461758649,0,0.0,mixing,1487.4860430388005,2920.373406686318,batch,anchor,2.0748010119125864,0.2799705516395745,0.1151739297372826,1,0.0,1495.1735581660048,2385.369965863136,0.47785564999015195
1277.4540154580284,27.038071803851814,0.06125838663193287,2.1415773290704196,1.9793640466838582,0,0.0,mixing,713.1225004354055,93841.45434280737,batch,anchor,2.0239319757838357,0.8042864069448321,0.107078866453521,1,0.0,532.358767422092,48226.717475594196,0.47224492876599483
1186.5708457388719,0.06327418101784583,0.047076761637271716,2.4101902658650856,3.61520912705582,4,0.032771064459388835,dispersion,74.46597593419003,21063.681938658225,continuous,rushton,0.7327538462759648,2.3718530149411725,0.41736085735913414,1,0.0,70.01647121441944,15178.877078252352,0.9546924033017931
1040.3581152330144,0.05035264494664683,0.06925312835990927,1.708054656169203,2.228703300438493,4,0.009413737364964425,dispersion,25.302540974528625,61363.158195293756,batch,rushton,0.5751212335924929,3.815182323286302,0.37605336997923455,3,0.661854423044051,23.47318613679675,48602.16857196906,0.9093294684206409
989.4759154415564,0.02762937290774897,0.0579549435432045,2.0991707753208835,2.7589566909502397,4,0.0,mixing,24.428036087242376,177.36528033979016,batch,propeller,0.3423918663662771,3.7236295845722958,0.4771107690567488,1,0.0,17.96059988697122,120.02267861717677,0.9512668630738969
1268.7223042971189,0.08753745509079504,0.047478549256904326,1.7582380498257222,2.069517889173058,4,0.0,mixing,45.342568992652296,3051.14275308117,continuous,pitched_blade,0.5652804047219676,2.0593397845547194,0.3265725671986177,2,0.9449523701643002,36.70868665585023,1532.7843694020598,0.965681690931672
985.3399253248398,0.012506719803352582,0.05735422716445765,0.9778849826856163,0.9704289494543947,4,0.27485617689441283,suspension,19.010849396703406,85.55338061258647,batch,pitched_blade,0.2800560616735023,2.974407117136332,0.27396539648585855,1,0.0,14.156940934529947,61.517909657130964,0.9682059790520409
975.0703268093877,37.790709198914705,0.058740252288064024,2.382767811485372,2.653864004863199,0,0.0,mixing,860.2523024506478,55551.415086139554,batch,anchor,2.1489496102821724,0.6758523990567242,0.11913839057426862,1,0.0,809.8380887023709,46903.459694501325,0.5276346812731162
1216.7362031575626,0.04024175810560151,0.06081673401841046,2.3158300400699763,2.8174590844632967,4,0.046746411240892884,dispersion,46.281718460423896,166312.6457515441,batch,rushton,0.7426520509634233,3.376860386823152,0.5847459268335797,3,0.7860824500391996,32.18488005676104,150870.59918464726,0.9848651674973937
1018.0770617833994,0.04882983432407364,0.04952000639153884,0.527165444983416,0.5490311315021599,4,0.0,mixing,3.8326312255049317,4.68507533175803,batch,propeller,0.13051761611528565,4.723218946732083,0.11454437076601551,2,0.20682182916586603,3.3247599591292403,3.9470367553114665,0.9709081523064893
1065.5402029760085,0.06458824248965025,0.06696526381958517,1.0650176502529847,1.265510764402673,4,0.021594817324784757,dispersion,17.068700579939243,4501.536590653869,batch,rushton,0.33686447345564663,3.417445157231334,0.28916369329079605,3,0.3221638938890831,14.592883619575924,2383.8077053863462,0.927928809380482
1218.4930286659294,40.59736515779452,0.044254748862997795,1.3814880518271007,1.3473683630467244,0,0.0,mixing,375.46615654484,17975.329444537958,batch,anchor,1.1851992509105536,0.7286858125024894,0.06907440259135504,1,0.0,395.605921946899,10214.705816582575,0.5264856638413997
912.9072529995422,0.06920897527735463,0.05909951002590458,2.13372617237021,2.648294495779893,4,0.0,mixing,52.07605886940315,9122.539630201905,batch,pitched_blade,0.7409873053230236,2.455125132444465,0.3469957061899972,2,1.222010014785955,36.76629101253994,7050.485907615948,0.9413634136061799
1095.0169796705648,0.06468579915676174,0.06628089738566148,2.7976586723929397,3.2826010749401675,4,0.0,mixing,35.19199371048689,1920.2537995239159,batch,propeller,0.5167631779502467,3.04515621134776,0.453371410482981,2,1.3418225964233632,30.477764494812035,1027.384879629371,0.9409558921388468
982.2956348699682,0.07052099662700335,0.04825483841807824,1.7732854441752357,2.3912195598838952,4,0.0,mixing,27.859793625208397,113.13029457503661,batch,propeller,0.35307477134557413,2.7591516167717236,0.37259743904514214,2,1.0196977408901957,21.43675812521506,101.90020062223039,0.9401482008542283
972.1297785523293,0.03816574304496253,0.05788504426606647,1.6782628763770906,1.821474635451244,4,0.0,mixing,40.51316857108993,2308.9535889975095,batch,pitched_blade,0.5522585971691251,2.163543472674208,0.4189399315194613,2,0.6764112037464035,30.448355274685035,1239.2990311111466,0.9325281213106481
1056.2227924979343,0.03830339288318724,0.05709281306241751,2.0714029274952,2.492707159406752,4,0.0,mixing,40.49067190549853,3046.0679558787697,batch,pitched_blade,0.7062222753820353,1.742286325202867,0.4989679871618698,2,0.9482273543272777,38.73728140244549,2387.3142783371327,0.9754564160745818
1296.0099656492703,34.28488428778134,0.05484378427257576,2.784470166612133,3.5569850670299425,0,0.0,mixing,1013.7847996881601,62932.99593230745,batch,anchor,2.4362383339812697,0.5716067302221869,0.13922350833060668,1,0.0,898.5425784308953,50594.09161107293,0.4927893980514152
1200.406283261086,0.033599115792394114,0.060366715955739045,1.6756596553717302,2.0150842777052693,4,0.002980908628250989,dispersion,23.035919624310903,131907.0874834082,batch,rushton,0.6318328773920809,3.357318181823565,0.4481508714071869,4,0.38122532252085256,18.372920316470367,90757.75337590356,0.9536930441526171
1267.69040628783,0.011000733283423065,0.04502680055640032,2.077524714856005,2.998001898192864,4,0.23873236269744968,suspension,17.005357165321833,228341.80420623234,batch,pitched_blade,0.8717380174877208,4.20943964245965,0.35104798391018405,2,1.377136960326757,17.127470460796033,115006.94303804675,1.0
1207.4843710661353,0.04704524325598502,0.05868849846965109,1.8001139627603737,1.9157285599795701,4,0.1959553758456692,suspension,24.875252040285257,33218.788057168065,batch,pitched_blade,0.7153234923084293,3.3369185540990136,0.527264205257868,2,0.6858052312979125,21.298085602112277,21560.015817259144,1.0
1029.5109087184092,0.04211444860176562,0.04900828510973574,0.8384261494696075,0.917958212693036,4,0.04474546409577834,dispersion,20.143254555988136,268.851770138221,continuous,rushton,0.2676508155755799,2.877724864325776,0.22144456298505333,1,0.0,21.429186314262267,152.99998262829348,0.9612809773048714
1281.2612830851313,0.05622686953813826,0.050408761632365885,2.25397487771394,2.298065262659209,4,0.0,mixing,24.54042648450215,321.9020417229549,batch,propeller,0.3610284472724006,4.24263444007005,0.6395578881201848,1,0.0,24.166671368940378,254.7492583683115,0.939442033453483
993.2671733036982,0.09796245356069251,0.05833006118627353,0.587360694291822,0.5789576588341127,4,0.01579809101397658,dispersion,10.705090523207595,121.73924257693916,continuous,rushton,0.18321671411675067,2.9590546028784472,0.11422207118153506,3,0.14393923134997286,10.663047529537796,77.97587257512528,0.9175566072757904
1200.5912699116743,0.054451686013070266,0.06472221999539521,2.2972239511211185,3.0290941453468525,4,0.026803105395113255,dispersion,50.7931243164035,229428.85235432576,batch,rushton,0.8430944367804617,2.7764697239876597,0.4259752328861906,3,0.8079615955306941,40.326633453196266,146890.82313410236,0.9073970328369775
1108.690713721289,0.040426912773292925,0.06345936972555834,1.0820816054451,1.1654526662374332,4,0.0,mixing,13.10517588058398,9.733545977260444,batch,propeller,0.16639431269414437,4.932823279992135,0.18258298565133124,1,0.0,9.010155792528531,8.18330425398305,0.9548412616275948
1212.2557381204429,0.016381531938537433,0.0718162150898301,1.3592220782375104,1.806482142487743,4,0.2862215992846363,suspension,17.976427641972148,354.02978411094125,batch,propeller,0.3862316784479429,3.014096637588001,0.3759251003750207,2,0.6550448503090769,12.500680425733652,290.7329013361608,1.0
1271.4378520379364,0.02414810815184671,0.06553380203313981,1.2444456702203839,1.4048661620018639,4,0.0,mixing,17.031414317300293,187.18251694203818,batch,propeller,0.3392376677595894,3.9113333882729764,0.3209633187762026,1,0.0,13.93722304754984,153.25780019653166,0.9559239400406602
1178.1653662433166,0.04743331971657673,0.04090440643764386,0.6306603725355815,0.6926572292906473,4,0.0,mixing,9.56745528217092,4.294015705695987,batch,propeller,0.13897535574564587,4.417539671195029,0.16415042840477218,1,0.0,7.3752523329727815,2.3833143557539236,0.93654843831921
1161.562803875941,0.050046541746030446,0.044739063223848845,0.506573150148794,0.5147553477366851,4,0.0,mixing,16.82935115129396,2.6260159333108164,continuous,pitched_blade,0.19626475125059725,1.7116092737038557,0.12437194170291914,1,0.0,13.517172316599126,2.02928811819663,0.9446584221980334
1279.4623440628852,0.03613054549005551,0.04937448344999019,0.5890094533444302,0.6239607122776436,4,0.21575347673371237,suspension,5.65938262811518,170.82382562792824,continuous,pitched_blade,0.19093431769716998,4.882634291363062,0.11427589672561077,2,0.2563730693149268,4.492127749721128,92.10562169214155,1.0
1197.2163784651948,0.03799778616283528,0.04431064425047464,1.788841428898053,1.663053585090041,4,0.0,mixing,19.36696947322644,160.73013877248886,batch,propeller,0.341073771090225,2.8188558240854733,0.34568981059418047,2,0.658836238085921,20.26366865015071,127.40680418801146,0.933534395583354
1218.7944309261861,31.268565396149775,0.04134432132173975,2.276697857244691,3.3766845555930978,0,0.0,mixing,2163.376951883558,12954.004199946588,batch,anchor,1.9683790552231037,0.3308288124729784,0.11383489286223457,1,0.0,1602.7289236021954,8042.333560561489,0.4868088421271446
996.4391677484913,0.031076491433481946,0.04513379141830464,1.1631266116690453,1.5222729141435285,4,0.27060577441347083,suspension,10.937967941270431,1054.988362307716,batch,pitched_blade,0.33077196869650183,4.753775144656843,0.17871653298420995,1,0.0,11.812633769630269,625.996536779708,1.0
1174.9984195880352,0.086793806323727,0.05019725230562996,2.7975891255797523,3.943008998744409,4,0.0,mixing,28.017783570991686,5195.461443403023,batch,propeller,0.5189175154184169,4.732001606019499,0.7166331119919715,2,1.7187434124202075,20.7040694278829,3671.6785527416046,0.9336798361307982
1214.348806672718,0.015610996468829644,0.07053726201180545,2.4127470279747563,3.187576475254884,4,0.044463205094409736,dispersion,77.27091585320714,58018.61068257531,batch,rushton,0.7993560297350065,1.9666008068400134,0.4653354362665301,3,0.8692698231420836,55.7190416537405,42810.93352685288,0.9484702845810625
1269.6664357671334,0.02125241908450548,0.045737549658957474,0.7449115519652625,0.9540897785811612,4,0.04744821997267723,dispersion,18.71332258963316,130.7307164900703,batch,rushton,0.22798495634643612,2.0898959849380243,0.17334478745360496,3,0.26404931963571565,18.231859879755646,94.00052145292567,0.9577140497193712
1170.6948270330602,30.782428684127613,0.05426840182438172,2.572538432012248,3.1087460268368057,0,0.0,mixing,1410.59013489173,17950.410042896678,batch,anchor,2.3088977993144533,0.34464972240353536,0.1286269216006124,1,0.0,1584.2645993233916,13640.432129712475,0.5025130694808089
1020.2245994299119,0.020921431905696633,0.04846035853117797,2.613049186153385,2.586398098187427,4,0.29193861957303663,suspension,21.028072585560203,568477.0885678718,continuous,pitched_blade,1.067098318956772,4.420025853425594,0.6788040889335668,2,0.9697419363890313,19.533571116628714,307952.23667791503,1.0
927.8141870037977,0.050499870799277785,0.06143574680291983,0.8733959818259771,1.2081841824647948,4,0.0,mixing,7.6236292779329755,6.21238105351762,batch,propeller,0.14124768402898585,4.373767845250021,0.1826851027341523,2,0.5325135943273208,6.735271057210411,4.193069835742804,0.9759251682587361
1221.0599745779928,0.08883242983271152,0.05214465871768641,1.3866706823662271,1.9466471401245655,4,0.0,mixing,10.933154518955014,435.26573103231306,continuous,propeller,0.28821088348903373,4.26008053649499,0.30840057748320543,3,0.537936872424191,9.787096832704027,264.63359044209494,0.9548730545002833
992.78111996461,0.06925497721650523,0.045660392528415444,1.6227365935460192,1.838826371304926,4,0.0,mixing,14.848049243868385,827.2353888780175,batch,propeller,0.46032291727074587,3.6079325880559647,0.270801368714641,2,0.7225415647003303,14.211729649155949,748.2000064823361,0.9844248767499908
951.3537913495559,0.06994167604044559,0.040144195121920107,2.82820943512346,3.6001051033478184,4,0.0,mixing,25.853069105226663,53177.92199204864,batch,propeller,0.8440718018040115,4.938962927191284,0.4699929264569309,2,1.6341499685499639,17.414837211822658,45614.67172786797,0.9756755779613093
958.0452321279035,0.014793463546682768,0.05226548758172894,0.5643048777710666,0.6995974000279941,4,0.11086117911009831,suspension,4.381464021579918,70.1217016760253,batch,pitched_blade,0.2033292289471357,3.2612705162437594,0.13470074742137778,3,0.20566783865184957,5.20925422221615,42.17003809656252,1.0
1121.0098211410325,0.0026287186172471006,0.0477823641817582,2.6672777259402944,3.187442500245113,4,0.0,mixing,44.13460932532417,25770.70314944267,continuous,pitched_blade,0.9929989660923024,2.577563155929985,0.5711510904083957,1,0.0,42.050655020091334,21162.37804624775,0.9722600041209302
1040.4000748462977,0.02512774240750498,0.06209125496038397,1.475330921661281,1.8019449055917651,4,0.24024302428277505,suspension,14.885630148713307,4089.8858589718548,continuous,pitched_blade,0.42044275128414066,4.454414019437758,0.2290684559317849,2,0.7341615189374704,10.627716275528968,2906.765558355748,1.0
1066.1134100286638,0.006200270890682796,0.043121996681010966,0.6613184437136173,0.6367512678575402,4,0.0,mixing,16.25367151208802,18.070129761913655,batch,pitched_blade,0.23434990404249795,2.535105838795593,0.16156452653133554,1,0.0,11.180553107637243,14.132207726492434,0.9369260565243498
1125.0140317832072,0.06574751656524533,0.04397855065584478,1.3630650846328254,1.6475790516646291,4,0.039954264246210014,dispersion,22.65515621469256,8271.420222174898,batch,rushton,0.4247757815934217,4.010716267512479,0.2470644964753684,1,0.0,24.39991921233282,4659.597876821101,0.9489393511117606
1285.56675132801,0.05153619736463594,0.044839453214097984,1.1207902441121085,1.5046402713652405,4,0.0,mixing,16.224329608398424,779.204846222547,batch,pitched_blade,0.38075714853693005,2.270245486337446,0.3051030532398313,3,0.3930401823729803,17.18575688993299,422.3654183845884,0.958072583455958
1151.6274760560702,0.031008517783113775,0.04589576992196418,1.6672818178079805,1.7287471128068732,4,0.0,mixing,56.97864315723752,1169.182602227782,continuous,pitched_blade,0.5274356026296819,2.4457756795102323,0.2823851071880868,1,0.0,38.7278550385054,770.6990196264525,0.9811527348803347
973.3864268920049,0.027717688619065442,0.05907288611015844,0.962344639028151,0.9207821589534244,4,0.0,mixing,8.548995921021692,43.37052170900014,continuous,propeller,0.2530728295524375,3.2054078659245415,0.1707855411525716,2,0.3640818568812566,10.593952616051435,29.537321104703814,0.9882873455411417
1113.4558288872975,0.04186408637496796,0.04830321988266246,1.55076174969702,1.7601962558905204,4,0.0,mixing,30.56595090763566,3373.358901814464,batch,pitched_blade,0.5484212493985433,2.495101163508986,0.3142897987971616,2,0.7220225971058519,25.338658065792306,2043.738861647701,0.9358388167993885
1167.0701665691308,0.02220056179812646,0.060961128163227504,1.3865661017211064,1.777880268226177,4,0.029122008043653703,dispersion,18.728379900249525,9756.540156860641,batch,rushton,0.4919307163513426,2.3209465175197748,0.30303681840402996,3,0.4966723657032419,21.34838466867184,5731.516271200006,0.9173832441377487
952.4949971237631,0.09918691775687527,0.050009603964784446,0.8931508167177125,0.9638186397081262,4,0.0,mixing,12.303760246127984,113.66899735734128,batch,pitched_blade,0.3539831833498103,1.8764397477222248,0.1525838238487782,2,0.42683415217586285,15.166622682407134,74.86046747130717,0.9732365804114135
1258.960072851989,0.017361317391982014,0.05155831703668636,1.063661240076152,1.1735837763540093,4,0.0,mixing,8.706635937325112,54.40926081085844,continuous,propeller,0.24101161059332,4.08232934124839,0.22768181792789743,1,0.0,9.116322985735442,32.817969159200636,0.9544219809353642
1290.759089478852,0.056865095373953616,0.04992147341391348,0.5092985626685016,0.7631252556584279,4,0.015551787560047643,dispersion,4.702179963812422,201.49919576606874,batch,rushton,0.16501579356109924,4.106146133449313,0.14545059756806414,3,0.22513017249980338,5.821526593047755,151.37677071820485,0.9809329436663455
1105.6143591944792,0.06592359106090373,0.06105421255118933,2.734411076332821,4.046358153116906,4,0.0,mixing,72.25479739179228,29814.82503299412,batch,pitched_blade,0.9899046507100956,1.8552838083752017,0.481882691489471,3,1.1053265844333655,53.73639716674671,23709.270686165517,0.9525011238222377
1032.9783995594971,3.0062737479067985,0.06433176327070309,0.9912945459807988,0.9054400506498629,4,0.0,mixing,175.58011809274487,888.738489757965,batch,anchor,0.9197527647414983,0.8224815589100823,0.04956472729903994,1,0.0,207.41313682528244,570.079493688484,0.5007952191855259
1082.5199402327237,24.829904497569622,0.05020261837017822,1.4503797013747541,1.4037291115088746,0,0.0,mixing,409.6059767608861,9137.798549119389,continuous,anchor,1.3585308834366427,0.6341824762868173,0.0725189850687377,1,0.0,486.84967057102006,7360.875185103598,0.47272472384340064
1213.2585901113541,0.036451184107468095,0.059670608209234324,2.7232821757691683,3.647579989685775,4,0.23462030271007656,suspension,33.419489927341175,171159.97901096326,batch,propeller,1.1187685290467322,3.8908871398190796,0.4430272797042524,2,1.5763334371938973,22.59602729606868,118775.46722657661,1.0
1020.535408082671,32.08887129679495,0.06156405833370754,0.5683572694262404,0.6858900820608678,0,0.0,mixing,270.4141461032684,742.4253359531475,batch,anchor,0.48516111457643374,0.6182421776095166,0.028417863471312022,1,0.0,199.54610812352806,395.3422266356539,0.4841048237659404
988.6017716146362,33.2916187653829,0.040777902630758124,1.578659044732864,1.655808314851125,0,0.0,mixing,699.5694182278078,9055.328781896756,continuous,anchor,1.4755890188462786,0.49712042665280193,0.0789329522366432,1,0.0,800.2876800949595,7816.249264732516,0.5033634844956267
1056.490460269704,0.02197793664029757,0.059517152369789786,1.063212609269442,1.2543195527946387,4,0.0,mixing,16.89657195995667,24.77568138534294,batch,propeller,0.26738345843546724,2.687690488801569,0.18727319266122527,1,0.0,17.516355023538413,14.05027797876056,0.9572810047499555
1019.6619131525069,0.04031940027433607,0.06818982350152794,1.1094013247099341,1.3556703180455392,4,0.0,mixing,11.552254208177324,398.61497367493735,batch,propeller,0.29790712498906824,4.97611404578257,0.2415858225303386,2,0.5395550648492784,7.844708011923266,267.14089953418426,0.9779484030432514
1231.569652314244,0.03375048611425031,0.055953028233072875,1.3164968180360452,1.278081130289196,4,0.015069700543150672,dispersion,27.75000699059172,4624.552281120414,batch,rushton,0.49745417810276055,2.1528263595847235,0.3623545596933586,2,0.4490820073700771,32.90044853162254,3141.302941893243,0.9510418690247024
1113.8425683845833,28.882691355875,0.04652805333078983,0.8363967922480954,1.1522685560819943,0,0.0,mixing,335.2163692795471,1369.8115244411597,batch,anchor,0.7597652745058601,0.4879547432125684,0.04181983961240477,1,0.0,354.3204952447976,776.6279872547009,0.5215430682086449
1160.3421391617537,0.00609743620771977,0.06332293452195559,0.8164735331305377,0.953372306471883,4,0.0,mixing,7.745903187435833,17.540268269771424,batch,propeller,0.17804608512075523,4.117674982029395,0.23876264297515187,2,0.3465771624408721,5.490444560441953,12.419173536982054,0.9516910043282889
1296.777526664056,0.07800962022391547,0.046021798997400304,1.5033458587525046,1.911851326637536,4,0.041167947178715136,dispersion,29.466287130256887,11747.70104098394,batch,rushton,0.5160044412878844,2.5069022738816034,0.24698998365529246,2,0.8668859948239079,33.13714312966645,6921.581739198205,0.9765544078636186
1008.7018195003697,0.019056724145130922,0.06619242857608514,2.3764319016812108,2.866355830620975,4,0.1422106481607462,suspension,29.56923583277942,58554.60904714038,batch,pitched_blade,0.9982955760316191,3.3503830230893987,0.5047545083952983,1,0.0,30.910848957674016,43844.71905881778,0.9914532641924546
942.3766185999032,0.060097792010614715,0.05938600423279346,0.6865742492135527,0.7015050462890549,4,0.03927517784876789,dispersion,9.846221070881631,509.1669910524651,batch,rushton,0.26842048537582136,3.204199532956194,0.17998642797421674,2,0.28175202162558577,10.756238923127617,380.0852134260714,0.9794353851099106
1293.6928248166714,0.0169549860596879,0.04950324827423258,0.8870702505373127,1.2174742286595115,4,0.11974497584500064,suspension,6.43725896896831,3492.0168718450736,batch,pitched_blade,0.39346429071099853,4.818288811272621,0.2035192658844117,1,0.0,7.5923230155248085,1924.3840285859396,0.9930710040132884
1195.6726508172633,0.015194793319377172,0.05350989368080285,2.6776211057965114,2.9417723570759238,4,0.01933472515396059,dispersion,38.25293607099755,347698.543373646,batch,rushton,0.8200614787147149,4.074712355332426,0.6188745839995629,2,1.2378971588090724,36.096747706205974,257904.334734729,0.9605889831249924
1109.0023494050868,0.047755253529591285,0.07090689198633059,2.1452377929416744,2.597691964046444,4,0.03918611970982827,dispersion,36.15424820942666,123631.90651789072,batch,rushton,0.6526017393712846,3.396030470261963,0.3619683308245804,3,0.7893468179964951,29.267690712009237,74651.3891369119,0.9395325650579751
989.1114999727826,33.09313254273328,0.04638626118083379,0.5285249882143843,0.7829819627167204,0,0.0,mixing,384.20330928865496,165.4477308577382,batch,anchor,0.4701436426611038,0.36586901896327007,0.026426249410719218,1,0.0,272.48695653443684,135.97313481165784,0.4753130885900508
903.5535206504283,0.030942202735972434,0.06266223211568082,2.4645698979502333,3.685724278918584,4,0.18813775542729172,suspension,30.32920117042783,155587.98237111405,batch,pitched_blade,0.9190531451957402,4.291944171347627,0.6997633785402775,2,1.4801386808024002,22.86965477309207,120283.29576796592,1.0
1241.9639340882986,0.013936219416847598,0.04451788405707943,2.3476192655003905,2.685243968680023,4,0.0,mixing,16.08009583376201,2073.8560165066606,batch,propeller,0.43313588706034195,4.486504812464011,0.6200985467476601,2,0.9495070355579278,15.066868150755163,1481.2813125488904,0.9289405750176906
1093.239361822176,0.006934238528730158,0.059458443395517584,1.8883067330211594,2.7553371143192638,4,0.2025087720328782,suspension,16.364936494742917,42388.41744137573,continuous,pitched_blade,0.767431309249272,3.260452446155305,0.5458066763173016,2,1.1324001058052395,17.463632612066576,26568.67234327631,1.0
1032.3619852413708,4.155392931669391,0.05719236079785883,0.9430169257747851,0.9329759176880289,4,0.0,mixing,291.9119525773759,393.5716506454346,batch,anchor,0.8041968700579905,0.6481415353635226,0.04715084628873926,1,0.0,271.517603030627,284.37696983978486,0.479388851921537
944.2761914936239,0.01984138731281932,0.04701255670601502,0.9004941987408903,0.9979018039100503,4,0.016568364774935375,dispersion,19.678534912070123,549.3395730122006,batch,rushton,0.29205407283830337,2.0544006713045913,0.1763502319392148,4,0.18876306355025152,17.488219922947042,281.7929924461099,0.935602799400212
1140.1859645580862,0.03919773908027378,0.07135533029105086,2.1216127319430163,2.1033461505625217,4,0.0,mixing,52.38509267512822,2381.4453292646967,continuous,pitched_blade,0.6900889249716363,2.2288469735337197,0.4853090538403068,1,0.0,41.26707783476402,2132.800570889373,0.9170311110447739
1068.5379917092948,0.07604156898967918,0.05389800776834082,2.5197591907871297,3.039713495022474,4,0.041673500176794706,dispersion,41.70076213088118,734153.689041866,batch,rushton,0.8494477723503177,4.044130229851621,0.5834452297054573,3,0.8348559332804028,29.748012283158538,490078.7858018477,0.9499438829501644
1148.2958088524729,0.08916720351412266,0.05674814636651952,1.2185462620880012,1.7296946244733042,4,0.004651012851218295,dispersion,31.987940715563667,10776.480829466816,batch,rushton,0.4800357367402918,2.874998084747446,0.2596105798358271,2,0.7285981213985663,25.89580067419109,6354.46075245759,0.9615105770382661
1040.6154691891757,20.36701005407182,0.07043764753566939,2.015330990844814,2.446019138829613,0,0.0,mixing,1126.2642051241594,14844.051727025864,batch,anchor,1.889619040280894,0.41274453385298604,0.1007665495422407,1,0.0,1042.8992743067815,7469.786171006283,0.4703916165972255
1235.7895601786577,0.05653513064268169,0.06250174899780198,1.0903211897107927,1.0789709354893995,4,0.0,mixing,20.660645431293975,256.0486356300208,batch,pitched_blade,0.3750639770788372,2.4564852862118687,0.2678134100537215,1,0.0,22.435764678332642,155.62044488475814,0.9451489567196338
945.8377441720073,0.03009021528414109,0.057798818141415756,0.5899642771262466,0.6400782636828833,4,0.0555260249300165,suspension,7.918427500834898,104.15812299213347,continuous,pitched_blade,0.2610745311287443,2.7269587749716573,0.14979630650521608,2,0.25344999496844256,8.049109444960369,57.05175994662809,1.0
1021.6286875007781,0.00566759902840727,0.06707703922714878,1.3553655824667163,1.7554722860029297,4,0.21942688990326314,suspension,18.531380557095428,299.6758683339666,batch,pitched_blade,0.3412900396915805,3.0781913851198777,0.29017087953792686,1,0.0,17.476534481827162,192.66517093638112,0.9626192004941827
1139.2568488513098,0.06148581409221613,0.06304575292801073,2.3649148367738064,2.297123987467222,4,0.0,mixing,68.93729026279952,9656.15275557597,batch,pitched_blade,0.7586978128905163,2.4704245876029054,0.5292652386814559,1,0.0,57.492275008018225,5024.731236813377,0.9606993661188084
1244.7522447634599,0.08329477251733404,0.054479969502255116,1.6006061667771831,1.5915531019763045,4,0.022319533258493486,dispersion,29.108847109303415,26042.22913136457,batch,rushton,0.5001860377425351,3.2925343413292643,0.2726007936976855,3,0.4757103932147997,24.93474117060524,19303.574299527958,0.9487217995471768
1212.25095905005,0.06976158464226787,0.050386905670836785,0.9880020556989928,1.1728593937827347,4,0.0,mixing,9.872466378579169,44.49678310843127,batch,propeller,0.22283580996220897,3.9248632273004413,0.28156503183528997,2,0.4631046496849041,8.695819364063826,35.49417988177034,0.9475270540364202
1037.8273158768939,28.394457315824805,0.052505024401896874,1.3337970768603975,1.7525458257033757,0,0.0,mixing,628.2375564706105,5149.774079211029,batch,anchor,1.2201207258689195,0.5059084092179336,0.06668985384301988,1,0.0,561.3159236264736,3604.9586067538467,0.4817102145972914
1249.4033317242715,0.09997165383537693,0.04327804880862593,2.070206572941802,1.9454722473230635,4,0.0,mixing,15.835974435480665,2854.815121436256,batch,propeller,0.41341232138564343,4.882608057815585,0.4679747508833557,2,0.7283733765777346,15.41652170959335,1645.542784437534,0.9419644092457912
1121.4242893213498,0.024390468247315843,0.058634604484217936,1.5374804402462956,2.1696366833477088,4,0.24065523657276666,suspension,8.765702790287843,63468.070555829305,batch,pitched_blade,0.5973496023086574,4.73242724774913,0.3096350637050529,3,0.6455865985264778,10.74160282931696,32497.473855258246,1.0
1215.2698102579627,0.04183540602273637,0.0688209128898788,2.0727525031894674,2.1481080593305366,4,0.29349884239670604,suspension,41.038908018853355,39505.71352539514,continuous,pitched_blade,0.8298800447316501,2.8924231970076537,0.3747367327898774,2,0.953359945289465,31.87183074951969,30294.727547643794,1.0
1018.0982816131184,0.02212905733721141,0.040772504399062076,2.5463777006721826,2.6906513024744196,4,0.092500133561303,suspension,24.73966660257913,348343.7921258295,batch,propeller,1.131512958727964,4.772089810176154,0.48410256098357857,2,1.171072437601651,16.505540508587032,187843.39418158497,1.0
900.2760700259113,0.03692098585916122,0.05784988985227457,1.1112995154301895,1.1834307768581553,4,0.019066652061881347,dispersion,35.290459931790544,1987.3286432860455,continuous,rushton,0.3839171612115201,2.474992996491662,0.2629358636302292,2,0.4796801556999676,25.017712210090714,1003.1943834994742,0.9926582212257066
1257.7086815766313,0.07894622833277926,0.054336269418284434,2.49069639301916,2.8629539321083084,4,0.04776672711283589,dispersion,59.867671582046285,129469.8492247354,batch,rushton,0.8412972773156305,2.572637863588142,0.6801755587111055,2,1.1353722410374514,56.51847220880081,82492.90827321092,0.9410295721428558
1201.273031720438,0.06935904884842205,0.05251324145568627,1.693571051049664,2.11673374232361,4,0.011935581572354132,dispersion,36.61077089234074,92130.00191848753,continuous,rushton,0.6243319512574148,3.9686576481137306,0.4687684208928607,2,0.7928565924405832,26.71506213561169,68309.59116715292,0.9233684728591264
1072.069848495316,0.015871336986267377,0.04151070322204404,2.877176048747084,4.025178420199104,4,0.2590381326491067,suspension,29.39859783473961,61713.182609411786,continuous,pitched_blade,0.7518271047422729,3.793957110023852,0.4846483883689684,2,1.6307162095095957,26.584455355171794,37663.44552495709,1.0
1158.2850455524804,0.03624533353481079,0.06380262827545016,1.7410177987496418,2.159050532290458,4,0.22256231524856918,suspension,27.774706961399225,7949.681120814995,batch,pitched_blade,0.5727804043126568,3.1769201793906325,0.37306432346656837,2,0.9071701566686388,21.45016495773804,5679.954834038157,1.0
1098.799367188092,0.04996761871664404,0.04603185613671586,1.935513430215306,2.8259710452107707,4,0.0,mixing,50.82455234618403,4442.126463136315,batch,pitched_blade,0.5866620026186515,2.0156696417611077,0.3659753344790545,3,0.8896940324483772,34.01861436542819,2366.9700045980258,0.9608505318102968
988.8910574385022,0.035161238301434174,0.05230471319834008,1.5979956919535176,1.9136028015931195,4,0.29222533479614043,suspension,26.27184796031809,3230.961066952085,continuous,pitched_blade,0.5283685641506128,2.6575465192391112,0.24529263974869722,2,0.8647726738647477,22.212614393985856,1926.8566460452776,1.0
1133.9430051895008,15.221358589566783,0.0688551087106638,2.6626249528137023,3.9261285135372574,0,0.0,mixing,856.0783803157999,57701.163144936065,batch,anchor,2.488886998687124,0.5465736675610646,0.13313124764068512,1,0.0,877.3232997938553,31821.212517961598,0.4560572273752831
1157.4141522817777,0.057306826113013576,0.06535766100912245,2.593582002479148,2.903569953892033,4,0.0,mixing,76.61314082014998,26229.371621877573,batch,pitched_blade,0.9462217350607465,2.402896047853933,0.5625978544540435,1,0.0,58.01080087823992,14053.00082785348,0.9580857692452959
1099.3038221400184,0.0425375821694511,0.05997727477930531,0.755141797184173,0.8459082339293439,4,0.2254227374640868,suspension,10.009408900800063,763.0584630833864,batch,pitched_blade,0.30276920178365324,3.8589189220464335,0.2081483583868301,2,0.3039007612607569,8.453908366704088,415.69841772822633,1.0
1094.918383292883,0.057554289780427016,0.06681443022004584,1.2971630692555447,1.88423646327946,4,0.0,mixing,13.761813489742826,105.124148109692,batch,propeller,0.25817650323522057,3.59283672657395,0.35718944148748083,3,0.4640757465939239,10.237404003503713,82.69792501845419,0.9579535593009143
1139.269319941543,0.04586976256215593,0.0572403435004572,2.318740383290952,3.3142947725055922,4,0.26854964352491617,suspension,23.9704388403554,176531.18134425947,continuous,pitched_blade,0.9309946533174618,4.91410050549217,0.425388801512302,1,0.0,23.34384976257041,127096.26812798926,1.0
1193.9669113476048,0.04332368829308275,0.04043424284443365,2.6298135056004344,3.871931734116894,4,0.015891031403276346,dispersion,67.75392991181262,242381.09936700034,batch,rushton,0.9002748000517572,4.106053049452089,0.5229592190736528,1,0.0,49.93042898986681,189133.86027792905,0.9686299830955148
1277.976235332133,32.11661184880543,0.05873455878087514,0.5243316811715405,0.489709600309053,0,0.0,mixing,156.05259415688232,447.91848153635124,batch,anchor,0.44919149201605174,0.7130947831074881,0.026216584058577026,1,0.0,143.51370841318536,405.77097510910676,0.4732809539824576
994.0957261301821,0.0025001291619105447,0.06266745632876217,2.875098019139477,2.5918344208963866,4,0.04540039021572659,dispersion,45.884805718366685,538620.1298248159,batch,rushton,0.9941566872079113,2.847766032203672,0.6644588392888429,3,0.6567680663617809,33.18660953553661,289547.2298035108,0.977697810012052
1265.6033076047404,0.08836007450179023,0.06564045234727414,1.5087644694162812,2.006899349689,4,0.049792044913699644,dispersion,38.82658243083913,14147.962439795412,batch,rushton,0.5564425680419135,2.3084877716654666,0.32319755379007725,3,0.5556929355943719,32.63271798113673,11887.84449431355,0.9577575891378647
1253.370157016258,30.325023562664054,0.05329798641422032,2.68694746975996,3.10464867079848,0,0.0,mixing,3057.722941580718,17482.68296359781,batch,anchor,2.5213518430231683,0.25764087501775984,0.134347373487998,1,0.0,2427.0218027530013,10509.779796851062,0.4860673895726753
1088.613913910278,0.049397299041217375,0.048544065697466214,1.4287474560238604,1.3158432034490224,4,0.15578098344868474,suspension,19.94022330963595,20485.964421340897,batch,pitched_blade,0.5884128820051693,3.706737761505375,0.23228986259641057,2,0.5543397608623832,15.545693413637625,10914.571110004656,1.0
1154.3638346468683,9.760360431388072,0.05005491047444632,2.9154218919453325,2.9645098219852426,0,0.0,mixing,1018.3522487496017,44114.12061613477,batch,anchor,2.545960124285125,0.579124066988395,0.14577109459726664,1,0.0,925.4064568813388,23892.809632156284,0.479279959701728
1140.1004371343467,22.19435605963104,0.04966862161996036,1.465779217160902,1.6198767694687897,0,0.0,mixing,2862.062447057815,730.9177840753513,batch,anchor,1.302842198178169,0.17407847360804224,0.07328896085804511,1,0.0,2159.0370546178997,452.35934979871087,0.5035930630341439
1210.4868516890547,0.048238030054981305,0.044649481166338996,1.6366996962732088,1.6291470466607356,4,0.08154968820266002,suspension,27.822307784962568,26954.022138171928,continuous,pitched_blade,0.7259763956781409,3.9303069534808506,0.43611484661357613,1,0.0,22.306873574782298,19140.49113675634,1.0
967.519926020327,0.029082829279104983,0.0538824812958622,2.0393320355596787,2.9431255600170325,4,0.0,mixing,12.466464080830582,2396.3008575328486,batch,propeller,0.4753287120408812,3.5578343224527313,0.33670048348822174,3,0.7903705827682874,14.907309211696985,1399.2993245395041,0.9205837237431136
1257.3779405647567,11.752714285971283,0.06360153224075132,2.1429162413044565,2.09867185918624,0,0.0,mixing,995.3748824428627,22024.838926595276,batch,anchor,1.86306506653586,0.6427661604882897,0.10714581206522283,1,0.0,686.1712521452648,11630.892105869845,0.5327613104098431
1051.4782712487092,0.03549724514344039,0.06230733861203551,0.7348455379294636,1.0013059647045701,4,6.58685940029602e-05,dispersion,12.455864922062272,501.69514975677293,batch,rushton,0.22662674930719592,3.265367703957212,0.1919160712465345,4,0.19884438513257835,8.53468563241386,387.853850738794,0.9433759744520747
949.9521043598153,0.07026637524252481,0.05275508019189872,1.3472348603854585,1.769941631352053,4,0.0,mixing,20.00980866346759,855.5779859436014,batch,pitched_blade,0.5224008140481725,1.7076595453825922,0.23182047853151302,3,0.5330371460822078,22.537124994260925,682.9484325535916,0.9412594648227977
1181.5112292455233,31.46006552249884,0.061925101932885994,2.326351353085794,3.2018996106054605,0,0.0,mixing,2615.4629165061897,6856.768657732874,batch,anchor,2.1894277287641475,0.22034388632117347,0.11631756765428972,1,0.0,2650.2473036137667,4245.41516955587,0.5079637982257795
1144.0958727871746,0.025979444064113413,0.061027578659297546,2.160088876921735,2.1134088542411598,4,0.038368568791149846,dispersion,40.238067058589614,78972.33092987763,batch,rushton,0.6912657782715724,2.593838245856213,0.42975503809172466,3,0.5073274444042316,36.078082124730685,42570.51137202694,0.9365973851734543
1214.8301488517684,42.78845131988288,0.061591110964926414,1.1845868097739376,1.4221088769651014,0,0.0,mixing,1355.1810543250278,2226.326926543976,continuous,anchor,1.0870809318801207,0.27899330410585843,0.05922934048869688,1,0.0,1047.675197898373,1174.649444190636,0.5077464544198379
1156.545110087128,0.025136848297646137,0.07197193587750374,1.6821916713965452,2.4326170711670114,4,0.0,mixing,17.759713341317,4640.18041591794,batch,propeller,0.4865528877060409,3.72038898640444,0.4091186225300166,3,0.6976261204418271,12.08730363392829,2353.6422017873974,0.9457001645962132
1120.9860267109175,0.061599675107932905,0.05944170749285405,0.7221782148335522,0.9183578857712116,4,0.002120413426084433,dispersion,14.296545029748266,176.98471075490897,batch,rushton,0.23934549050172216,2.594874007938943,0.19510402429743456,2,0.3952096690677172,15.754321881000601,137.15193415128752,0.9688286158761973
1013.0600171350252,0.06172736954949634,0.06921333423204575,2.961601579910954,4.359230816917332,4,0.01798052778843657,dispersion,30.040894746531727,1811545.1665270578,batch,rushton,1.119075285076733,3.697954936405845,0.7109870516323236,4,0.9813811936217266,34.89611756832799,1617949.3820643746,0.9580523735873817
1069.2638739043207,0.06176915103521179,0.06600788516393336,2.1844747807415867,2.0073226407168576,4,0.0,mixing,65.96669399041892,1877.245832226796,batch,pitched_blade,0.6872773539173948,1.9440966363631131,0.6324032965567757,1,0.0,52.1088985112031,1526.2387593894075,0.9453467301389067
1291.8460092582154,0.012811380056006409,0.05033511662921002,1.712160958760499,1.7708195039606673,4,0.10737951870435462,suspension,27.483794393222183,1151.4831094590224,batch,pitched_blade,0.45366095167853143,2.759193056048067,0.4564903365905356,1,0.0,27.078261818441963,655.04359905455,0.9350162544748581
1080.3520563178765,0.0982272452358916,0.06965209021921928,2.788660839108579,2.7381931756607583,4,0.03870615538451461,dispersion,151.01689092271766,152746.11953027037,continuous,rushton,1.0191060526347626,2.362994535204585,0.6369956306493629,1,0.0,104.26176147668596,80430.80446237074,0.9339887413451032
1112.5791972748787,0.0976341482766144,0.06355957110539445,0.5291181843427757,0.5800557148723964,4,0.0,mixing,6.640071187360653,2.3139627126853806,batch,propeller,0.10226806080388134,4.543560749407363,0.10789524699854298,1,0.0,5.69558797735873,1.1665147256402122,0.9712332634616218
974.5410564464007,0.02803027276529592,0.06437104029689288,1.6688786562697233,1.7146634941266619,4,0.22812737480030437,suspension,20.317127710420046,34692.83725299581,batch,pitched_blade,0.6970199401582434,4.537020871466648,0.41184109334270086,1,0.0,16.25749411465863,19844.938439201156,0.9988254250885238
958.0268579737776,0.02929526899789166,0.06952302074596202,2.7334605102422853,3.5281708665037237,4,0.0418275611514979,dispersion,70.22138865370891,142114.07879839264,batch,rushton,0.9835813037144305,2.162025141802724,0.6608049422984135,2,1.3137895821080479,71.94295438503569,84520.38477795634,0.9824742439111657
1104.9979327423148,0.02465168212601299,0.0404933113690789,2.566965951203568,2.485323216624048,4,0.06379682264869364,suspension,36.911408438988545,64132.51696074234,batch,pitched_blade,0.8778845111991737,2.987960138501036,0.5624344680797084,2,1.0484594379716463,29.635256783374892,34152.73170169925,1.0
1188.234278696378,0.04610211784494973,0.05260757854951416,1.9592556963125356,2.663401940893491,4,0.10633919190370018,suspension,27.145713357102768,29334.957444583386,batch,propeller,0.8489620023293688,2.7124391237059076,0.35387222938180357,3,0.8128188800488577,22.99121648632431,14858.684899220832,1.0
906.705108945507,0.003629976683943838,0.04637487472300607,1.3612708825683097,1.6582975240963704,4,0.016665621285807477,dispersion,17.072452117777207,6827.2750052804695,continuous,rushton,0.5022774350310206,2.320193303433371,0.3914285977635713,3,0.3956860581728763,20.723289666403314,4875.584233602287,0.921749991987694
1189.1498217582784,0.017205078929989997,0.05959162476567983,2.354268784954578,2.8704389102371226,4,0.0,mixing,19.13294162386783,18003.587630132966,batch,propeller,0.6884016367485791,3.7299050728588354,0.4300190586837211,3,0.7544449306346998,16.586936697065596,12734.745478263543,0.9085795298240278
1102.9073463887985,0.054938007620794926,0.06473942709603081,2.5451392319686934,2.8376076550426537,4,0.04692672164667944,dispersion,24.030928725305916,1362663.5399356647,batch,rushton,0.8818701920168844,4.07066607123129,0.45475995665802094,4,0.5688219449716023,24.200430665463777,717811.5539584243,0.957842069946435
1051.0514529326952,28.471387304506614,0.057127667388946354,1.0635112171086474,1.0876884660594992,0,0.0,mixing,1541.5603689575737,511.3128732816237,batch,anchor,0.9894447429488226,0.21746453189322903,0.053175560855432374,1,0.0,1189.5072050700542,338.5239645415556,0.5028858829343604
934.3180565163208,0.013167325137114595,0.06452354065515649,0.5138977134238721,0.6341487518110046,4,0.27950480565669567,suspension,7.618191339663256,50.65403247197707,continuous,pitched_blade,0.1878090925371846,4.537538230497531,0.10911764907440878,1,0.0,5.707639460394238,28.115366808246904,0.984329230737009
1065.7693251457176,0.02467852763522497,0.06079210644709301,2.5542023000126566,3.2209975449862522,4,0.07949036660503293,suspension,31.231906399912276,77970.64268632121,batch,pitched_blade,0.9843222780132294,3.2077525897427543,0.6155329651589704,1,0.0,38.81541574450615,40320.588617229514,0.9844593753984596
904.8437154467482,0.023119006925530195,0.04311092833574945,2.856404251251592,3.463838293337792,4,0.23965184476316725,suspension,39.02224245098401,54503.76092193288,batch,pitched_blade,0.7395542182592969,3.9592736793467793,0.8179885502748828,2,1.3176488415189287,27.372462250840325,36776.92420175462,1.0
993.0374346759171,0.020454392638291154,0.06862661321035082,1.3200987051646331,1.6055983428495546,4,0.1982583321647663,suspension,10.597003308287638,970.3440820266824,batch,pitched_blade,0.3472545980535118,3.5368069048439637,0.3199507014839683,2,0.5834153502988784,11.82221142993215,592.4620961657545,1.0
1010.4720380910085,0.06157039576331282,0.06734223476374285,1.0321211292911432,1.0789048396457843,4,0.030733335050371194,dispersion,27.406326722129425,1063.1268119025626,batch,rushton,0.35863631184268624,2.451763986507982,0.2025880141392651,2,0.4076552396561906,23.232382839638497,776.8710810204527,0.9487600438126191
1247.6190440733935,0.02148544531929753,0.058445754878030574,2.8078483315613028,3.351807849166048,4,0.22459066777062664,suspension,58.56746693144429,158249.76750420217,continuous,pitched_blade,1.1321739779681859,2.5261978847359603,0.45694219141590897,2,1.3335536119555553,41.955036407734056,104679.08905861409,1.0
968.6031066483193,21.362943698407182,0.06707124617983654,2.6862491280715357,2.516209038997185,0,0.0,mixing,3139.2780509757517,4225.436246810494,batch,anchor,2.3131431226313275,0.19351510748264164,0.13431245640357678,1,0.0,2957.598179970027,2989.889689544489,0.5095893760838177
941.2094869005413,0.06460893815505778,0.05344565688081687,1.517700716321194,1.9247737871052735,4,0.012943060459501738,dispersion,40.17351933145255,3131.955110411306,batch,rushton,0.5164539300827792,1.9861038526891943,0.404333891419309,2,0.7219815046159075,37.60489941226974,2382.380651583249,0.9427396999126373
1087.9770159171533,0.04630979614885633,0.06590102018240405,1.2471302101868433,1.2716447042264931,4,0.020740533755742044,dispersion,41.9570096490122,5618.172397086209,batch,rushton,0.477705363188689,2.130892251296891,0.1921034138438145,3,0.3614485844402667,29.106245204713613,3335.547220663907,0.9555892822334068
1076.5918427233396,0.02485148353528392,0.040421655626968214,1.5748940770840325,2.1340709761328274,4,0.25312116931583506,suspension,11.941381095465433,2999.240949713223,continuous,propeller,0.537641219735569,3.3082064625636183,0.32338522621610954,3,0.5637373450015577,13.366309191331974,2608.8067714762324,1.0
1191.8577842482791,0.035879382477326784,0.06473515029979857,2.903710611050122,3.9056566031944757,4,0.03994529550806106,dispersion,37.28211195752318,937518.912371435,continuous,rushton,1.0777798865276957,2.889192686476212,0.47425029597804486,3,1.2009198534052261,45.58233235516036,535619.6947733545,0.937609587126258
1244.5680309838294,0.08626793601541229,0.0664094641709419,1.6854088177717028,2.3744378242803044,4,0.01720502013461374,dispersion,57.33332632939216,24161.605514924147,batch,rushton,0.6590620239191375,2.247060040001096,0.34049377259527835,2,1.0719490918233916,40.95483018138654,17101.93544758932,0.9663638181014558
1222.6825409199232,9.407066001947125,0.055791345056612554,1.2815809314498452,1.8866777890752022,0,0.0,mixing,573.33037528162,1719.8740943588914,batch,anchor,1.1447026397267857,0.46106616987072874,0.06407904657249226,1,0.0,518.9218550571671,903.1590626297818,0.4965185006925068
912.6262202338811,0.042898355422971934,0.051111369287350744,2.391060103050956,3.1129677502520288,4,0.27532739036858206,suspension,32.36436728855537,22846.06009912286,continuous,propeller,0.9361278566517295,3.135552386162946,0.5956268195074378,2,1.280773412804909,23.24626270728654,20622.000842111935,1.0
1056.6633872357622,0.041353922305417505,0.06560563927826013,2.555870467635131,2.4540939183332213,4,0.0,mixing,30.442926709152026,7149.010324470547,continuous,propeller,0.6066897912605359,4.7271714930931035,0.5131934939206443,1,0.0,26.198106000085126,4446.2635894456025,0.925558160244805
1220.9098261888448,0.04410186309104323,0.06619428080590642,1.231598442262427,1.829746542769306,4,0.07844548277298245,suspension,9.690649057798048,1906.1627105796924,batch,pitched_blade,0.3513661335941994,3.757639082998818,0.3377453021291314,3,0.5283849510484584,10.513495649855168,1146.6418179635448,1.0
1125.3666491325632,0.0629848866362935,0.06289883767573144,1.4169198775186005,1.7399153523449393,4,0.004515012338540714,dispersion,28.85213127529706,14650.681213573533,batch,rushton,0.47115383294288105,3.6274111574821557,0.38866484344104985,2,0.6278901305217095,23.15331163417482,11344.222015270141,0.9779406274975869
1282.9092616370697,0.06113215841082185,0.06277665052530543,1.0492064194044417,1.342612248525249,4,0.041457934522317066,dispersion,35.173306400217655,1913.3873124535987,batch,rushton,0.355723348336845,3.590196369746153,0.22469470451061183,1,0.0,25.21707241840848,1487.6800545229116,0.9610314792575345
1265.1268675561796,0.026986266412498707,0.04108698694805298,2.809762309144277,3.273167830303929,4,0.06635325671197088,suspension,33.99307865404598,61222.4168322623,batch,pitched_blade,0.855823271824587,3.9220474509803847,0.7581953934527104,1,0.0,36.843747510515996,41402.26310439065,1.0
1218.0680815594983,0.05661458154487424,0.056024210994937915,1.910964845697933,1.784268704591847,4,0.0,mixing,33.88446306797595,1489.2210506102915,batch,propeller,0.5031467585381638,3.530670298723209,0.5574863349290567,1,0.0,23.12055086780926,757.7523644529076,0.9170171745043151
914.0694426897143,0.04196066880402456,0.07138867169075847,1.9988678848364712,2.756398071108083,4,0.10358255520280348,suspension,18.96975764651914,9879.47438190048,batch,pitched_blade,0.6411375904926588,4.072431938982317,0.3352732914386297,1,0.0,20.249195149614458,7750.460778532005,1.0
1167.1362908865626,0.06745582044814494,0.052822459275165,1.4543236925387215,2.047151564768202,4,0.0,mixing,26.98644899477922,405.0672345005246,batch,propeller,0.41302007063824797,3.1716529430952383,0.3408362652105783,1,0.0,22.115147067381734,204.57065844750352,0.9392928239345812
1227.7700599241894,0.018447642090705426,0.047081403841819545,0.675024804916229,0.7403266817166348,4,0.0,mixing,5.78138365905308,5.4299558631288996,batch,propeller,0.13191046488241068,3.9829823494216936,0.19620609018421217,2,0.24997172463410147,4.673008776133105,3.012474005418772,0.9817973234364982
1158.3478663388853,0.03206100208063505,0.06750771604026606,2.3799996611037364,2.4835694523195966,4,0.03750459324440883,dispersion,45.50401773905687,167970.65223395158,batch,rushton,0.8618354426668197,3.435781363920711,0.5182925245437371,1,0.0,48.979686348014454,99854.2794883887,0.9497082017914377
1116.811816713764,0.032018945250736765,0.0500818620497654,0.8293284185657994,1.130293351044936,4,0.037255852992518025,dispersion,12.987462777312746,2796.4185178231196,continuous,rushton,0.3031206301735076,3.9067347071415375,0.18736756366795015,2,0.4279930259054582,13.00007024892996,1701.5286559218182,0.9379274057871048
1283.5267557161196,0.0963388645567152,0.06854037768004217,2.520871272579011,2.7139363722000867,4,0.0,mixing,27.05121487835036,858.0389125771011,batch,propeller,0.4235677906264949,4.38541682916514,0.7059034242770108,1,0.0,29.07661500593446,671.4439474257631,0.9132943640512777
1276.4845736513576,13.78301902598257,0.0555718936935783,0.925976899261147,0.8438805761413174,0,0.0,mixing,622.7581469661332,186.70491497800612,batch,anchor,0.8208778403305216,0.2400409828173881,0.046298844963057355,1,0.0,735.346822621101,109.13268774307413,0.5003056475829766
973.5948033888236,0.04337839563535569,0.06541656658172716,2.5213733950478954,2.4564755647621666,4,0.29412103291293423,suspension,32.16380363087066,28212.730331264138,batch,propeller,1.0413232045849599,3.030812961136692,0.7323634680920693,1,0.0,37.2138768336326,16098.080366696544,0.970376217807806
975.3593668975826,0.010614794625758425,0.043499394495200044,2.9503763521543593,2.872822687215391,4,0.069643841812345,suspension,50.32959280712952,169642.25393749276,batch,pitched_blade,1.2153696243267278,3.1168859892544662,0.7400914844386922,1,0.0,41.30297970539581,90244.0998076809,0.9930148473947108
1066.3331921508616,0.07363630275202546,0.05737834872891199,1.637373805854228,1.5671764954985639,4,0.0030263685654921936,dispersion,27.38274344860887,51379.507261796956,batch,rushton,0.6099226505180372,3.2842307633332295,0.26434127366318627,2,0.7068926554253686,27.77274446871503,27644.67778943466,0.9661776995207513
1126.2698446664115,0.0025213448827521943,0.047418709658231334,2.0484179074686146,2.0954262636871155,4,0.0,mixing,34.20414477089312,4418.372929276158,batch,pitched_blade,0.7319777099972282,1.858419683910033,0.4751637896850041,2,0.7559289483997486,30.463563270271745,3267.8020584822048,0.9600351694680734
1257.6800786870206,0.01052255335611759,0.06354335174084542,0.5132396997637552,0.5567440685060705,4,0.020042448802771402,dispersion,9.685486003583572,103.4262393462301,batch,rushton,0.18832697407134044,2.5696938045214397,0.11373783452900195,3,0.15266491470759236,8.091839000093607,75.63107781849273,0.9618917701747596
921.5536918954007,0.017025930209416704,0.07012597913909836,1.3250743815936206,1.9504840927205405,4,0.23471776495335134,suspension,8.901208160574736,5413.775810559559,batch,pitched_blade,0.42490335379230915,4.66865261756811,0.2535436033643419,2,0.9161360548672144,9.363810452558429,3273.411331589004,1.0
1002.328693705152,28.17021738603847,0.06732551912247543,1.0377720781540378,1.510870981796701,0,0.0,mixing,648.7250820850137,1480.0901662095253,batch,anchor,0.9675041706775284,0.34352815357727573,0.05188860390770189,1,0.0,708.7074945839012,861.3616103524812,0.49868605222719115
996.3500902586132,0.018572546241296957,0.04544738837117438,2.865377570416525,3.8122932172822885,4,0.08652717087702218,suspension,34.912832716014535,41894.418017461314,batch,propeller,1.145029876624829,3.107047936931717,0.6143800390733104,1,0.0,37.139567041583945,26372.71386103874,1.0
1057.4433943068839,0.07245956614495898,0.0681731835834464,2.473805991597067,3.400831322847723,4,0.0018014077451447787,dispersion,28.845448681117087,1081736.8707685443,batch,rushton,0.9062564490340366,4.0075843224499055,0.4522978229462968,3,0.9595601048866781,28.30601135358561,555487.201924184,0.9755432667470957
1262.6051075208918,0.05210491628286394,0.0510148127296885,1.698057114224376,2.4692781879957133,4,0.0,mixing,12.314339300583972,957.2459504149236,batch,propeller,0.3396046510439552,4.150400458343275,0.28397052925437316,3,0.6861696350429135,10.910451087237078,560.967524393272,0.9060984044285343
921.6667167120565,0.003844516235870818,0.06620930376048542,0.6081360883687471,0.5939661884030952,4,0.2702434812554424,suspension,5.559415131346746,23.51637479505053,batch,pitched_blade,0.1791630681237859,3.504405181475634,0.17264406262602872,2,0.21169342049395443,5.500166096582722,19.80687788871373,1.0
950.3841551923649,0.08276517033252008,0.04321976944843269,2.020133374780383,2.2447857606186057,4,0.005914956404706868,dispersion,46.88020510265911,82456.5895850934,batch,rushton,0.7871181263097177,3.5086542494851587,0.5743647586307666,1,0.0,46.311703754325556,58211.87420679534,0.9205434980306062
1282.7636213326487,0.09962441197784902,0.05333198279498859,2.490248647604462,3.627955976880081,4,0.008820730224791962,dispersion,81.78747376540119,113906.73868905971,batch,rushton,0.9184172364011409,2.162650817616115,0.4055366734522723,2,1.6439971626065628,68.25444339334996,87162.04560065643,0.9349631505337944
1149.2161131056089,0.013590326964481429,0.05362236636641222,2.085961880239135,2.7197389501382725,4,0.0,mixing,19.37210212787688,3535.457920308668,batch,propeller,0.5625816723522811,3.7732914610262136,0.6112706692448182,2,1.1478594173382732,16.649455177933476,3124.697169637748,0.9413076761003947
1047.2838949941831,0.012150455969231127,0.05627600556963705,2.50643667185841,2.579511743702899,4,0.18523655998222316,suspension,26.19906599483898,100192.49896984469,batch,pitched_blade,0.8043873510038795,4.3696801951843955,0.638686303778712,2,0.9466964412874226,18.623648747917976,75678.73869795266,1.0
924.2934906495474,0.031001961910756954,0.06889458098534254,1.9123848264065975,2.663197121153856,4,0.27968509632864985,suspension,24.140765951107298,5729.468817311028,batch,propeller,0.6789395019165813,3.408308974884048,0.3588318399537682,1,0.0,23.761530282120056,2876.262318366766,0.9994056383132235
1084.6072864038845,0.02219552437572015,0.04244884511046597,0.7708215744835838,1.0642078791841152,4,0.03471209868389457,dispersion,22.14384089781344,188.8856659640809,batch,rushton,0.2794275222957194,2.1435962551547822,0.13148418454831293,2,0.4941198253100054,17.7128978281205,166.95457185023577,0.9986906533769832
1175.415238464595,14.634915381302479,0.061329858962838255,1.0401688614072397,1.362491560162116,0,0.0,mixing,489.0163182457016,1120.4558460945934,batch,anchor,0.8869637145835471,0.5378555544629698,0.05200844307036199,1,0.0,409.2100730536422,907.9306583725879,0.4709297504295101
912.680411217531,0.07528121405625283,0.05954295169502766,1.0078158811610243,1.0332301963082364,4,0.04780367814055197,dispersion,20.84251651397788,3236.8042073885254,batch,rushton,0.33306609892082994,3.920885750944704,0.19679527182226697,2,0.43839066515085906,16.734363615605588,2059.172204751664,0.9353848311409486
1201.8360671323421,0.03629982498173598,0.06949293229532891,1.5763155628399734,1.784580038436062,4,0.1112016401177691,suspension,22.297441887577072,3532.8593200701293,batch,pitched_blade,0.5235095792771585,3.3639236349944577,0.4367473709683944,1,0.0,24.274718239720492,2132.866832166675,1.0
1027.4615038950124,0.030789462115702448,0.04108548481715262,2.452237684861479,3.2073528457487206,4,0.10644212753597666,suspension,15.726135537864245,278261.97655158356,batch,propeller,1.08758271535685,3.9613684878713533,0.60394692405413,3,0.8125653969835882,15.220983642387989,151283.44161003182,1.0
1114.19042109315,0.017347049216764075,0.04540229991256182,0.538612888594187,0.7261066550270768,4,0.040509881062698976,dispersion,7.2592286889013025,250.1715230234815,batch,rushton,0.20104626772977405,3.378446613496139,0.0830800160631183,2,0.3409183631549993,7.417992986452518,126.60287542881565,0.9265764288754053
1075.327005952714,0.08855153495538437,0.06520554009092962,2.3890893067069148,3.5494819737222207,4,0.0,mixing,42.60504607488714,2959.100049056782,batch,propeller,0.5803718689007704,2.7908655047123347,0.6935432631442718,3,0.9144769476625659,28.724311747224295,2148.5028978736404,0.9730380687852861
1065.5933669802012,0.03591799373759319,0.05378984857098825,1.2549665307799724,1.2047512126209474,4,0.20109634678610605,suspension,13.18350418421,2282.6230231792156,continuous,propeller,0.4350660683065259,4.181185734116803,0.1915811285443072,2,0.5429968831639135,10.437955348381251,1180.7401505733892,1.0
1115.6918702882977,35.004792994691314,0.04545763224363941,2.593426057232286,3.576826213999462,0,0.0,mixing,1043.8116955988528,136117.89773617993,batch,anchor,2.294103985045746,0.8088426771426264,0.1296713028616143,1,0.0,784.5120057538337,82563.42216124477,0.49495351886817324
1112.8956082620414,0.05190327868884724,0.0622255232340294,1.3887694586011619,1.292500983320013,4,0.0,mixing,35.28137984081419,745.28761253223,batch,pitched_blade,0.485679655116637,2.1605567030015016,0.26359096019530237,1,0.0,34.96692425882335,373.7369665427972,0.9421771638268422
1054.5892403044727,0.0015792230864297755,0.049286115623820015,1.682884188600154,2.241490975523623,4,0.04274431738876275,dispersion,36.74636163941865,16246.467293795075,batch,rushton,0.66619607544396,1.9230371815625757,0.28238141303148895,3,0.6475464503338462,34.135176903049405,14537.455134112553,0.9392060842946901
986.1268008689956,1.6266739371263341,0.05569432107480002,2.998694035071985,3.296370387775568,4,0.0,mixing,737.9855367042254,36636.55799040998,batch,anchor,2.692893858901242,0.6898521120336044,0.14993470175359924,1,0.0,687.5983999689395,21323.441841082313,0.4885168180782725
901.9533760004991,0.07209877552441869,0.06925083124056108,1.5722524307530628,2.3470817940725532,4,0.028274958623249136,dispersion,34.64982945286323,52060.29860015068,batch,rushton,0.587473965531177,3.733075821072924,0.2409968021681055,3,0.6395034950827442,23.39467268074627,43977.42480239701,0.9238103540980123
1067.5336799890113,36.662182439390826,0.040818079782236755,2.4289387769174358,2.6508818385088166,0,0.0,mixing,1125.4037324636229,43090.43299897323,batch,anchor,2.1901650766415,0.5709614154899082,0.1214469388458718,1,0.0,863.729026800717,35925.16031846783,0.4988714114160732
1274.2273688128034,2.3513200713990248,0.059307880952897706,2.335906762752649,2.285546064439585,4,0.0,mixing,416.1129358949586,29780.550920298694,batch,anchor,2.1904422529580416,0.7988868717049349,0.11679533813763246,1,0.0,484.693166965094,15382.840560678702,0.5091191581257323
976.5299103331295,47.18565742673428,0.07175706396270279,1.3735809246343949,1.4505058911118913,0,0.0,mixing,944.6509079882126,11701.646747926517,batch,anchor,1.278167808264582,0.4484067001307597,0.06867904623171975,1,0.0,731.4430119100141,5884.574503512817,0.47964889161963026
1063.2567357384773,0.03302597720779028,0.07108236802270021,1.6976143469865579,1.5785050594233354,4,0.0741251207284482,suspension,26.570609777572137,30193.999789466525,batch,pitched_blade,0.7351964431642143,3.080505486203406,0.2800867711730626,2,0.670608576808729,21.26856147005005,16736.90287262337,1.0
1015.3061414019649,34.201322616483985,0.066373930687909,2.0360355559504724,2.9704439668677547,0,0.0,mixing,731.4025853691164,65016.457471231886,continuous,anchor,1.7487240236504107,0.8025608481430484,0.10180177779752363,1,0.0,572.4030908265615,36162.91117180874,0.4817664142530626
972.8306784755387,0.049594332051775804,0.041674048893725106,0.8438340471149601,0.9207564355879659,4,0.0,mixing,24.242482189764647,85.55124925748382,batch,pitched_blade,0.33320128563101425,2.420236285068094,0.19847283623148915,1,0.0,19.493525739986538,63.80186157971632,0.9794149093097758
923.6636496368346,0.01162798022999282,0.06611160537096397,2.7471672966836254,2.4754990276840108,4,0.08827698801598925,suspension,20.995457762346877,14602.64367860935,continuous,propeller,0.7347180311688746,4.044988237601541,0.7676036166312692,2,0.9090455211457854,18.29065636672677,12479.313068679836,1.0
900.8563059969222,29.27549311366265,0.06885408972279813,2.3326516838757936,2.3130568129858236,0,0.0,mixing,648.6883605921954,35151.35785663141,batch,anchor,2.077134341976679,0.5967074865424976,0.11663258419378969,1,0.0,802.6957752936282,25966.566117067207,0.47298163046056146
1127.8839624671682,0.028838246076493025,0.045690383479425806,1.5637557001354883,2.2407443817740798,4,0.10636089764369273,suspension,30.748155389902728,1938.273790951295,batch,propeller,0.5945711975288419,3.203708623305347,0.4111775949368605,1,0.0,22.600242169979868,1209.1078264528398,1.0
1146.4043567955841,0.06985235630160659,0.04952371636408234,2.251817904346005,2.6420045356058264,4,0.0,mixing,21.708819395958773,3160.404572201693,batch,propeller,0.5494031004531491,3.671512359500186,0.36342131106784903,2,1.248622173159752,22.07255463048186,2551.637435937693,0.9601824077226552
925.791444716825,0.02164178987358851,0.05472429553285142,0.7697948682726298,0.96904326440884,4,0.04838492989912009,dispersion,9.379207021415437,911.2809404923418,continuous,rushton,0.26803081342641216,3.217356784913023,0.1548767859675311,4,0.21366848171192127,10.924709868609154,764.7693844010105,0.9363637386936914
997.9836999884029,0.0359974034931533,0.05693271157879881,1.5999701453994613,2.1296069054461677,4,0.1381344755006232,suspension,35.075481069274886,3784.044022829639,continuous,pitched_blade,0.5684195882990823,3.0252204292155804,0.40565572721330634,1,0.0,23.965583188834298,2252.2431943080146,1.0
1220.6497607086158,0.03166539850608031,0.07197714907858804,2.7940906359255475,3.907741133583992,4,0.17426392315341932,suspension,24.521283391123088,91297.5799667631,batch,pitched_blade,0.8676895615219921,3.1516128010749638,0.5168698944400987,3,1.085993150036132,26.273640444464736,67942.9582625692,1.0
1085.8504096893582,0.09016775193787722,0.05061124375641648,2.2952800933746547,2.6799697319669806,4,0.03862822701460898,dispersion,38.29162344390511,471238.0022586959,batch,rushton,0.9137877642575437,3.5143248344358553,0.6750024117002712,2,1.0818252287190893,40.99380656151352,288068.03494566394,0.9492744794296808
1279.2912804552263,41.668705620583786,0.045273069861887914,1.2036714275202351,1.1039994619016262,0,0.0,mixing,491.6431157802977,3959.1310480820152,batch,anchor,1.0279911386981428,0.45278499505724773,0.06018357137601176,1,0.0,577.1277743323092,2801.4092461099076,0.4801273457602997
983.3226499989769,0.06990416292684704,0.06241841475717014,2.653472817758903,3.592408354854041,4,0.0,mixing,39.014267802107106,824.1075730553738,batch,propeller,0.5224470743691496,2.5145287379193766,0.5133328329061776,2,1.462591695003249,38.467843417469,566.7560799591002,0.9366023438724199
1288.88851630742,24.217417396826782,0.06220863097081844,1.2686791150308825,1.4204465993216377,0,0.0,mixing,1267.6481922652433,1874.7228864655629,batch,anchor,1.1559224866135969,0.3363000417368731,0.06343395575154413,1,0.0,912.6383052556733,1188.3839566045876,0.5062618386934952
909.3450358428537,0.01100214849893955,0.053187142966662146,2.8239150240829356,3.9007064972856846,4,0.29919219635613076,suspension,29.846054529592067,237503.69196355075,batch,pitched_blade,1.2437099338832098,2.5731261001553607,0.684887112992714,2,1.7021353585829913,36.447334840462545,126495.09606298781,1.0
1063.6788252399813,0.08722064235998728,0.06273802799676878,1.0384411655390564,1.0421460953903854,4,0.0,mixing,28.59833286630943,78.44615251487313,batch,pitched_blade,0.3687393485524714,2.00195768407593,0.3107921211034516,1,0.0,29.379238226265272,65.37304215131513,0.9323933725433327
1051.092680354625,0.04607321228551089,0.05555824829343494,2.5730251708726617,2.7078445671802385,4,0.0,mixing,59.66421411483623,37947.658594417844,batch,pitched_blade,1.005569838293642,2.5464830693366736,0.48080235838606206,1,0.0,48.73313968132021,20802.238654133595,0.9327692597472889
1216.7742031596204,0.020957853297715923,0.04247873297168228,2.787985394483737,3.751739772903924,4,0.0670037165085647,suspension,33.45174071346943,372739.5253683602,continuous,pitched_blade,1.0776689040504266,3.212956254739359,0.8041009859959063,3,1.0296080292054661,27.486253775613505,204994.60476716023,1.0
1010.2111523184633,0.09891566952120708,0.04173120918574128,2.452287698027683,2.914368535393391,4,0.0,mixing,45.97142806640483,1326.6654880725246,continuous,propeller,0.5746351636628668,3.1359018828578757,0.4770836391769638,1,0.0,38.387648234906315,840.1735750029964,0.9869784567448285
1154.1079452959711,37.10925871658619,0.040001620064877716,1.7563598225419028,1.8003232202456338,0,0.0,mixing,724.829825799758,19687.764356822096,batch,anchor,1.4931711572227078,0.6379626426691691,0.08781799112709515,1,0.0,604.0579002865763,14971.620845471289,0.5013373530168955
1229.4491552933496,0.044172458140861424,0.05387164872546355,2.736159682147333,2.860303608436702,4,0.04922022356374082,dispersion,45.519270032593575,602053.3250642648,batch,rushton,1.0699186311011533,2.2270916434452404,0.4856642571526669,3,0.7797687694073654,51.862348736950196,307602.86713249783,0.9243133251174562
1247.6427767947002,0.013977194474725958,0.04046830665410233,1.8371601138537628,1.7326617225615,4,0.13423039490328814,suspension,33.71365079072273,35257.114435808624,batch,pitched_blade,0.7586141620524455,2.9329777875181664,0.40242884160208825,2,0.6080102238325601,24.498836231740505,19308.458591896066,1.0
1283.6643302704795,0.047566148838704754,0.041390979141799844,2.161904852007976,2.172475372805435,4,0.11986554234742146,suspension,18.984114410439922,100124.81791203837,continuous,propeller,0.9045035206199399,4.9458535129912375,0.34888529977667615,2,0.9406011220334365,14.848107689408089,87413.5841688571,1.0
1023.67172226029,0.03660222298090007,0.05506773419538241,1.6577022470355893,2.001565956180342,4,0.2190080214598616,suspension,17.835565244969253,9882.067445260107,batch,pitched_blade,0.5804057326242438,3.350617229310091,0.31569839196374927,2,0.8680442564126898,18.64185644993256,6743.145004033075,1.0
1074.4514985843416,0.08763439365351765,0.05323679804857925,1.7996876322229522,2.1257086818393716,4,0.03797399248967267,dispersion,19.46995475920313,254173.37581836368,continuous,rushton,0.7126585570437742,4.06870653722195,0.4751574681270761,3,0.5940986234999153,17.87518463130174,181196.37281006938,0.9473130160833675
980.2820675285976,0.014975444070425073,0.05951715318828819,1.958644094586621,2.5098269958393087,4,0.02484374132530643,dispersion,71.21744033909945,12902.94719677326,batch,rushton,0.6160449213828391,2.1317633561308997,0.4721399235861244,2,1.1068069850608346,49.999691878560405,8320.358629500564,0.9762374443485762
1170.1640970661024,0.0019156442366799473,0.050236800947274826,0.6002387960737126,0.6960825107831222,4,0.031080348107388106,dispersion,6.417962868136716,673.7780133209142,batch,rushton,0.2295778478183418,4.164073839437247,0.09184796373072823,2,0.30168845442764675,4.8131601561312145,478.846607185422,0.9575245110262209
980.0629064948118,0.044394077213821014,0.050017856061014596,1.294722071683947,1.1942247114345168,4,0.16546959007760292,suspension,26.583838520858805,1303.6006168891743,batch,pitched_blade,0.4533083795207289,3.515832168302718,0.2658964582062995,1,0.0,19.378625280855363,1044.0259988707596,1.0
1039.8551187492963,0.03360192714119201,0.07196236103252818,2.6494324900647674,2.520846598384752,4,0.0,mixing,54.413717979328155,683.1491272177216,batch,propeller,0.5370914436987203,3.0039571580785394,0.656242481776935,1,0.0,36.587822695876966,586.4853772821026,0.9111404539694303
1133.080604143331,28.83086142532161,0.05746975172202273,2.7406268065215778,2.922985689244143,0,0.0,mixing,1594.4574584849433,69138.85655320481,batch,anchor,2.553401912760116,0.5386670360851061,0.1370313403260789,1,0.0,1194.8358397802551,45216.58711404747,0.5078812017815407
1165.3519951663475,0.026941290979357622,0.07037564058883734,1.6983256819030286,2.2222050205825816,4,0.21360553561445106,suspension,8.992373525441879,23560.00850149571,batch,pitched_blade,0.471406460126511,4.966708090747828,0.40979558273404637,3,0.6018915987687178,11.034355065592852,13233.699147523632,1.0
1261.773805665493,0.035734338074461115,0.04539411390886056,2.797402893515127,3.3307286399291467,4,0.16507643212251522,suspension,26.84912660519844,107075.2841617663,batch,pitched_blade,0.8641541866395014,4.759053600570394,0.7669281969853162,1,0.0,30.23029082918746,79118.21230967065,1.0
982.048100562947,0.010601709305022529,0.05523847022614079,2.483255087543502,3.5662205107130225,4,0.03579731430916014,dispersion,66.88255286173906,187675.27255084258,batch,rushton,0.964929843994004,2.67692435774518,0.7064572820729804,2,1.3286479906593995,44.859358115618505,131833.29657546038,0.972849965658522
1212.9025045721817,47.43965122807619,0.04685759843587642,1.7813733313242377,2.440280164211418,0,0.0,mixing,990.5592995230605,20316.040695022548,continuous,anchor,1.6615335468414303,0.4858767448918334,0.08906866656621189,1,0.0,827.9886375301662,15671.930096432727,0.513652326860076
1147.9282178317346,0.025637018523170355,0.07148419202499268,1.651257539424157,1.5316143714165247,4,0.14387109373150814,suspension,26.64774171856754,3738.9762279440342,batch,pitched_blade,0.6328386529538266,2.7737999343266226,0.426317735719232,1,0.0,28.950081621736224,3070.2949780287395,1.0
1217.5693993388004,11.446499977885232,0.04904207345070066,1.8719968595576253,1.8143136814767118,0,0.0,mixing,1454.8440247895935,1839.6110715009663,batch,anchor,1.6433790959436052,0.2774913409721924,0.09359984297788126,1,0.0,1203.010350169918,1161.1378366867357,0.4639077979992564
1240.7242621823025,0.08159900091478771,0.04518517242716291,1.7053111246067647,2.0581047177228737,4,0.0030737822172025977,dispersion,68.04554742130455,3270.3358582351016,batch,rushton,0.5452878690536604,2.118431153718876,0.26532099802717884,1,0.0,67.72819260698024,2620.419878234923,0.9602728991162474
1059.927673336493,0.04924873654536279,0.04346676147243594,1.3559286779772792,1.9473474438914302,4,0.1749188678048179,suspension,11.765188520982505,1215.8861255405013,batch,propeller,0.4737084541915777,3.26679098448352,0.2479889046197624,2,0.845981142226007,12.409672241104044,770.2683952774636,1.0
1201.9163799644082,0.007543903209566323,0.05144870424280226,1.772091041306591,2.6339036208101345,4,0.0,mixing,24.13012483049509,2705.018029072155,batch,pitched_blade,0.5597621130860191,2.1381042871022227,0.2802323636340007,3,0.8061941032720746,23.528043769193154,2359.230722688929,0.9602266594807775
915.9928008316189,43.425351792545584,0.06494568056858444,0.5334329375532622,0.7393423733205324,0,0.0,mixing,892.4281772795492,106.10807947914789,batch,anchor,0.5057587818360684,0.18691210740383296,0.02667164687766311,1,0.0,628.7468061289766,61.08208285982052,0.5014655814532291
1105.0177570818482,0.033617331089992174,0.05193569676869153,0.9448120418172121,1.3295126743811883,4,0.0,mixing,21.78706946622917,45.48580495020414,batch,pitched_blade,0.3147472639697793,1.8845281581197544,0.15766734543781277,1,0.0,26.632494990140422,24.32660390211657,0.9411297264405071
947.4482447265533,18.58087520788224,0.06113350586300506,2.557486323916807,3.2694163038125295,0,0.0,mixing,1065.0437290580783,35063.45513673292,batch,anchor,2.398899756129739,0.5817074386587175,0.12787431619584036,1,0.0,842.2434568129112,31701.989868048542,0.48921824611656367
1116.7291288000124,0.0032792276556616695,0.04356263642914736,0.5377992719389255,0.5350654808923719,4,0.0,mixing,5.058147811298379,0.3059039721130178,batch,propeller,0.09135037627187921,3.897934013397436,0.15978673473354707,1,0.0,4.801362561836984,1.0,0.9721747335253724
1042.8396656534214,0.02965905446767983,0.06256145994075271,2.9109301081600645,3.134611778192253,4,0.04177339221131901,dispersion,35.52968916197466,1657765.3328543697,batch,rushton,1.101696385826819,3.746874725346553,0.4749534599341523,2,1.405943763582789,41.251201329939114,835017.0498103851,0.9280812773300653
1166.9153046924096,0.07420159929221513,0.04368285966075813,1.7343822432670044,2.1107397126216427,4,0.032414441491956276,dispersion,41.49696494871476,71582.79843672975,batch,rushton,0.685912627135315,3.9661868005218355,0.3560908884411733,1,0.0,29.216069492536487,49698.47275031167,0.9516385451026061
1042.3607019259214,0.04155872342947722,0.059917041917522736,2.885777433434783,3.0652309671537785,4,0.0397884569813441,dispersion,43.152421034022474,286017.34025469696,batch,rushton,1.012910789224067,3.546639646097491,0.7773878152032683,1,0.0,46.72028360263114,224176.6916293142,0.9365030473967684
1051.2999689016597,0.005940330893239012,0.04252249840983145,1.4268792764741889,1.6490142703961472,4,0.21361962729846273,suspension,14.75894459824266,7223.515533411444,batch,pitched_blade,0.48957328556055535,4.1088736322001616,0.24918479414018094,2,0.6986952979492843,12.601870732345217,5359.12224996272,1.0
988.2938990661743,20.301475812483208,0.06100463322647451,0.8940311762743115,1.238488324517826,0,0.0,mixing,313.1073729565207,2859.2516011347116,batch,anchor,0.7985270747434596,0.7767135598150957,0.044701558813715576,1,0.0,267.11613866391895,1693.5538228147152,0.5329231749755289
1277.5368509454815,48.32762400066006,0.062426267511751024,2.615575777132979,3.6363796545650686,0,0.0,mixing,846.5949705146686,162057.57014402506,batch,anchor,2.4130340347244554,0.5973861614301779,0.13077878885664895,1,0.0,970.882931397932,82920.57813125038,0.4706279509695588
979.1284530932351,0.03491056937910488,0.05650454559599297,2.011024493648393,2.4123933169974525,4,0.033769308400432047,dispersion,55.331739939444944,41649.681864498954,batch,rushton,0.6541341825398993,3.0995887100691903,0.5584411535748333,2,1.0000843384250955,37.025844753638005,34298.80668195798,0.9384467837126663
959.4081619356318,46.72821386862694,0.07193924195089814,2.9565221907067842,2.9161294531590594,0,0.0,mixing,1146.302076068043,324467.87020936504,batch,anchor,2.6584824396277997,0.7638494422142427,0.14782610953533923,1,0.0,933.4236006655689,173165.53182554437,0.4835941139534946
1107.1960488021286,0.034991882171476175,0.0579508584326677,0.5698361999863519,0.7670907316422818,4,0.0,mixing,5.898091058549488,4.477354794668721,batch,propeller,0.14057095204484402,3.897866852694118,0.13593067911394902,2,0.3278900926531247,5.157133734699742,2.9712944283973255,0.9640613098758868
1189.9351684222277,0.09096233184416398,0.04425447900510414,2.0621155269303966,1.9164072840558846,4,0.0,mixing,48.84276926154724,12487.287860696668,batch,pitched_blade,0.6931830752649112,2.518951107348925,0.5709776366730385,2,0.681843416117236,34.08603220473979,7365.255947667272,0.9639852901191704
1174.7535869417893,0.0012736905278738565,0.06906931385666332,2.2813315589317575,2.0720014422394195,4,0.18808460238729646,suspension,17.268875612675163,40033.213169853756,batch,propeller,0.8675667541494243,3.1868991339817407,0.38699403454386627,2,0.8971042118772123,16.577052395121797,21230.925831553224,1.0
1019.9665185778049,40.89669822446755,0.06101480834536724,0.9108395673603532,0.9589733484040984,0,0.0,mixing,1004.1171243880771,735.5544220931189,batch,anchor,0.7836961742758202,0.2734559713512615,0.04554197836801766,1,0.0,811.3679630286942,405.0914500130555,0.5159408839379603
1205.575091278835,0.08174351141715763,0.040764999646749615,2.5106489538604997,3.597236627238602,4,0.0,mixing,19.624375769764633,2602.9799600680303,batch,propeller,0.4171789010585913,4.681882059817858,0.5243509825576166,2,1.5589650967541517,17.441183033032758,1324.8113700160952,0.9614786123073286
1168.0186127252528,0.03141575839620683,0.041910267608094166,2.0392087010067934,2.099099464676918,4,0.0,mixing,21.051709623154547,741.4081109022212,batch,propeller,0.49490178599789747,3.2146432072075277,0.38576085566078294,1,0.0,23.152407715269828,530.9163415680581,0.9394096192686439
930.093736345215,0.07956912638805429,0.06459156736841001,2.992083225945059,4.370723121140092,4,0.0,mixing,53.91767842408661,710.6471666261657,batch,propeller,0.5086786900196422,2.526750020048813,0.8350454322914652,2,1.6857770874612779,41.287784899223,468.68004013784736,0.9812733734872311
1207.3602130693516,22.156150752154616,0.0641409937880963,1.1690435635716638,1.149726548950279,0,0.0,mixing,1263.7943947045933,657.8687946437013,continuous,anchor,0.9938471522752568,0.24217172204885978,0.0584521781785832,1,0.0,967.4885192461819,329.7772166627366,0.5253348498307472
958.0402998193426,0.089665060400417,0.04490554361394202,0.7558671198894604,0.8345426838682706,4,0.0,mixing,9.266034019018143,19.39031142589877,continuous,propeller,0.18293312779548151,3.9893315945371866,0.17819868906956068,2,0.3512127261978601,6.242190599882411,9.965413510202586,0.9192492829898368
1052.8566884181225,0.009962289221302364,0.04728975591838686,2.566578372252717,3.8205136785354425,4,0.26843999212772934,suspension,38.9671594082803,32591.101508921773,batch,propeller,0.9662479286698898,2.855704377178875,0.5673547999011961,2,1.7136975802972099,27.441048682254937,19887.570910885846,1.0
1057.420215725331,27.357199114995456,0.04040376225540705,2.4019920145846667,3.558058060227538,0,0.0,mixing,3421.8519419573377,6139.822421741226,batch,anchor,2.256005386094099,0.2246607275685033,0.12009960072923334,1,0.0,2484.1332036306503,4780.245934222777,0.48661927800313565
1132.7876319576492,0.011819077235200783,0.05559107763721731,1.6620677966789072,2.061619179085189,4,0.0,mixing,34.38637306383301,1714.6850283655865,batch,pitched_blade,0.5674627832651927,1.9584897431552364,0.41989408192668476,2,0.7831732285686462,28.751966475358504,1048.4466759553804,0.927129971854178
1282.6826065855153,0.01995277971995413,0.05625634752066873,2.493936885235021,2.9486912665485705,4,0.0,mixing,80.11620564539031,5173.327201643621,batch,pitched_blade,0.8223760703860302,1.7197454234015905,0.7380944263028474,1,0.0,70.31028064573586,3045.324330414869,0.9448456687722468
914.2479071151032,0.08008480458060964,0.04145883880117475,0.5349598364653414,0.7743403975054653,4,0.006223263390022011,dispersion,10.797134920303787,81.68088779491873,batch,rushton,0.1746928337769661,3.227026534083653,0.14009852485396637,3,0.1922441162213687,7.321064500014364,66.27424692102973,0.9491516624039897
1081.7665640665114,0.01496668335505999,0.0654470057785509,2.2448351871291026,3.360129092034769,4,0.001992877207110505,dispersion,25.77670928237262,169025.8633294727,continuous,rushton,0.6947311919535961,3.8614269179302236,0.34237874237684507,2,1.511899501753269,27.410493201791045,91598.45791111507,0.9184840639216043
1079.552013027193,7.963658359508507,0.07144587754276902,2.5215487864750967,3.1276463159325636,0,0.0,mixing,2090.231958459728,7582.1711079290135,batch,anchor,2.3653979495276123,0.3616190298846079,0.12607743932375484,1,0.0,1397.0171647679904,5726.483007436157,0.48124618521466245
1063.3560671938346,0.007788035966677217,0.057529192937036275,2.476072299261915,3.454865563248713,4,0.0,mixing,26.57323643393751,6372.369094507618,continuous,propeller,0.6679520187566146,3.4035672686031413,0.719195597568461,2,1.475047090016879,20.803646159168142,5384.793053788425,0.9566822526596707
938.7010732646288,0.07462460375804039,0.06780764774332296,1.8035827207446948,2.5540145253685607,4,0.01565634084163744,dispersion,32.220709123925225,61708.14854605209,batch,rushton,0.7156842807549902,2.5490908075488394,0.503266381264772,3,0.7503231986531074,29.130945479043305,37956.053174904875,0.9491755509560735
926.2088347815924,0.02903388307721486,0.06513333515474698,1.5487198169481473,1.4337291594378179,4,0.041211469326197785,dispersion,30.497510581941608,57299.311251618485,batch,rushton,0.613899335028864,3.672902570285022,0.29503748298394206,2,0.5794760639361758,23.589028659277474,39693.03295611724,0.9792237275494337
965.5711978866384,0.006062034470513894,0.07023012697592315,2.8023087467363887,3.6293387641882826,4,0.1167368612391247,suspension,29.25786304925368,139304.4495954493,batch,pitched_blade,1.0324228397991468,2.950978020088885,0.4412915833378235,3,1.0690112406469379,27.596304001446885,106078.98299889256,1.0
932.443651618965,0.01899610600533864,0.06012253413048853,1.7720582837958625,2.178346184512753,4,0.298944579592741,suspension,11.75196845601515,42765.87786296435,batch,propeller,0.7866651922849232,3.959091152736349,0.43453529397474827,3,0.5728303060769394,12.228281894222503,24313.778045523315,1.0
1187.190876481951,0.02656000312816328,0.051307003390077634,1.397991553482235,1.7673575348368715,4,0.01865197055518066,dispersion,33.02528058886849,15270.348008508412,continuous,rushton,0.5233868300525798,3.8556100950799856,0.3620556740780965,1,0.0,27.891288854671657,10955.436376001802,0.9541711182980991
954.5588934139689,0.05191562323972167,0.0606163071420248,1.161167821380117,1.2570374106420465,4,0.0,mixing,10.522648490453728,126.76366147541269,continuous,propeller,0.3253181424048315,3.923797182849226,0.24269930182427843,1,0.0,11.600576114877912,98.28202049618712,0.9560860214928324
933.0767663575795,0.036696184089318004,0.0679655465433182,2.4795383191145266,2.986207087605589,4,0.24392759081667476,suspension,20.55372816859047,16518.1747573091,batch,propeller,0.719244442913131,3.7624127687938578,0.677818215072049,2,1.05786553300296,20.89251262167169,9481.046911009653,1.0
1118.267234975671,39.92303043445952,0.07010432252629414,0.9632041605600432,1.3772379886453237,0,0.0,mixing,302.6486141281875,4155.655062878748,batch,anchor,0.9000918871109983,0.6634830130365792,0.048160208028002166,1,0.0,297.63570030131973,3747.3978066859604,0.4975802650482183
944.9226345327825,0.08214753679337918,0.06097339861157479,0.7049638486374106,0.6935570219429844,4,0.015908917036812575,dispersion,10.642536691870747,478.964355785565,batch,rushton,0.23672044044537455,3.746893735373128,0.19751898978362514,2,0.27254448127925734,10.35359898622709,340.1105036612273,0.9908667384085755
1027.4014282509731,0.05824588744351205,0.043794589402210746,1.8965544755362744,1.7110532486323957,4,0.03696981724824427,dispersion,24.67099955413129,73429.09809252029,batch,rushton,0.6225090175304331,3.6684701808454436,0.2874447129877958,3,0.471717076109306,23.81027036735352,65244.434172708956,0.9761190808880857
1290.2007386154758,0.04513330463081507,0.04018053441397078,1.903396796641074,2.4875198738864714,4,0.09349000767020522,suspension,18.842392288236866,33907.19919721794,batch,pitched_blade,0.6772240470278,4.068855470388263,0.5693792497809658,2,0.9022706839828496,18.975793579633915,30186.723712644296,1.0
1108.1316995466889,44.07277417749712,0.05464461504390343,2.7783246548253726,3.029187792550724,0,0.0,mixing,1320.940540937762,255890.11385406344,continuous,anchor,2.62817137518308,0.7432894480802363,0.13891623274126863,1,0.0,919.8390970316291,164417.7773403728,0.5195419143778355
985.004921734027,0.09681469628722833,0.05231231424201452,2.28645965773186,3.400577866660355,4,0.0009791380721752175,dispersion,43.944458421651476,68544.06591023575,batch,rushton,0.7097506763525936,2.528650590297144,0.6323541188450588,3,0.9239430034535978,46.07423815320786,36928.7646814417,0.9384497025198311
1268.6720694583053,0.03164216953080044,0.06016355278563405,1.9207943455270797,2.161094623652039,4,0.08725442824637046,suspension,44.96521332883934,6670.263645736256,batch,pitched_blade,0.7042898088749954,2.5029761676558655,0.4771374234312675,1,0.0,37.966425047934784,4218.772739485117,0.9745647350782464
1299.5697512900301,0.05323617939521619,0.0587157410003553,2.699177225651832,3.961311435097058,4,0.03113165617964582,dispersion,82.280686577977,44016.35727740928,batch,rushton,0.8208288408163498,2.377902723225763,0.7175845461249559,1,0.0,82.86877847260594,28891.46705276954,0.9342149421215756
1098.6568404239674,0.07329743315585108,0.053479066564049625,2.4848060038089166,3.334684745219522,4,0.046290345965242785,dispersion,39.76562368196693,585540.158372985,batch,rushton,0.8666312766822796,3.942152212799662,0.7194578562628583,2,1.3868344890731898,32.55575421867433,295934.3046522389,0.9610280398171662
1125.9863403290317,29.383947493944692,0.0409091760801746,2.756075512602558,2.487628358828745,0,0.0,mixing,840.7583866886686,119566.15613342353,batch,anchor,2.575636299457544,0.7012859293994088,0.13780377563012788,1,0.0,865.289555969745,87962.1885046054,0.5359564179527524
1030.1422702695872,0.07320353303411903,0.06978682979680984,2.3401851242924527,3.44840752875431,4,0.0,mixing,21.324577059216857,1144.7734707383725,continuous,propeller,0.4368490887079838,4.144934907400988,0.3906254378787613,2,1.6148861782998587,20.887231600406786,1020.988018489003,0.9522089547429056
1092.7954907616263,0.029462686850949,0.040660491311408906,0.956213942084242,0.957525479226144,4,0.1289824629157303,suspension,14.48542094185001,374.9799296151332,continuous,pitched_blade,0.30232444099446826,3.2015505392316848,0.214476115651494,2,0.3661485333196374,11.728795241007715,216.49096636877024,1.0
1038.696034656567,28.836638882808593,0.049233651774813675,1.3715890378634055,1.5044364124154015,0,0.0,mixing,425.9174878511331,13492.864651094922,batch,anchor,1.1681674131251094,0.7988773250277386,0.06857945189317027,1,0.0,353.5471431939066,7961.648506137227,0.5351190813001717
1000.0427047130412,0.012337355585906918,0.07059884729212385,1.8633112300304238,1.8369674682537331,4,0.20634110405795636,suspension,26.59854587350504,28634.610539843125,batch,pitched_blade,0.7569861202768977,3.03147018499777,0.3620833818319142,2,0.7561320191081238,21.566935064950812,17852.055480172454,1.0
928.3492668526201,30.728498108945036,0.045110348133849024,2.8179347310436054,2.579662369428154,0,0.0,mixing,2101.5580189867014,24033.084302976476,continuous,anchor,2.548550089058236,0.33470762200612647,0.14089673655218027,1,0.0,1816.8495484577193,17994.21446812826,0.506156337403254
943.017938943356,0.023305792519409087,0.04778387612896576,0.7741829603026297,0.9605933820611919,4,0.2907271554516064,suspension,9.20580691826034,515.7102814272895,batch,pitched_blade,0.29362287590076236,4.121766817556761,0.20738148120978211,2,0.34581935333418323,7.503637643956026,384.66434621154843,1.0
1049.7817830468807,0.04683765206404527,0.06644446012999004,1.7481527474749143,2.2253042269070926,4,0.0,mixing,13.608936424737019,2193.2209839588513,batch,propeller,0.48959029669752857,3.5083116746204714,0.49217615434716555,3,0.568591692243865,14.048200586699098,1780.750594205121,0.9314705008645745
975.6215257273504,0.07665969656113658,0.057179993156938974,0.9463066353275785,1.0244695458172572,4,0.04735143313716864,dispersion,20.038175565552976,742.1051652115108,batch,rushton,0.3168556154588964,3.3228657247163875,0.16940247705381137,1,0.0,22.410408348759507,520.2567577400943,0.9468881381502857
923.9333704744168,0.08887716087438167,0.06821126048824097,0.5064471880316247,0.6506440761814798,4,0.0,mixing,4.392590374615322,9.195549064154886,batch,propeller,0.1375111719477411,4.698905980384379,0.12254670677374498,2,0.2572616570049694,3.890481602481867,7.298973814867435,0.96330938354502
1135.5197846668523,0.04253815642840969,0.05694916517300941,2.0418690695865735,2.3396048407777466,4,0.05268884625020749,suspension,25.714182960082802,71536.22483311343,batch,pitched_blade,0.9105012100652274,3.509534572867973,0.35804432627881294,1,0.0,28.470691144577845,41013.697153020235,1.0
1122.815556505716,0.034778273550982106,0.06914162083528999,0.6270140369049475,0.9199075091416379,4,0.0,mixing,7.083426227963031,4.214440698909201,batch,propeller,0.13873174645758937,3.86169281962071,0.11073864500893685,2,0.3732808348113526,5.489184228788287,2.864319025583253,0.9493641303964956
1000.8033064532706,0.03558297807304825,0.05936813097729607,2.7962584073275725,2.926918439206727,4,0.03332261591314795,dispersion,105.10354846172913,201415.2255682699,continuous,rushton,1.1016812034936256,2.3763616022299137,0.5002650245117722,1,0.0,96.52783370929001,105830.44797208215,0.9840876095993403
1122.6558343340403,0.009773190659379798,0.066424505001778,2.9988974562163397,3.8958200025208543,4,0.2750875057323466,suspension,19.77258188157756,300254.7986460733,batch,pitched_blade,0.8363545118224709,4.898536014000867,0.7866162839545335,3,1.1294947897501582,17.06533490091588,214581.3349386101,1.0
921.3629883769037,0.005323234154214911,0.06306700269696734,1.0047495163391877,1.347332279560365,4,0.26187526257010507,suspension,11.162467392381854,204.7553421119357,batch,pitched_blade,0.3286781041990254,3.1688406260472886,0.20397121624783104,1,0.0,11.673649092016538,145.58482165786722,0.9521934070831134
1165.8185075361653,0.04868670409293754,0.05883270553081367,1.1644655298230862,1.5440411979126218,4,0.019697010731873518,dispersion,17.16451347775885,11931.941909472172,batch,rushton,0.3863115932741093,3.8282248020999314,0.28540076849965773,3,0.42028439246876065,14.029773267050384,7932.238698033603,0.9444182980437298
1220.5737255020945,0.0015680313400332027,0.048942914483959044,0.5486515982458091,0.8158677323694256,4,0.0,mixing,2.4217448601051776,6.077174457373222,batch,propeller,0.12254336161455523,4.794690172770826,0.1477242419928256,2,0.3488918234393702,2.9815022610722313,3.304053082384485,0.9668684307652047
988.9849282930128,0.07239941865819843,0.06693724037929207,1.6881296789992104,2.5084577400075667,4,0.04766833140973991,dispersion,35.921794328694894,52562.44665516357,batch,rushton,0.5926779187553674,3.3148663711079047,0.37723911139906274,3,0.7193260970362061,27.84011117412625,38271.82185356374,0.9463530240448742
985.9780650883025,0.0990772243375941,0.07077386994845805,1.5035458396057326,1.4244931188899599,4,0.022905020392572934,dispersion,43.205078254027825,12767.983540087704,continuous,rushton,0.5680724983139388,2.282795658895702,0.448942114650823,3,0.3006264335309014,33.070224233225204,10214.783583510085,0.9356304473967829
1153.9472397470179,37.1590357353243,0.06949731542554652,1.8521197086249235,2.114392062438479,0,0.0,mixing,1068.8182419758652,15041.127085982485,batch,anchor,1.6598947090804173,0.3944487064070262,0.09260598543124618,1,0.0,1013.0602460254368,7924.934069456445,0.4920793492351212
1151.5004449007474,0.09337274990919144,0.05626411064752417,1.5578308147399043,1.5287837424813981,4,0.0,mixing,24.51811588613179,171.69699688925044,batch,propeller,0.32555824335238537,3.957829534564512,0.36226887940027275,1,0.0,18.015720966801563,127.87409005804214,0.9801672153656946
926.9609400247388,11.389502374856113,0.050229207697952985,2.7316844210065727,2.8947585201174246,0,0.0,mixing,959.1859006633304,34236.182563525115,batch,anchor,2.588113420366169,0.49489720781657687,0.13658422105032864,1,0.0,1085.078328405003,18151.116939241565,0.48656707465816257
955.9546880971108,0.051719851368311066,0.06192849746946359,2.848348932119677,3.189320386779812,4,0.0,mixing,30.655587484544007,23951.808458847314,batch,propeller,0.7526729567116214,3.9487516241892933,0.6093210418230814,2,1.351450396506433,21.85194726031485,12679.778947621215,0.9574613016762445
1233.5164520522944,31.442564742937886,0.05854365513442605,1.0901678030215538,1.2729826299049456,0,0.0,mixing,622.5126026049949,3714.954705051217,batch,anchor,0.9669187608315732,0.6102143727253561,0.054508390151077696,1,0.0,436.16814430303157,2837.4142617258285,0.48320794002244627
1060.2269629224745,0.015723261347753568,0.06190379399512097,0.846930876190023,1.0819698568562641,4,0.025970019508592887,dispersion,27.88975824729322,350.1681207054569,continuous,rushton,0.32439554075393445,1.9616600217271858,0.18963251413558319,2,0.4658227770660667,21.050584700677778,245.28296558197255,0.9541347118322346
936.465762321119,0.04761156105452961,0.05691154895708948,2.096168818662254,2.174636133214218,4,0.0,mixing,23.164277039653854,2823.0577362395893,batch,propeller,0.5499643404573998,3.229413001761683,0.5158798234027756,2,0.7602622835514882,19.667415745750123,1468.809890331709,0.9527337258781131
977.8178567999189,0.07735413953657443,0.06191832093935878,2.781461912293501,4.014845429322108,4,0.0,mixing,56.443346112198235,1999.512495928569,batch,propeller,0.6691683895484265,2.753797964647484,0.4470373513163137,1,0.0,54.94126421482529,1262.3522954101463,0.9412189131717507
1091.7376241878617,35.347208035780625,0.06570574035856962,2.624404510044893,2.9544993304914353,0,0.0,mixing,1767.9941911077751,28943.196291271222,batch,anchor,2.267723143802331,0.43403764262203537,0.13122022550224466,1,0.0,1206.8663273410277,23448.827265633616,0.48595106651786923
1096.8862864019686,48.45020649479884,0.05595802068666068,0.9616527856252215,1.3115388437457263,0,0.0,mixing,539.1862075832895,3376.399988393769,continuous,anchor,0.8179505199924338,0.5857400712725371,0.04808263928126108,1,0.0,410.8082918161745,2541.687527321114,0.49941485344074144
1066.9800409116892,20.30876633193049,0.05606008234486699,1.9840939280648864,2.2018973506751864,0,0.0,mixing,534.852421759194,39478.033646585216,batch,anchor,1.7340871506412951,0.785329934530493,0.09920469640324432,1,0.0,499.3183290507206,20505.773609515843,0.5135728189376343
1065.0975326256084,0.005081881539026923,0.05302405326323248,1.069897417105265,1.2801967082400265,4,0.2916859711534433,suspension,9.556909114511221,2218.469454497963,batch,pitched_blade,0.4059091542592672,3.4771886256194176,0.2452812562193241,2,0.4791119678095112,9.198759772530668,1402.0247733107667,1.0
1286.0828583636728,0.005355449308999725,0.06409408075926207,2.976264204374942,3.0882636978444835,4,0.15927964515472975,suspension,31.949234248557733,1632670.1978321478,batch,pitched_blade,1.3027486297550674,4.433008470658468,0.6726528946451883,2,1.3113902622224831,22.171575465823697,1023246.4760142604,1.0
1223.7039854019101,0.027041519134724083,0.05990431746218934,2.693529132903974,3.911493602806875,4,0.0,mixing,34.13838869638453,69118.62828316327,batch,pitched_blade,0.9700793381897473,2.561866473238519,0.4461536356550209,3,1.266259706845786,33.18689818448253,61475.55557972833,0.9452316399228602
1245.2459627486319,0.021589403604895405,0.040075091107695346,1.2090877608010158,1.1909776966249936,4,0.03365338577010434,dispersion,30.204708872288872,5016.326575509016,continuous,rushton,0.37263312159328993,3.3518944095219174,0.3370840383217231,2,0.4111359349820444,21.48662429840836,2808.236054383177,0.9869739545313515
940.5206019295297,38.396722602444065,0.04378739860367772,2.6583295987459197,3.121437316604543,0,0.0,mixing,3301.652703458929,10495.708637348329,continuous,anchor,2.275416064742304,0.21113736023985977,0.132916479937296,1,0.0,2799.421298499908,5521.784352968101,0.49520856217090303
1171.0172394238875,0.09309468879944137,0.06712010194590522,1.974817851313055,1.9857716546466595,4,0.0,mixing,32.54937661885674,1561.4251104103498,batch,propeller,0.49345336819193714,3.1812226538001687,0.36415431392564146,2,0.8775143085993463,23.1083569352518,984.190548442177,0.9508431711515306
1126.1419163701894,0.0450440722079362,0.04868899814310973,0.7437070975334041,0.9080704239627081,4,0.08022836809175858,suspension,9.018479827767067,689.2077349677911,batch,pitched_blade,0.2619275662511105,4.822480117781081,0.22202279275334405,2,0.31004889055042856,6.41537422642277,374.8376349864279,1.0
1246.2824107024912,0.07343213769786401,0.05268797094256687,2.3172967111593215,2.3323883755644723,4,0.0,mixing,31.120237062806186,5516.116880106955,continuous,propeller,0.6695299201895167,3.1576215752046997,0.6806077850456667,2,0.8028696233575234,27.28954450413932,4242.886993546508,0.9361398450386657
1140.101725211383,0.03466289057062162,0.0707379222867174,0.9038396668490742,0.9357221086905289,4,0.2897764081297907,suspension,10.048812978058875,216.0787621090798,batch,propeller,0.30185974276152105,3.42789426025642,0.22103295023144565,2,0.3462005455153196,8.54293890953682,119.80119677158515,1.0
1160.2064614122069,19.656765896438053,0.04503212364416681,1.0203405904924847,1.3172471935590455,0,0.0,mixing,676.8792839760913,1232.3812896229467,batch,anchor,0.8787544584515696,0.4652152130682952,0.05101702952462424,1,0.0,530.5050453543456,871.3899782664275,0.47693714379057534
1011.0350466839866,0.037553252996426506,0.044379158043094426,2.2564453481315137,2.9677229861290533,4,0.0,mixing,20.132954101823692,1113.2145441342952,batch,propeller,0.5105948968634157,3.041928924504498,0.5111125837375724,2,1.1794915759456281,24.99572604809968,880.9469700716428,0.9330888669581294
970.096693714823,0.04951769269546399,0.049705270762459765,1.2960194386755661,1.6597023900369094,4,0.17027716058397402,suspension,13.19628761084042,5910.363709974844,batch,pitched_blade,0.5721793865308101,2.707987619980113,0.2486581215349741,3,0.49919635628858444,14.667709668852998,5154.181684425302,1.0
1021.048360295821,36.39973041062831,0.06375062188561907,2.929811252784361,3.340992256370592,0,0.0,mixing,1428.0406954833122,197115.15174015483,continuous,anchor,2.7205429390931446,0.6607999804935379,0.14649056263921806,1,0.0,966.3835254586029,112994.8006788736,0.502133911087769
1194.3044359972678,0.04654345105391956,0.06404718299469361,1.4480668645999573,1.3301607920101148,4,0.27852782048211844,suspension,13.098423443075314,14439.829255091665,batch,pitched_blade,0.49136915937509973,4.587448824751018,0.30504750263526953,2,0.4922195887560952,12.432492397138645,9025.551452056125,1.0
1272.8687055362627,0.011995971926948526,0.043214819013608186,1.2409952036275698,1.4209076108229053,4,0.1480392276598554,suspension,13.247783724711581,1026.1386294143786,continuous,pitched_blade,0.3266332312364573,4.595903694842686,0.33955026975628594,1,0.0,12.632552810407326,554.1240270573938,0.9966014415833915
912.3632255222435,0.0768626910598839,0.04508161984417067,1.012206915058687,1.051162937770436,4,0.0,mixing,32.43884773076257,164.44295272557179,batch,pitched_blade,0.3922250212531401,2.2810984511351546,0.20970131407395345,1,0.0,22.70723069398093,108.43274368768604,0.9526603799136734
1044.2324748077751,0.07212998841212931,0.040472990326314406,0.698627425577963,0.7705661217968125,4,0.0,mixing,15.23217957721752,52.34823330964401,batch,pitched_blade,0.26191307994056684,2.253598818675106,0.1730393234536196,2,0.307205016318418,13.501225566835418,34.49247602595021,0.9366301303621372
1181.6837367641724,0.04636952042596268,0.05790526530243022,1.1550805536624837,1.1667023843301052,4,0.12179677830255271,suspension,18.006793569238006,1119.494464366293,batch,pitched_blade,0.3362109560736298,4.672238946004045,0.25832181251640524,1,0.0,13.512854395535255,680.4079044918325,1.0
1186.613824647386,22.425729274497115,0.05206512771377651,0.9091777980550859,1.1890029713112447,0,0.0,mixing,275.4630373452047,3475.1685762104144,batch,anchor,0.779794955759346,0.8270081072536545,0.0454588899027543,1,0.0,268.55649620996513,1989.7868057820247,0.49419821506796996
940.4824361081777,0.09418293259269168,0.05060671995885045,1.4502724567083431,1.981656610179346,4,0.0,mixing,21.84239201794937,221.64486398986807,batch,propeller,0.3153471743116273,4.559927360008536,0.4056890287036132,1,0.0,14.714744279744913,114.08991881849363,0.9771208726296993
1224.8670184068205,36.8656266395046,0.046259522632471246,0.8228778675213082,0.842103023208767,0,0.0,mixing,267.9757159296947,2290.0793699749015,batch,anchor,0.7406317027207467,0.6639211512109485,0.041143893376065416,1,0.0,275.59594757054987,1697.2154104586898,0.49441948493023324
983.0379554204663,0.06955301052811712,0.04136222461389112,2.926962044647671,3.2494292761521324,4,0.0010903200302910144,dispersion,38.09742502287557,568937.8986193466,batch,rushton,0.8800149560922955,3.906983617349338,0.7979157400852134,3,0.8065519927470912,38.3090436174292,406564.01157044887,0.9568392230412208
1039.5403307895588,0.0137281823818208,0.07119997265379598,1.2638305013459779,1.663649883897203,4,0.16876317006738145,suspension,8.478388729080297,1429.23576341752,batch,propeller,0.43905742847875046,3.41731889351553,0.22586958385059466,3,0.48879414945548116,9.610597446764016,1027.1064131238988,1.0
1127.002053165016,0.016619849984873907,0.05438596714038113,0.5505502274089675,0.5749218392233059,4,0.05101534180622093,suspension,4.500473735208816,18.376852946736584,batch,pitched_blade,0.15080524248998314,4.0068490601661155,0.08627992836619139,2,0.24891102552221706,5.462193322986298,13.006548260299875,1.0
1285.7796947834304,0.003087643367528343,0.053609398332509293,1.851415411532397,2.417418605365911,4,0.0,mixing,17.494530040666902,3495.404826907335,continuous,propeller,0.535476781323705,4.754830418664016,0.29991490210165433,1,0.0,11.935382408203257,2539.160628559041,0.9454267923365337
939.374007570937,0.01154438388956194,0.04744169318978726,1.3777623098473382,1.931461284711344,4,0.2799128291936999,suspension,12.064184340603443,8892.099451900227,batch,pitched_blade,0.4704284107488237,4.75855339398311,0.36059868117384564,2,0.7735520463263897,11.364636375197433,5893.894197213396,1.0
1221.3792841607808,0.09847679410070531,0.059989863808139574,0.5391745681263032,0.647011294385843,4,0.0008170695756235581,dispersion,6.817829398474796,207.18327572802167,continuous,rushton,0.17611641544693132,3.4613150787064253,0.08916081075075036,3,0.2014709824277901,7.851517611753095,106.61018326812193,0.9425571356093224
1103.833813626058,0.058426826104206235,0.060313862010038535,1.972977872214833,2.7921150830680657,4,0.027177328341375567,dispersion,47.059814580176926,54716.65276797528,batch,rushton,0.7124554851202965,2.357293964959342,0.35985950909229225,4,0.5673432767826868,34.125162452758424,47387.032772865074,0.9349689774297384
1071.4764471557132,0.01457581239517259,0.051006724120650396,2.8275525585755394,3.621903084612082,4,0.0,mixing,37.56072106167375,181187.11040028633,batch,pitched_blade,1.104426344714131,2.5193365534061134,0.5543197578999668,3,1.0897963233848673,33.34750320051142,100480.78260229858,0.9620861597593418
934.9612298716123,0.042319492070858125,0.06738419478814715,1.6048063634365444,2.179700868574679,4,0.0,mixing,30.540485531950967,2117.5187809515255,batch,pitched_blade,0.5634707691265571,2.2463371809912047,0.46581140290896594,2,0.8685856874154242,27.38948711341988,1235.4642398781991,0.9284385106223729
1249.2947408938523,28.582013429868287,0.047007689734134245,0.8781637008368479,0.9427525211084057,0,0.0,mixing,1475.8384504230928,269.14586218452837,batch,anchor,0.8250709306850864,0.17437118404996976,0.0439081850418424,1,0.0,1181.720105447534,140.2886299509276,0.5322884430194496
1217.4310480384775,6.766935485174887,0.06280721357989097,2.164253842191591,2.810918839147014,0,0.0,mixing,1753.529944221373,4202.517672683786,batch,anchor,2.002350593411194,0.3775379100935043,0.10821269210957957,1,0.0,1176.2383142229166,3216.3720053793613,0.5015515321423137
1185.2402325144178,0.03306071669935113,0.07093442057842822,1.4941299176366871,1.4251425841363101,4,0.1282737433121715,suspension,11.541004788099684,1511.2353964439562,batch,propeller,0.4119818278548205,3.8642593101911187,0.25420161502832844,2,0.561231099438647,13.431939653663168,803.1999911825972,1.0
1022.4451337167583,0.06691731376462431,0.06588439981495312,1.0963990016759717,1.4598617240726481,4,0.0,mixing,19.06222981060362,561.2419302094869,batch,pitched_blade,0.41036694623605796,2.1622686120250947,0.2699381845734928,3,0.36692475995037627,18.415144384680584,450.6102281730798,0.9625333714320656
1235.2925267738142,0.012142956217004452,0.06004815493972371,2.3865692023484417,2.7362310832950287,4,0.1290524918257378,suspension,31.69918118778911,6412.369351468512,batch,propeller,0.7443470649850519,2.5157956163418302,0.5731046502945706,2,1.109154907097669,25.818597380808793,4348.9502024040385,1.0
1104.284453359155,0.00950795866032601,0.06075393682941782,1.337705115205901,1.3842783597299964,4,0.045513054467771444,dispersion,20.795037905453537,9652.429497571246,batch,rushton,0.504555128117841,2.436915912624833,0.28503002084418727,3,0.3515120942321391,20.209704524646114,6997.511091225908,0.9512747967945618
925.0964631776479,0.019032491155213115,0.04227720089449436,1.2914738171727866,1.2770031502573407,4,0.0,mixing,24.920631821566758,174.7640533476293,batch,propeller,0.37237454983637064,3.154007523824042,0.32250224133051014,1,0.0,16.79164689808785,89.87719938835828,0.9656273741898473
1063.8027295947309,0.055728073694735446,0.06843094996892948,0.5237287297739563,0.6556402110891443,4,0.016277566316752274,dispersion,8.479096660032669,137.07204463275826,continuous,rushton,0.1846371013381423,3.7433903168586493,0.14261667000595768,2,0.23164467867281843,8.86458149325698,108.35023087077599,0.9435849448805202
1194.7887977985465,0.004306641154993246,0.06276353742216423,2.702681050468863,3.7124380367382344,4,0.0,mixing,26.178170130938668,103385.34612500631,batch,pitched_blade,1.0295028474447914,2.2006737933188085,0.4780308218532325,3,0.9859197549277122,25.33043859803596,54301.20059484542,0.9550848587255636
1167.1363411480322,0.08338923470650723,0.06504323240848416,1.0778742908556298,1.5405712868858552,4,0.0,mixing,28.465053141765292,212.83017366266765,continuous,pitched_blade,0.41209488420731566,1.7294784451862848,0.24654175289012545,2,0.6569732342988799,24.741087257990305,156.11284894024624,0.9293847014439653
1120.5095584543583,0.06682822084235082,0.07021943762808672,2.104382702984873,3.1081186940657237,4,0.013991172076971405,dispersion,52.805746535924236,51676.31429671587,batch,rushton,0.6362723695240518,3.3264964324414037,0.5733788963640704,2,1.30302976647109,36.86090966629406,39475.51129018049,0.9536833898203823
1101.003426775648,0.028711608011502986,0.04152304836463045,2.169653694968755,2.5666138223197956,4,0.016337432382154765,dispersion,31.06463134186463,146390.99429552746,batch,rushton,0.7565995377082557,3.731524990754466,0.5443355443294334,2,0.9843555404428443,31.432141796705974,122670.17665205272,0.9623941433760874
991.2014416156893,0.08008585457207615,0.06849586476687206,1.6251598325889716,1.5023704816853938,4,0.024683195672109692,dispersion,36.74990035504322,54029.57007069066,batch,rushton,0.5748011126004346,3.2570976313704127,0.36592864218422727,3,0.35285590436530234,26.681864599017306,29104.641380458892,0.9590274871780536
1181.7346850088102,0.049575911253684504,0.04719429465378384,2.743341092281576,2.650767888115666,4,0.03312154420592424,dispersion,28.672685513564815,2102050.076678548,continuous,rushton,1.0677613418483436,3.9921003415028053,0.41349072757056893,3,0.7041455152830527,34.96606986748213,1400042.0958279015,0.9515510962649284
1264.7549141611225,17.987619345996016,0.053088135869735056,0.7684570064975587,0.8567177866508214,0,0.0,mixing,222.25016146259824,1189.254933548119,batch,anchor,0.6790844184581526,0.7310341239846566,0.03842285032487794,1,0.0,195.07263739482514,869.8529556387143,0.49475227927668164
1110.180347703255,0.07414955327042684,0.040559357967589124,1.2509700197268276,1.44624502713746,4,0.0,mixing,9.373535523495603,82.4008866199215,batch,propeller,0.22730618191807336,4.709256618559254,0.3509526977900856,2,0.5449572882992668,8.568551286031349,66.94663681937499,0.9384975866356268
1027.6555071271657,0.09561539868586351,0.058584287251974614,0.9447419909735715,0.8817075944755817,4,0.0,mixing,14.66006400163604,6.357805299786006,continuous,propeller,0.1639313040782176,4.238797492235141,0.28071124809118636,1,0.0,9.801896817581602,4.7078269225823615,0.9507850414790007
1041.3673470556162,0.03768368624011813,0.06993037057088303,1.0245909426746664,0.9587018180914817,4,0.0,mixing,15.41472346094547,14.342203797434527,batch,propeller,0.20828244933802323,3.553080131171772,0.2787278749404093,1,0.0,11.591015909558795,7.497692337038912,0.9479003691164815
1263.6118113579282,0.010561906238157254,0.06301460204922302,2.4997022730023613,2.661975624896032,4,0.030698215543987845,dispersion,40.70421299534311,707163.6360718698,continuous,rushton,0.908015159623698,3.8075941648034908,0.4477668690515456,2,1.118105036902226,28.782835628673425,390167.22933838924,0.9410208021839823
978.5391282362682,0.007823213806363727,0.06318149821146661,0.6324477037037936,0.7697212445812831,4,0.02587874680764936,dispersion,9.21035994658502,203.763353705285,batch,rushton,0.2331153011896482,2.8598627211100887,0.10651625885079505,2,0.31846105989618484,10.58437494034872,149.10353064347444,0.9740287210199083
1181.1193958397973,0.05009150719595523,0.06515252123580532,2.901426722628862,3.029138729467052,4,0.027829213331344745,dispersion,77.79664627908413,482903.6479712143,batch,rushton,1.1036330164464034,3.5182572439709388,0.8384361717262226,1,0.0,60.862366977612226,403582.3555507821,0.9450862414451581
902.1511555102487,27.470142665566502,0.06308746889011183,0.6954353730366271,0.8527078386048749,0,0.0,mixing,750.7468582032318,137.92357031113596,batch,anchor,0.5948815290862254,0.21379740399882158,0.034771768651831354,1,0.0,718.5215571132785,79.10864488333323,0.4755957264913096
1174.507542071088,0.007521532727652182,0.06508594952107066,2.024901488251524,2.782736651517778,4,0.0,mixing,18.859108569988685,6377.26512635342,continuous,propeller,0.5775988222287863,3.5369969656318903,0.5768083291662619,3,0.8073164047025226,13.513856647014531,4372.723395602282,0.942787677464123
987.3013687171649,0.05317967950054328,0.04544301084704489,0.701326368891574,0.7758929751499225,4,0.0,mixing,13.663123913019794,40.10489388677896,batch,pitched_blade,0.2660984527268257,2.363875461843298,0.14355019250356404,1,0.0,15.931110872457172,20.93557868929778,0.9583922051956674
978.1743835054173,0.06077075444497261,0.06980019463370277,2.3769723632421824,2.6618395789249596,4,0.0,mixing,46.02835764824682,11475.877410414463,batch,pitched_blade,0.8514165578940663,2.2165153554393293,0.6323849246918326,2,1.0516357142956891,43.0229646908508,9499.91764548289,0.8993716635524913
1056.578495280968,0.06853842324662715,0.06651781404701507,1.8471332624082386,2.535225867833645,4,0.010672528280204192,dispersion,30.417601577175798,98430.13234645085,batch,rushton,0.7187627294298338,2.8052914202097603,0.2870360471553321,4,0.5819092232767766,29.25346098155409,79595.35211016312,0.9320646466596285
974.9557696849763,0.04854907862317137,0.055491145540549326,1.8679841217868336,2.2732716919881573,4,0.23970467446708543,suspension,29.352958860332834,5089.3139016455825,batch,pitched_blade,0.6337784603906774,2.8622491347658388,0.310777611848158,1,0.0,33.151861341300034,2933.201081880436,0.9758145180333551
909.3421657988033,0.08190760585787353,0.040000615664530524,0.6782673411229818,0.7502136417527918,4,0.023772057925488317,dispersion,16.96651278457732,176.84690088068555,batch,rushton,0.23782457005105925,2.2215269895724163,0.15553525289757983,3,0.20230305302102014,15.148614308043122,104.63588463302924,0.9793144587805299
1292.972236089678,0.028847308307159026,0.07016619475662297,1.89645835041438,2.5835283401676805,4,0.0,mixing,48.21970970955565,2877.049350401006,batch,pitched_blade,0.6800522591470479,1.684028455193334,0.31094655471276106,2,1.1751924417490875,39.121282564228835,2099.632003532531,0.9206051532969457
1243.2066676439117,0.06644626432067882,0.05486539264944002,1.7872221603724878,2.502962369807217,4,0.0,mixing,38.43623442661687,55.666394842945195,batch,propeller,0.2931022841624584,2.9949617338328824,0.4910011178917017,1,0.0,25.78092748887436,32.97529586065118,0.966616837441987
1135.899171357861,0.05659559970592668,0.064664225960986,1.2588869201373738,1.6766370997209923,4,0.0,mixing,11.780534472237068,97.7528065656673,batch,propeller,0.24295052868123085,4.602711220061027,0.24235738458233252,2,0.6925569249144237,9.186482639259442,88.85827805482093,0.9691089017196861
1032.8256216915872,0.032448229350602764,0.05083940028922028,2.52984969714825,2.988803999707233,4,0.022266403416399294,dispersion,56.898404118041825,655485.4139420987,batch,rushton,1.0103330971113582,2.763023684892041,0.5877975501991437,3,0.8423192612325522,39.144127205003564,328186.2413830444,0.9362789512488809
1074.9241208292417,0.008212745002751183,0.06346688522752153,1.4340040804334646,1.7908928297821955,4,0.0,mixing,14.499075631059378,358.39302730945064,batch,propeller,0.37236970329355956,3.0738441374393783,0.2900144201654755,3,0.5101634248616089,12.24748562671605,311.63845124192824,0.9785925738796646
1094.425105402739,0.04916220592647759,0.054993244182627604,0.5775350158149848,0.6141698588803756,4,0.0,mixing,3.791536059313153,2.694285882308137,batch,propeller,0.12257805624385129,4.0533418182155385,0.09222206221939717,2,0.24108189913578482,4.287905737001604,1.8896372686289908,0.9596049638816717
939.4373064391596,34.20698773078397,0.04228134684564558,1.2424205285418086,1.617245734982024,0,0.0,mixing,1017.652799041903,2189.719956523623,batch,anchor,1.0926982797512317,0.3765294745623617,0.062121026427090435,1,0.0,734.5535602304351,1788.4819669318822,0.49964726699935447
1178.7942329031525,0.08421819444046795,0.053158437697274366,2.368567989347685,2.8864809577321826,4,0.0,mixing,19.83379390986876,33590.42958260451,batch,propeller,0.6368198723657594,4.664976385236267,0.3736583345881281,3,0.8707698781631481,15.46654382209801,17764.68448322176,0.9382194752801782
1043.830138814798,0.01880424969765029,0.04504398146342727,0.8291249441965569,1.0635742064869977,4,0.25376292221131114,suspension,7.383029280535403,1050.2085299424893,continuous,propeller,0.355697067838953,4.177958320822375,0.13885477165108925,3,0.3081679154473471,5.3130384591327395,684.9153051099071,1.0
1213.0794039291657,0.02734217149763294,0.06306384572543253,2.747988806298073,2.854072926209659,4,0.01546991625435204,dispersion,57.37119123896209,420234.6199210291,batch,rushton,1.0160690139885966,2.2431869636606026,0.5042380220253063,3,0.7980141744725279,44.94869575441894,210814.16046968917,0.9508184530131158
1125.2808256621672,0.05317433029790038,0.06999771667291929,2.5862339484227586,3.7866257751965886,4,0.020133638531790978,dispersion,63.71392435663874,189494.1362122347,batch,rushton,0.899729296957361,2.225453344795022,0.6753493209011923,3,1.010881946160872,59.4200366668806,104800.41737804742,0.9492400027198944
1022.630111012304,0.03819907851359381,0.07070805003135937,2.9469978968287025,3.5356558794922983,4,0.11026007119144728,suspension,26.03641553645169,1509577.6003009612,batch,pitched_blade,1.2728190798676131,4.796007668704463,0.8745730390157198,2,1.2850023919729896,25.68288206259341,930885.171149868,1.0
1199.2019625922778,36.02703532712026,0.04333845952611094,2.4082777825237223,2.989291427847848,0,0.0,mixing,790.4493156292848,139667.96364164792,continuous,anchor,2.2604306118883266,0.8030423414837673,0.12041388912618611,1,0.0,639.4144974499649,80220.76406333901,0.5075098409686378
1210.9595975453244,0.012588849288440864,0.059170278379501166,1.8244576223038231,2.425296451477597,4,0.0010715157442646674,dispersion,42.28620630618763,19367.729204299212,batch,rushton,0.5671993519549894,2.882582549386801,0.4288642290272443,2,0.9763557278921071,29.153926355132153,14844.26107795332,0.9463250009225885
1159.6910627435943,0.010848700129507772,0.05051412322798246,2.8818885721339864,3.35145970048083,4,0.046067812009112113,dispersion,80.52017071410357,70882.81147042615,batch,rushton,1.031881806442014,1.9819760515451301,0.46542532824894856,1,0.0,98.67325997117138,48389.278881217346,0.9478240067614925
1083.164472472366,0.07556107634136143,0.054705960708570825,1.094294545022349,1.545794469706442,4,0.014478506730005876,dispersion,21.647878767881718,3480.16029792556,batch,rushton,0.4037141259932092,2.9896161771031253,0.18656329277046868,2,0.6167404353512703,21.7414760897103,2603.4207842281176,0.9446959278493988
1252.8866417047866,45.625895896193896,0.06302114241945028,2.6570465628986306,3.8602143201945727,0,0.0,mixing,1433.115030179116,56737.82993617031,batch,anchor,2.518883184022942,0.3744642920396417,0.13285232814493153,1,0.0,1663.5379112791206,30853.1414706953,0.5228274420946885
1074.2449917878535,0.051053634822256826,0.044917033228031866,2.0124469627223336,2.185474814503925,4,0.007958464777074221,dispersion,58.11939611701413,48420.12783222486,batch,rushton,0.653503162460249,2.9090322715653483,0.41279233580865843,2,0.9685234019737708,38.81235226627583,27585.32358665273,0.9261604634809408
1063.3184748077497,0.016331935258909677,0.06509471140244136,2.848816699777737,4.029970603541676,4,0.0396946193697799,dispersion,51.9182355247799,1422278.8990097453,batch,rushton,1.0653608575277438,3.38226562128044,0.5962103067992031,3,1.22829121775788,37.91912219800626,777357.9242303822,0.9681215514675233
1185.4831822119186,0.09960615728138551,0.04639589210975091,0.5229561131066569,0.5427631745982212,4,0.0,mixing,8.396802356918,9.99721577565916,batch,propeller,0.13983760716275034,3.946738730434733,0.15395409897874027,2,0.1986859035171934,5.890579963582774,5.2882483162103595,0.9701904743971909
1280.3305874107552,0.06864489534687682,0.06419248325711835,1.709996114342209,1.9380286430677025,4,0.02178703760092391,dispersion,31.38244193951704,129115.13807949754,batch,rushton,0.6748193610762463,3.352434896351527,0.2660411275181895,3,0.5966126636720006,24.86935816229015,85407.69127676719,0.9465570335865642
1021.3592497905597,23.726667363424774,0.04419282728784487,1.6337158853351714,1.8741367752221054,0,0.0,mixing,1210.4308649820343,8422.646900094622,batch,anchor,1.5035241250015197,0.4465432417856116,0.08168579426675858,1,0.0,834.246306673892,4703.619316775053,0.5064320361363274
1239.8124148365628,0.018686620480614962,0.0663562333789058,2.6642891460877784,3.6820061867301686,4,0.03132505407592184,dispersion,47.59999345378222,311462.4091438732,continuous,rushton,0.8325146966867484,2.896975516924189,0.5026752516060939,3,1.0978228416624383,33.84672132086577,170092.25604583148,0.9366431588576527
1096.7311643119635,0.04020347935817965,0.04309451591518935,1.451292975574004,2.1556343251221697,4,0.20835798210165712,suspension,12.508520590862988,9819.348677297101,batch,pitched_blade,0.6262718074195809,3.981461120146605,0.4049836911855637,1,0.0,13.164919661575937,8718.582434264095,1.0
1116.289958536732,28.32103683339503,0.04418587383992711,1.1583003030294883,1.218968221513608,0,0.0,mixing,354.62701927817284,14950.11946236006,batch,anchor,1.0943556638444507,0.8282296958923114,0.05791501515147442,1,0.0,295.9035116608025,7850.542272266983,0.48193195474909833
1183.3488869357252,0.005650942745092558,0.049632378027445356,1.6451485212324883,1.5523886198390007,4,0.2538378211920893,suspension,15.121266140814251,36340.95279440206,batch,pitched_blade,0.7294461478109766,3.107504886238915,0.41486357947437574,2,0.546067883437768,15.737058978731756,19388.971712852544,1.0
998.1982674462466,0.07909605671997395,0.055186899682879896,2.9869195468380543,4.229052520889128,4,0.004077159857108592,dispersion,36.29948704375049,1607492.9295244142,batch,rushton,0.9910496852529204,3.875464272901654,0.7465899915394669,3,1.0771743611603903,35.74182289585446,816724.1037871755,0.9569937277223248
1234.28265881282,0.0879966215280935,0.04727136071519163,2.7910996949345614,2.633848043851222,4,0.0,mixing,28.769579929863305,38981.642644948275,continuous,propeller,0.8295946989871523,4.827299036614662,0.7035636066983355,1,0.0,27.754317277703095,26374.779209925633,0.9254426504826115
1000.3166666981734,0.016345680022974686,0.04023487723540967,2.946698218512341,3.4191186739550945,4,0.0,mixing,50.11170886298231,5035.519847285572,continuous,propeller,0.8688406634879393,2.567794670092356,0.7976426847265753,1,0.0,39.37453496682351,3759.269240060375,0.9096199580815433
1190.0312190021339,0.08569423001616232,0.07006635231636366,1.2241218735781567,1.141432278937937,4,0.03911687352634701,dispersion,33.972610534177385,2357.2799537056367,batch,rushton,0.4375800477410388,1.994321036410297,0.31891220975075046,3,0.2776230747255073,28.374013801310102,2006.8816691658928,0.944058509734999
1131.3552634063633,0.02156249195766706,0.04541622678625454,1.0831356267695984,0.9841190321189601,4,0.0,mixing,38.067352798308306,84.10356271382933,continuous,pitched_blade,0.41205027551641804,1.695345910360896,0.2896646147467013,1,0.0,25.397905156485443,67.0244380406918,0.9683654473327665
1294.3419872575125,0.042992718321203126,0.06451803627528059,2.668210202936281,2.5799120659765866,4,0.19864940989383145,suspension,52.15773493931214,15095.020315991886,batch,propeller,1.0025658886667073,2.649616206844662,0.48672428589212285,1,0.0,42.756880994730594,12358.923034475021,0.9736401026426824
1079.627175310429,49.9613611515653,0.04121883625055946,1.2509800063800638,1.3415596111718466,0,0.0,mixing,458.1711900615306,22778.53083938167,continuous,anchor,1.1327462064184495,0.7360214528814109,0.06254900031900319,1,0.0,417.9812942747855,11472.471494154886,0.4324580501304738
927.2015708287244,0.09529474268990565,0.058141362575452576,1.0387521235783066,1.0533691206360154,4,0.04628462653473427,dispersion,22.43293199936416,2781.0422700029376,batch,rushton,0.3274412463455419,3.7611814528444483,0.2084848075078443,2,0.40764038908210065,17.29223746918838,1663.393223951296,0.9788508101818241
940.4934858275677,0.0034777458166515536,0.04006363972640463,2.8362413506242836,3.1160740810952974,4,0.22669831478720298,suspension,20.794981880323764,301672.89163086214,batch,propeller,1.1226889900481636,4.9451539482147995,0.49608965514963693,2,1.3794824268539942,16.205306760417827,225555.9344590136,1.0
961.8134690592581,0.06747100156104106,0.04115050393606364,2.688182720693541,2.926494582843661,4,0.0,mixing,29.34478310779116,304.5722446511788,batch,propeller,0.40465763487475687,3.532136931328622,0.6347605979844309,1,0.0,32.364296264654115,215.7159305480964,0.9275092535530033
1254.9142726438974,23.351496177727395,0.05538989922359723,1.023308864488129,1.1114468336176049,0,0.0,mixing,873.223401209216,1086.7404190485863,batch,anchor,0.965655599319986,0.3686635495080278,0.05116544322440645,1,0.0,610.2213099949829,837.653645712074,0.46966899816524893
1145.1368184472567,0.06257284221282756,0.058778503384040996,1.2156913041563262,1.2123624960044543,4,0.0,mixing,43.32351637362872,242.63778764118487,batch,pitched_blade,0.43393419554940693,1.861039572244193,0.19458807730325486,1,0.0,34.72346436399817,125.35265447855315,0.9419478571449454
1208.020447144457,0.06720937824604405,0.048957929003227055,0.6813778261238136,0.8684565008891093,4,0.0002531083399237244,dispersion,14.095121054970546,494.68577919946955,batch,rushton,0.2175332488788974,3.466308235762274,0.10871384061476325,3,0.24780256219080032,10.171832682330454,348.657791027261,0.9227950195818695
996.667438863173,0.026577423190476596,0.043980201663792885,2.7850032706504546,4.1134998892966825,4,0.04139569990397027,dispersion,34.97084944542551,438819.3286356709,batch,rushton,0.9198393363359327,2.9425062600920286,0.5505544946836719,3,1.1603665611799228,42.80600171681276,249001.35484105142,0.9673354590873401
1025.8590700663083,0.06339015095591931,0.07062763485662966,1.9886943909784613,2.55311458081339,4,0.0,mixing,43.72788613939185,2661.3486493377363,batch,pitched_blade,0.664195900611404,1.9241729780963925,0.5372306042743685,2,0.9315316951128547,41.24025466232029,1973.4553190282165,0.9448390534685819
1195.4950842992375,0.0903749286378353,0.04672876781986745,1.53423311430633,1.9720697098703304,4,0.0,mixing,14.140535526181793,249.26151252180074,batch,propeller,0.28856264714356306,4.2515214858889,0.40744875390092516,2,0.792230540929419,13.33320121118049,178.588020450172,0.9436777713097462
968.8768479355216,0.05169840420790669,0.04229650367320905,2.0701775033214904,1.8760477828094877,4,0.0,mixing,26.10521629136426,223.10388535269908,batch,propeller,0.404473772656596,3.2355658380715036,0.36420036275154916,1,0.0,30.49178092461502,157.7803850243302,0.9520273344941781
1197.246285606084,0.007608006170713919,0.05533292077916824,2.8400307819276205,2.689017572977981,4,0.2140404122520823,suspension,26.111240651693272,18028.133829066377,batch,propeller,0.812313871701027,4.253202335785155,0.6816131621072071,1,0.0,20.43198277077259,15513.054732774768,1.0
1170.8129812547706,0.04846205634462378,0.043969203655597075,1.4669210649545146,2.17164140705927,4,0.0,mixing,26.714191455294987,372.4982954804392,continuous,pitched_blade,0.45301543070654476,2.309145922984798,0.28300215896446684,1,0.0,29.053632279178093,322.6847616216498,0.9632134864423589
1133.1304415291684,0.019455778531834965,0.07131607888756195,1.4371397296421375,2.0415423056192634,4,0.0,mixing,22.61145370841562,3900.9053216549532,continuous,pitched_blade,0.5658813863576437,2.2457427053789307,0.38912899399729267,2,0.869047743796254,22.883056501077174,1953.5049759907317,0.9742624985587135
1282.0342329455345,0.08514943808339395,0.05139697432340616,2.2926652853491607,3.051358115389751,4,0.03174340789226677,dispersion,35.06766172881702,315502.5315481048,batch,rushton,0.8335738129347263,3.83440469213692,0.6359356970886461,2,1.131242598114504,35.34056035681429,274239.7336618051,0.9402357667080884
1288.5863414587413,0.025007866033957656,0.0674504414465514,1.03492730967259,1.5034407560480492,4,0.26584555901775775,suspension,10.325262541792293,1730.6901095376938,batch,pitched_blade,0.33932442908587596,3.9541029554108045,0.19251534313091132,3,0.40218141204264285,8.257767328912776,1436.2944378377535,1.0
1095.00064963516,0.010654667094694304,0.05028333393625284,1.2725682557066293,1.6397577365238625,4,0.0,mixing,7.109052545216617,53.00217929735243,batch,propeller,0.21819559358664065,3.8619936625644464,0.3493469690046326,3,0.4277365101274987,8.443480892978275,38.94267047953717,0.9573352692602064
1280.3570813217252,27.536190639357397,0.04668401095529097,2.978045266735551,3.785919667750721,0,0.0,mixing,1048.754054294221,150146.88894950788,continuous,anchor,2.5935530359072287,0.8067939545187385,0.14890226333677756,1,0.0,763.7274320622369,115679.11178663473,0.44644454635671627
1271.6629271675158,0.09391544455471218,0.04135019285712043,0.6842281895787403,0.9740331498016532,4,0.0,mixing,11.759145185603339,16.774904182761315,batch,pitched_blade,0.24594061149847862,1.6996539103935409,0.16604641913082108,2,0.40861484541635906,13.606020456504828,13.743476229637313,0.944785932802113
1074.4220894927792,0.01829918307274248,0.04313723986917276,2.991488334713162,3.9246831565548885,4,0.14625256928013058,suspension,34.651318949040444,110733.39186919354,batch,pitched_blade,0.9495442970056199,2.6213967812473147,0.7505970014793553,3,0.9643924880227277,30.41626865057715,55545.36535471871,1.0
928.6340857412733,0.0025244407514991227,0.04678883700347365,2.235578602913326,2.250313282941635,4,0.26697940367229384,suspension,24.50482763579394,43241.82135809276,batch,propeller,0.986246614648615,3.0614945123117674,0.5593762782167078,2,0.7616008600966854,17.09195331771914,24268.63629849018,1.0
1183.5725894345678,35.79161374722033,0.050346401384262794,1.340396812431511,1.349293927640891,0,0.0,mixing,642.8138444512496,11396.072252065693,batch,anchor,1.208791803615452,0.6241518396690552,0.06701984062157555,1,0.0,512.2118594063437,7047.027577415519,0.5063511802698621
920.4038886765848,0.0212367611972767,0.06133502965387312,2.5308594204749304,3.07948090275912,4,0.04300744801959209,dispersion,47.03319186020268,268972.91847342806,batch,rushton,0.9736547906040262,3.4259739652525334,0.6608476687439065,1,0.0,43.12455007949404,160695.9160729955,0.9908307756863388
928.3611680562984,0.04314263569480022,0.054099714237710345,1.7594720131756134,1.606305005285906,4,0.14069047633674042,suspension,19.403329166352755,12229.913321900389,batch,pitched_blade,0.6030256453318383,3.497420315660859,0.42540865743125184,2,0.6353555980850284,18.831152051941288,8658.966473219463,1.0
1012.0435673443179,0.050835683365096244,0.0456557792339918,1.1739964938124208,1.5651995977652189,4,0.03752079529607213,dispersion,23.010823397730487,3716.728254639579,continuous,rushton,0.4064346640419709,2.8251552939546456,0.20173620549949414,2,0.6589119229326135,21.843876556287977,2258.4817767627524,0.984211518179845
956.4408896233728,0.02998191660807302,0.06010809998917522,2.111255242544976,2.93960607176807,4,0.0,mixing,19.2102021979276,2539.615190528391,batch,propeller,0.5841296830787049,2.5939633908861035,0.6256551238080044,3,0.7971491909516869,23.58356307121795,1685.5298182741913,0.9507596202613866
1170.8521303258249,3.085626352409044,0.05438728429161212,1.0654167621275517,1.5934101860184304,4,0.0,mixing,353.80225461461464,125.40449314164552,batch,anchor,0.9424531608182108,0.38317715849648626,0.05327083810637759,1,0.0,426.55905958678017,108.12362438082364,0.49459076519211476
1172.0649582482622,0.09850400926970185,0.047391053028680706,2.9238704306717214,2.919491442863593,4,0.027918758107912278,dispersion,59.501598869032684,333473.4778962787,batch,rushton,0.9956069770319691,2.6719590843907057,0.7664508671271287,3,0.7157487413136099,59.333087139812264,276482.1161153612,0.929710311068171
1291.5428539595987,0.09337360319009054,0.050080252843129565,2.206821727151314,2.735717874279849,4,0.0,mixing,26.765724691642188,3143.9355996118506,batch,propeller,0.558562062248493,4.215688333865421,0.6315207930507077,1,0.0,25.174390656199893,2188.687440474861,0.9681155181744383
959.7913908175016,17.391043076667046,0.06737885612991297,2.902168495154176,3.803921007499186,0,0.0,mixing,836.5859644577358,141504.6265949671,continuous,anchor,2.686291137074883,0.7985007876018304,0.1451084247577088,1,0.0,791.7635610363228,82546.00502227856,0.4690540674094629
1199.630885455043,0.0015995050055167739,0.0471773170383376,0.6360325623893357,0.7958899169257783,4,0.0,mixing,8.12847287504743,0.7017797082478733,batch,propeller,0.1212047719566019,2.5163696465070666,0.17340855099579391,2,0.2843834055922178,5.619407482167361,1.0,0.9409591620727344
1238.2312915934951,0.041638639162100415,0.06327235049600076,2.4022888877008546,2.6348795783347154,4,0.08108212024573515,suspension,35.06465369057681,10865.865064583102,continuous,propeller,0.7784528092486994,2.635759880300189,0.6330428924297995,2,1.0011049263386638,32.77929354833605,6346.297473793166,1.0
1066.94515795304,0.09136982168792089,0.0573556485901869,2.5079487443863195,2.7108694992570186,4,0.03364946233311065,dispersion,65.40473306828002,180254.75964445525,batch,rushton,0.9390565543871677,2.2303872476813558,0.7078278765462196,3,0.7211260269214818,51.18682186885743,117366.79211210228,0.9776929024617217
1164.3515100427576,0.05331443781289646,0.058652564965298144,1.5075926417528789,1.419038080147144,4,0.03528699495611691,dispersion,42.416631107932105,18371.152981652984,batch,rushton,0.5333040390099822,3.544441659215299,0.25796820328874304,1,0.0,28.695489223694054,11394.142549882523,0.9408078548905915
1265.8374704401815,0.00359779872379091,0.06208474244475136,2.38418813813492,2.7205937657275143,4,0.04585663019312579,dispersion,37.927071950024434,1109471.624084687,batch,rushton,0.9506930863495244,3.5404451655466476,0.694931199147586,3,0.6130436109358564,27.48272968228114,615934.9459456983,0.9482966162448495
1062.6112824505562,0.0832285606642998,0.04368175650249795,2.1150161895616466,2.68105803385749,4,0.0,mixing,22.173787110901284,2801.095700567098,batch,propeller,0.5123741196743036,3.6363793129528847,0.5910629338647502,3,0.7002853063888062,16.942720735805494,2440.5086119947746,0.9487151036309311
925.1266398355299,0.04872589816637181,0.05356969076107839,1.2891912409897017,1.2907396680408618,4,0.04609048660691713,dispersion,35.142348655465256,2018.7566758541902,continuous,rushton,0.38772533043446916,2.1902849052648756,0.2794170952184561,3,0.3167951132803608,25.19870996368883,1171.5239944219427,0.944047411598738
1210.164489167492,0.03432953163352609,0.04244516530699406,2.376671920438315,3.152907192969159,4,0.0,mixing,25.299057426886097,1107.1497264815603,batch,propeller,0.428493602771296,4.4464341913839025,0.4728551252483812,1,0.0,21.52680800486357,642.4205079266432,0.9298395896573688
1033.6262060964532,0.07996830259957266,0.06667344716077103,1.496658710405146,2.085637187115395,4,0.039695251860832316,dispersion,58.199553627429,7696.277447386929,continuous,rushton,0.543284418491703,2.768704688595096,0.23949957271283692,1,0.0,44.95638985036076,4969.35632515171,0.9374809675544804
1137.4618088476304,0.025199951235208195,0.04670485644863204,1.0375969529864644,0.9539496308849825,4,0.04557508680331228,dispersion,17.556015239922196,2716.839560584685,batch,rushton,0.3389027284526827,2.9979170357941873,0.30128749394097826,2,0.32101670465618515,17.73832370622128,1444.7815242910997,0.9586078253268239
1263.608861707316,6.492132323321229,0.06621371849877931,2.0148262345057573,2.7790617611740345,0,0.0,mixing,2111.591322808922,1168.634399475288,batch,anchor,1.8754695948769389,0.22756078527341753,0.10074131172528787,1,0.0,1702.6761149428316,750.7000715686924,0.5278336754680023
924.8059813625857,0.07945927839049831,0.05225731389674595,1.1130865819988935,1.575802550557931,4,0.04450248182826013,dispersion,10.961650272665231,12384.053802640507,batch,rushton,0.4331863365449827,3.2821518520255304,0.20806523800753046,4,0.312457826866381,12.96872772917053,10480.352254592004,0.9793418428628362
1012.56165682486,0.0019512752395726622,0.06614551361447246,2.7654810824651115,2.7959690449445724,4,0.13045376527455022,suspension,41.32443575096606,96397.42471938899,batch,pitched_blade,1.148512524566943,2.803479216130182,0.8155307286725058,1,0.0,36.83149005785658,56450.741086809525,0.9767491429790306
1212.4576014493016,0.023501347988542736,0.05764985250747324,2.3291579161176132,2.2848344536411256,4,0.20488563568562723,suspension,19.17937083548979,90617.04285246308,continuous,propeller,0.8102687525746899,4.838359974523879,0.3601053364424781,2,0.9401302756465257,15.52058175334281,46509.93611899107,1.0
1289.0269131593768,0.05415810323421686,0.043910720888969475,1.1159245232085993,1.4103440484568819,4,0.0,mixing,11.194411324159201,44.66353809062819,batch,propeller,0.2072828709380121,3.2514390829974307,0.26508165705088804,3,0.3976511147715763,9.98461595552857,22.93772288779168,0.9818839272551962
1230.6383372405428,0.0300551547887624,0.06901712909384831,2.019955651345448,2.434135580267541,4,0.046564158728037694,dispersion,52.26492682402634,125517.8090702971,continuous,rushton,0.7632185549729397,2.4537700467299635,0.4999277203720122,3,0.683338374591788,36.9464273787458,75419.55236543075,0.9603971434700106
1101.8909823229299,38.339536530159776,0.06760295814946923,1.443752828218172,1.3189810690817971,0,0.0,mixing,488.1610697532413,17137.699860354616,continuous,anchor,1.3542891773955748,0.6909045643218796,0.0721876414109086,1,0.0,533.9547372587829,13290.059860317499,0.5098945952894466
1225.8893291705444,4.468111019382819,0.055164795649528905,1.4038179715155028,1.396748446362024,4,0.0,mixing,354.84359936896,4294.253877942217,batch,anchor,1.290610779335352,0.7742626978783129,0.07019089857577514,1,0.0,296.19634492456004,2463.928151211794,0.5056630111330137
1182.2319181379148,0.02314853645247156,0.06309315085088457,2.884853909563264,2.6872612056550236,4,0.0,mixing,49.07170889915729,62805.00920207621,continuous,pitched_blade,1.1448480394448861,1.9500539628916487,0.7903502648549998,2,0.9947608619425968,57.22168223105417,43608.29920926098,0.965904460936902
1290.060687029217,0.029000156336821726,0.04660882787072048,0.9401188613883422,1.1741867614928798,4,0.19393703959187752,suspension,7.584704265066347,3481.6509380153057,batch,pitched_blade,0.4122245284561949,3.138005500564291,0.26749046302611357,3,0.31648973288909926,8.599826640347542,1757.7767996822554,1.0
964.0831044582801,0.08423549764597163,0.05564604260884541,0.9819128310360263,0.8901699567062016,4,0.016443535060461135,dispersion,18.2176954423266,2152.528817118931,batch,rushton,0.35570209468579117,2.577739864800704,0.18904543173840063,3,0.21742225877797153,19.947470095764064,1421.4615255739018,0.9327762029317134
1216.4711994987222,1.2040553191172996,0.06703769110400203,1.4737584917496558,2.2053929439833557,4,0.0,mixing,828.0943742337743,347.53728983224744,batch,anchor,1.3395455109162107,0.3641306197986346,0.07368792458748279,1,0.0,717.0863188282118,228.93584012172738,0.5163953273437419
921.7707585908973,0.08860921485995485,0.05187660714265529,2.4770807585039605,2.3930883627685264,4,0.0,mixing,27.17551451119103,3641.90006360744,batch,propeller,0.5962038381420557,3.702973107087724,0.742107320785861,2,0.7588691648490038,21.79532792462223,3194.9102915309695,0.9544372867675436
1032.1694673650652,0.08304905988444665,0.07164765955520158,2.9762760248390165,4.160995751178114,4,0.026976781752201164,dispersion,41.00970067624264,360149.50995848986,batch,rushton,0.9339486545360153,3.246553026092877,0.7379431627443237,3,1.2415997289224885,39.01872562782749,320305.31728775817,0.9595316760642918
934.4037712343526,0.01417995266508271,0.05203087387805595,0.8537837294302193,0.8242617535889455,4,0.02379642958655946,dispersion,30.52963133415129,284.0454715557425,batch,rushton,0.31571204432552763,2.272170241099941,0.2039500441227891,1,0.0,25.845549781080045,142.44035983380564,1.0
1267.6974504716106,0.07833093203164164,0.055461731296684275,2.0930181195591357,3.0547630100231595,4,0.0274326267971366,dispersion,47.66603115310549,89601.82128146887,batch,rushton,0.62805273585183,3.9437814174836117,0.5044480408026868,2,1.262420694440513,33.771456955676584,65800.11364899662,0.9207714873063058
992.4152915757631,46.87583581089886,0.05593506282830821,2.6901566790749545,3.220279686990792,0,0.0,mixing,983.3104065711185,118034.56353652844,batch,anchor,2.3804557448989643,0.5744585351757056,0.13450783395374774,1,0.0,1152.4529772999877,59722.07732554635,0.5082899843619157
1035.8102404073213,0.01677564403524582,0.05711838138602541,1.2193334579152333,1.6049925138978873,4,0.2772337616955719,suspension,20.81777670343496,462.30536451809957,batch,pitched_blade,0.3305006876371914,2.889086410765853,0.33736659077859615,2,0.6971029538113508,15.233507137671493,259.3517974096738,1.0
980.8787922098657,0.09418100036696563,0.05183080318093797,2.096222060475119,2.528160287694164,4,0.0,mixing,45.84881131672282,1501.571506582042,continuous,propeller,0.5596836593595601,3.3090755974115207,0.5273182767241622,1,0.0,31.725070845982593,806.3109974853027,0.9829005044731289
1025.7821380854205,0.03521464152470357,0.05217913467778512,2.9847222134719646,2.7056681448679107,4,0.05396147563830796,suspension,32.55674322252512,732953.246320974,batch,pitched_blade,1.1453574885222217,4.785365769887841,0.7149762376044603,2,0.9556036408775367,22.11930990325753,526887.5430959462,1.0
1274.649605329086,0.03063942185146616,0.045208700044993666,2.165506361932996,2.6545418329631807,4,0.04311886527154306,dispersion,35.87729402193257,202888.80171451892,batch,rushton,0.7351678396985741,2.842126390962814,0.5428087279333496,4,0.5732403396528442,25.859031821768127,119828.16599340642,0.9588021298422663
1164.3737433814536,0.02181214954331644,0.06783735269726533,2.222140881806334,3.0350942169212116,4,0.16867908947265436,suspension,20.052365608772337,117023.22256751359,batch,pitched_blade,0.7365698531093945,4.424640950734598,0.33720180728609456,3,0.8569959966788009,15.983341972061275,79367.05746648826,1.0
1091.0114092880676,0.015071534437594302,0.06553822250373403,2.559249222999742,2.7143941684788317,4,0.257547063267958,suspension,37.46590352659577,171900.64602168166,batch,pitched_blade,0.9889015655821934,3.6065388223592945,0.5016967633902314,2,1.1028685364671735,24.999326919107773,138192.4695266952,1.0
1203.7986499219564,0.09828424279759422,0.05686596177491721,2.052052172621957,2.59355096606375,4,0.0019454440160621867,dispersion,23.46289982533668,273367.29549063346,continuous,rushton,0.6815367581560424,3.940407724341824,0.38363328826504456,3,0.6759929731353506,26.53926400047012,137678.94735227618,0.9410561912918597
934.4226011265363,0.00872855927367817,0.06570998983748852,1.1554524641868995,1.5953908576961535,4,0.0,mixing,17.712705867935334,853.6235151647277,batch,pitched_blade,0.43533428549138437,2.482401752356798,0.3084384153726924,2,0.6234237426519385,15.690989813104848,515.061798804954,0.922196883632128
1032.1461923866902,0.039818935343455986,0.0713211445745901,2.1985156685918623,2.726727433607419,4,0.0,mixing,65.95390925000146,8582.836615893475,batch,pitched_blade,0.8261340514333695,1.740597122166536,0.5645503120541472,2,1.0078679045679488,45.46804448135671,4841.473785381557,0.9137663292717718
1152.3169131864086,0.0030863664573016016,0.07091441401175341,2.1931172130289487,3.1675363556205776,4,0.09336767933379274,suspension,18.262256389577352,67917.54496193398,batch,pitched_blade,0.6873660247658451,3.970443328771475,0.5920314719266814,3,0.931227494952725,14.083746820679469,41379.64413067605,1.0
1213.681204876943,0.037054377116074746,0.06625312260532759,2.819416398986398,3.162948236982884,4,0.0,mixing,36.4497727269036,989.1412036670747,batch,propeller,0.4933393813863237,3.736288676022293,0.7267380760222721,1,0.0,32.740098228767245,838.1029417942367,0.9246520218008055
1062.3137532199207,0.06700678342912611,0.061920300612788616,0.8945814172474599,0.9585879819784187,4,0.030268406830585688,dispersion,10.630657133566835,1862.9620450843365,batch,rushton,0.3021772241141163,3.771607144012742,0.22072914404394742,2,0.38163072508059204,12.583672485192702,1342.6473015418005,0.956340175232894
944.5690068327688,0.027712347434387677,0.043976448614128555,1.0055178451190592,0.9133889516583439,4,0.0,mixing,18.460622492007555,61.30686380302378,batch,propeller,0.30109645624861875,3.341216107139822,0.22559505709462935,1,0.0,12.73547341043254,35.198325337927,0.9587141025377021
1022.169266816299,2.429531348531458,0.06554487901151593,2.1562292358620714,2.358776991683989,4,0.0,mixing,887.7933434911898,2640.10231699009,batch,anchor,1.9365104648086435,0.381996647526044,0.10781146179310358,1,0.0,1068.9269232205618,1411.5026789941492,0.5391395462649691
1095.3997089855832,0.06307027470805872,0.05980608662185792,1.833147791499021,2.202095880923448,4,0.0007520268377202044,dispersion,39.641189279997974,38988.19764547535,batch,rushton,0.5675091042869268,3.5949008539083547,0.2899651218472431,2,1.0140333394615897,30.380930610372424,25678.200372639967,0.9487351037319792
1040.4302910083127,2.8936881978431317,0.06690511600439907,0.9679124671910423,1.1104640226433202,4,0.0,mixing,1126.0429440771638,26.889676918080998,batch,anchor,0.8804459112196418,0.17007500874469356,0.048395623359552116,1,0.0,1015.7246728071166,16.81528829573913,0.4934866208644365
1217.2451950988482,0.08133519154706448,0.06832626305836131,2.8689914358801873,3.387754177876344,4,0.0,mixing,76.53880727995156,25983.264120796975,batch,pitched_blade,0.9089944930653768,2.562074111081906,0.5429550978161103,1,0.0,54.126015702843304,16321.29950371748,0.9455429343785008
942.005590198142,0.0492014100574965,0.041729010927474004,2.8891523531122667,2.708344686281193,4,0.27907388217669393,suspension,57.22645035223931,244540.5237592659,batch,pitched_blade,1.2432267455338324,2.7236989421903317,0.5812792603578032,2,1.1443293949456037,43.62297758161418,147624.48713056714,1.0
1017.6976612375963,47.404592702274634,0.04209218088750469,1.5413848038972537,1.8458900305413157,0,0.0,mixing,693.557987679801,45319.72627700149,batch,anchor,1.3680971998774527,0.8252515671157852,0.07706924019486269,1,0.0,511.72008503802624,22687.264692683984,0.5219735790974103
1101.0542009423261,0.03252070439376285,0.05195513569155083,1.0688348330100763,1.2847741934942445,4,0.2373546034340243,suspension,16.417300158032972,606.0712767447504,batch,pitched_blade,0.3134577928630332,4.704647225358076,0.29040481593571665,1,0.0,11.912488132944766,453.9743577352386,1.0
1210.8938346485143,0.07427069015902454,0.0652816725632281,1.22271660038982,1.7915544472687517,4,0.011581130562127246,dispersion,24.620483044187218,16374.484560464385,batch,rushton,0.43453640842277147,3.6141800695407564,0.3529680567177685,3,0.5148970971567285,17.63817376239407,11766.515202087248,0.9224369512552071
1299.8705449655904,0.0704050040054506,0.04419382339492634,1.5265437257717585,2.0607046549434958,4,0.026347769395260918,dispersion,25.30512016346289,71336.30484921223,batch,rushton,0.5426613094805747,3.711741749759808,0.4545556394753722,3,0.568669463593321,20.67677907190346,40173.098612311,0.9701287663251038
1116.994515297563,43.92423534461244,0.05322088699506687,0.9222580135589071,1.2569761869538745,0,0.0,mixing,406.9270567897407,3007.9335784095665,batch,anchor,0.8556793952848548,0.4653533072617728,0.04611290067794536,1,0.0,425.08829618483685,1647.443603031215,0.5116411164969052
1043.1506673353233,0.028466960755328438,0.06746962980378382,2.2992947218729323,2.198769747008783,4,0.0,mixing,64.95027540496827,7047.3563257417045,batch,pitched_blade,0.7931062319005985,2.117268499292437,0.4702399173110146,1,0.0,52.179871335699154,3706.1295627290115,0.9611927249260892
1227.8054383010121,0.008018192765167024,0.042452021189183356,0.7866740358877379,1.065921040853291,4,0.13751133105762148,suspension,8.496218170878274,574.3284584160419,batch,pitched_blade,0.26129607941205496,4.312369063149478,0.22084277574284092,2,0.4355505269961342,5.950808146723245,290.0328847903709,1.0
1128.8987147764833,0.09528938720911806,0.0429301642489831,2.735157808903824,3.537552476915212,4,0.022831822550763232,dispersion,52.97511898467471,158969.60131652956,batch,rushton,0.8493187113748992,2.855035851340871,0.47996270155144777,2,1.5945602020301008,61.60390022458078,97562.173281984,0.944745482794882
1122.3079231229415,0.046703738318355226,0.04694114709790063,1.0993102030654116,1.4970654960702767,4,0.015403150469479265,dispersion,16.860124428131147,1862.776172279003,batch,rushton,0.33110196472647013,2.5216530985731977,0.24341135194435187,3,0.4546723871215251,20.421694545872253,1012.6527477999529,0.9371069455529583
1142.6537519777125,26.629514706104057,0.06413241020479177,0.8739579386884793,1.2698502946612427,0,0.0,mixing,312.3120754143331,2379.3617490429465,batch,anchor,0.7527268186450179,0.8130477543311625,0.04369789693442397,1,0.0,229.63824267946063,2015.050188695855,0.5100877390292538
1143.9140400572674,26.243581125477817,0.04029827423422352,2.93911725937135,4.159048598690578,0,0.0,mixing,1291.0406498741486,49636.5473063956,batch,anchor,2.5665755115467066,0.5187125079533833,0.14695586296856752,1,0.0,1331.2542576850346,38452.27643469222,0.4641983960508538
935.6994670523552,21.816536103756945,0.044726677245996604,1.0885514201662079,1.5315492441076972,0,0.0,mixing,386.84403597338735,3103.0860932910878,batch,anchor,1.0070784148954355,0.5242256205871513,0.054427571008310395,1,0.0,463.6448772524196,1606.9382116029158,0.4989115497943617
907.2180313577121,0.02961946788385437,0.06608250145306954,2.4355243988106166,2.3403791296766583,4,0.05475856273137407,suspension,18.17456174044239,84414.17605903339,batch,pitched_blade,0.7706018391898478,4.397920653244971,0.534942244785368,2,0.9492879200108921,18.912166137061078,55808.53465634472,1.0
1143.9669709055233,0.006402901135071524,0.06026387154302293,2.472966587243882,3.030333316205903,4,0.05036507688716298,suspension,23.377047975556266,45012.168951310356,batch,propeller,0.883956584286497,3.0366963107865956,0.6309711113675945,3,0.7302910916919895,18.86522925820856,25596.089818942783,1.0
1204.8125144562632,0.004343032948075087,0.05311251866142242,0.9135728723227455,1.3477857836470977,4,0.12004633186816947,suspension,6.5056972639149295,83.4428541137301,batch,propeller,0.2427137417049939,3.7836500731068914,0.1414372476560446,2,0.5817376078244946,5.7679237659742855,53.21008097633176,1.0
1067.143383767448,4.314402659181239,0.07086204728310252,1.9648783511213734,1.99668639689019,4,0.0,mixing,1007.8803531091291,3952.866081863098,batch,anchor,1.7439155694583144,0.530977206591276,0.09824391755606868,1,0.0,744.3160613445806,3042.034653027601,0.4959195589179517
1061.5194035843076,0.006857950934613514,0.05782328853227119,2.9657061768330504,2.9874667946057563,4,0.06399194336823193,suspension,50.12616652287923,84313.0885656212,batch,pitched_blade,1.040775961657616,3.436179020493521,0.5324543415575874,1,0.0,34.37488612314215,62245.30339165309,1.0
1236.1933510645874,0.020368949863957275,0.05014297490826564,0.7152235855346039,0.7701568956409653,4,0.26056506882976654,suspension,6.214623726694506,746.6924578526795,continuous,pitched_blade,0.29737625987595495,3.9115416850496816,0.2105029144038833,2,0.2583592456110812,6.30764670819113,469.91244194161936,1.0
902.6314263451159,31.999211894868285,0.04181137945812002,2.1948289048018816,2.5044422964527904,0,0.0,mixing,1160.5533602826997,49367.49546682569,batch,anchor,1.918890710202916,0.6439777254904492,0.10974144524009409,1,0.0,786.3146441864442,30231.17533759875,0.4882892756840356
1016.592796722016,0.01694030106704549,0.0706969018743928,2.6973849204397893,3.825959033561762,4,0.27737948886440883,suspension,22.26235435811369,643049.3665589057,batch,pitched_blade,1.1328315175550894,4.303250297379292,0.6029053538643714,2,1.6566222083575113,23.935194359339988,434038.7883346191,1.0
1213.299659068476,0.03863419999518816,0.05631413553511114,0.7343871461999009,1.0921541997249027,4,0.03712701890439731,dispersion,10.407612654719602,4557.264487255457,continuous,rushton,0.2899634948021355,3.897496030623111,0.16645502881244034,4,0.23132971048448192,7.353254080884272,2871.66440033604,0.9662786773582605
1143.3728744246039,21.492400363096852,0.06965715616557042,1.0507159701016164,1.0030010698446945,0,0.0,mixing,497.71949814560924,2186.1691196096544,batch,anchor,0.9550986170072923,0.5740567468933413,0.052535798505080826,1,0.0,386.7730980338472,1818.7982657961713,0.49779659577462965
1222.7675920243626,0.06422666571015234,0.06313875288779551,2.1019769677673534,2.974979122453887,4,0.0,mixing,26.563240891683968,1155.0021520400423,batch,propeller,0.4168945574656374,3.5635670741798626,0.49025426468344074,3,0.8360107136640574,17.80841502976117,932.1880952960252,0.9457649985952611
1190.212427358179,0.013598309787801122,0.0596409675902372,1.4355307338290864,1.5117068044585653,4,0.09680268354802339,suspension,11.809776750915542,3946.0933024212695,batch,propeller,0.5658010675718914,4.587995302210844,0.2820751911471135,1,0.0,12.691781692501964,3369.8134439796836,0.9972162711245898
922.6131714558444,0.02858719031179775,0.058115363863141034,1.763771807537606,1.6056353464382684,4,0.18271014019801057,suspension,16.092052035312147,44326.51982721585,batch,pitched_blade,0.621273455231915,4.920773181782649,0.38952726527535625,2,0.6666781256005977,13.334222597632168,26212.77145475126,1.0
1281.3081138172734,29.769753770711517,0.07161623145117053,1.055138468145556,1.440201977845199,0,0.0,mixing,495.3660168747051,3536.4622587402,batch,anchor,0.9308577811843607,0.5514023343925802,0.052756923407277806,1,0.0,377.5312205988437,1886.3597119269439,0.5212228824944954
1056.748499222021,0.049849695284801696,0.06677633061461716,0.8424082563540929,0.8877488888125353,4,0.0,mixing,12.03009657722831,2.2375069420759703,batch,propeller,0.13132271722421543,4.077492672423051,0.22503310858795866,1,0.0,8.932890841619992,1.4304719816990719,0.9235623693484049
1142.3589631765024,0.0930264535364829,0.05592344346476516,2.584601927558177,3.4485038682926326,4,0.0,mixing,128.06942831223037,10087.860498169903,continuous,pitched_blade,0.9549097894211096,1.7513325058908478,0.7039948526221257,1,0.0,95.48745988641996,5415.6408917731205,0.9217160438123004
1052.7209209953876,0.09196076605147477,0.06068436329930185,1.0975375776044143,1.3831231442842382,4,0.0,mixing,14.729756206169117,113.64400733282861,batch,propeller,0.2876556066500988,2.8188111416738857,0.17982059507706546,3,0.4159686278906171,11.866087171861212,64.99613247021458,0.9358641038274365
1269.6573898617098,0.05695861331881643,0.04533157042283028,2.800007111653205,4.053799209759983,4,0.0,mixing,23.92131913459247,3316.411480437919,batch,propeller,0.5202144534839264,4.004626442648793,0.7269728069970793,2,1.6708667300233948,22.5951489893828,2776.431983526679,0.9464460996010665
1203.9328643385606,0.09623224634359544,0.06814909563635149,2.700518607877195,2.8551146850776288,4,0.026468208724713168,dispersion,73.20185989149024,774528.5518985363,batch,rushton,0.9612905692367657,3.1302827498617347,0.7182526873699596,3,0.681707834242555,49.08955838682704,428764.33339811844,0.9311196958218175
1236.9724883233002,29.692354996783784,0.06445240175919568,2.992864717516847,3.1415407174471874,0,0.0,mixing,1575.6898106603278,31203.243189200137,batch,anchor,2.736003327602699,0.3807514437011159,0.14964323587584236,1,0.0,1876.5456759532271,27470.666997341497,0.4996522722738658
908.4858443293895,10.596612820565927,0.042607397010455586,0.6205306406251333,0.9107455750857312,0,0.0,mixing,248.6373982558381,106.83228669953856,batch,anchor,0.5627195786385162,0.4293495798546231,0.031026532031256666,1,0.0,278.9103265169195,86.34027605465623,0.5080199075801672
950.4211152999063,0.06224708927107046,0.061455482162244474,1.044342527016615,1.455716744477829,4,0.0,mixing,10.034532303390185,40.49850319406036,batch,propeller,0.20874969565864598,4.34716910950907,0.25065332139333646,2,0.624978925488359,7.509401846821998,30.37427852482643,0.9484224207908011
1092.152303380399,0.06313826553433251,0.06365418618369956,0.7142226132399947,0.8341661635518633,4,0.0,mixing,19.952583616501258,23.721401294713758,batch,pitched_blade,0.2854579923073046,2.0945648165894393,0.14636410923741164,1,0.0,18.508389644901317,21.07674070276493,0.9364870600289813
1038.3541028163268,21.140580013234402,0.06107767334098677,1.9294100095967868,2.761034836622119,0,0.0,mixing,1217.8132770987995,10757.901027315664,batch,anchor,1.7102071724683152,0.4319492264590324,0.09647050047983935,1,0.0,1002.8876107202368,5543.888789480686,0.4920427640663832
917.1713482865916,27.45996648653776,0.04631370123717813,0.9677765924278829,1.1343793690182642,0,0.0,mixing,983.949391882178,178.5873581928271,continuous,anchor,0.8500288770797136,0.18054222047371513,0.04838882962139415,1,0.0,1090.5655301887105,151.06835891405234,0.5047774864988969
1062.6176994020955,0.04270074341006924,0.05343782041753288,0.7927844706679958,0.768147952488597,4,0.1826302795114899,suspension,13.675509261966017,375.62513951948995,batch,pitched_blade,0.3219918235140297,4.004740663983608,0.1381910642207606,1,0.0,10.1987763177542,277.25186317903075,1.0
935.0776768721169,42.49255070094892,0.055595736783192254,0.6294562945649874,0.7467010813359317,0,0.0,mixing,221.99087769397383,1362.1224722597399,batch,anchor,0.5900059443840194,0.6933812863177624,0.03147281472824937,1,0.0,223.38153963922093,1124.004694143323,0.507567440565097
1230.8473243942967,0.09710130688693379,0.0547628034682194,2.011025088187689,2.021427754511449,4,0.029792849372760916,dispersion,27.143500692607518,117317.55138799107,continuous,rushton,0.6415403379649738,3.2140755201045423,0.3634043059150815,3,0.5509078785222089,26.498249236022215,62335.80923649482,0.9525641267218251
935.1234049121443,0.028460838011808296,0.05577443932220941,2.5585644875281504,3.0490635791211766,4,0.0,mixing,47.633428500134066,18032.928616938825,batch,pitched_blade,0.7952527117555336,2.555903987001075,0.6646676806564599,2,1.2971629101602322,33.98309605470351,11712.042893704756,0.9641326526500844
992.2188167639508,0.04275336570700237,0.05876030567625817,0.902631023555243,1.2247055649186696,4,0.0,mixing,11.763771474241299,11.563877430801192,batch,propeller,0.2058529896973388,2.9732737991991995,0.22918359753905346,2,0.5327937085916775,9.744508000287999,8.162788002500967,0.9314712209214477
988.745632562101,23.428125222737105,0.05287637632503044,1.7633628819792484,2.5366647696367832,0,0.0,mixing,1565.3797743341345,5458.879808863216,batch,anchor,1.5713617618369133,0.3565405446940131,0.08816814409896243,1,0.0,1066.2536183730585,3185.0283452363287,0.47869263425151953
1232.8006284386624,0.011150062784381059,0.06833089055829104,2.0433745405407913,1.8786113894708407,4,0.0433998358620502,dispersion,42.85880669794282,25315.381050598106,batch,rushton,0.6351800544267403,2.019118647522465,0.43723655459021243,3,0.5011771412485706,36.800418436708604,13987.015543294132,0.9410214814486467
1279.2976755474006,0.08934644813244351,0.055859175108011985,2.1435471131227954,3.101706129597909,4,0.0018038815067434489,dispersion,46.85422246978706,190603.7099703083,batch,rushton,0.835828037579124,3.008037335303705,0.5821381269085023,2,1.2182151316608592,43.2511036891454,134209.0968867613,0.9613112689020311
1128.6706612292862,0.017835468428830006,0.0717412621631613,1.0294067452716698,1.1922779053141628,4,0.1534923096650777,suspension,14.228230408131402,196.171763265303,batch,pitched_blade,0.2574665376264534,3.632683690263384,0.221898686362649,2,0.4869368159934679,10.260935742224628,151.93134366726045,1.0
1276.751607950918,0.02515699892208371,0.057375468236931654,2.979235784006352,3.442683673738971,4,0.24114869278686502,suspension,31.625659050662158,724467.2006948118,batch,pitched_blade,1.2419282813292074,4.27606302119995,0.5914569385960627,1,0.0,33.229812658790834,409370.5143992596,0.9845108974280518
1118.396861756668,40.02047449221718,0.050859345508019696,0.638539526864476,0.8725429980944613,0,0.0,mixing,417.79954328568056,684.8252540661207,batch,anchor,0.5840103423796056,0.5048117171155987,0.0319269763432238,1,0.0,279.78042652093495,606.3146102269952,0.4815377505722715
1063.1900265893487,0.020188719727263472,0.044734293445585965,0.6524512718162205,0.5903392986103762,4,0.0,mixing,18.262685420873858,14.80962651336583,batch,pitched_blade,0.22532147167573618,1.7084595030799454,0.1630094186635544,2,0.20359162655457416,15.05666645309307,7.476386445599928,0.9736277773601169
1120.2996605105923,0.03715703003116769,0.06171037403081886,0.5610740708407274,0.5478801853941736,4,0.23868675864224925,suspension,4.747821238933424,94.99321588339173,batch,pitched_blade,0.17073422155155435,4.763420473238307,0.0962198501009792,2,0.22250391660147165,4.34941664304495,48.52650322596218,1.0
1043.0774924016616,0.034873882719972674,0.04671047571957023,2.5997547418156506,3.5172141543341855,4,0.08435658371936726,suspension,25.688696732060478,361209.90196244646,batch,pitched_blade,0.909244213091408,4.497984749048437,0.5272928491317932,3,1.0544439494757631,19.4924363021967,206211.00636972068,1.0
1195.9200999707343,18.00931656751303,0.06645024181792182,1.0198941664526093,1.4612308812719657,0,0.0,mixing,415.1580618874767,1880.5751310807857,batch,anchor,0.930214267087323,0.47359144602996645,0.05099470832263047,1,0.0,500.33090055614446,952.020544188271,0.53669512478251
1269.4782320005065,0.0802460944095553,0.06993105787698496,0.8179260828551878,0.8276011668550091,4,0.0,mixing,30.427137688666708,48.185256801538635,continuous,pitched_blade,0.3201203822890825,1.8637666264032184,0.141680414992185,1,0.0,24.38413954119489,31.92117454911641,0.9540380017651348
920.5247321814893,0.05377041748812886,0.05586659711918898,1.1667229656092126,1.7232225468796762,4,0.0,mixing,7.892022453193558,93.32943292984066,batch,propeller,0.22228904634347035,4.5274661370530165,0.26883742800734584,3,0.43816299133305053,7.343428678006015,58.93408659640846,0.9684896713773954
978.3871593055042,0.004665338760242678,0.06578031829846981,0.8764914592764126,0.795340662466051,4,0.0,mixing,7.3048347601371315,17.1681679999556,batch,propeller,0.21036922170588104,3.8275767359237594,0.20102714514917752,1,0.0,6.878058928878679,9.471546893879504,0.936057683082896
1275.9922333741306,6.493663313992529,0.04596141352377395,1.8658842391113084,2.3369274653784373,0,0.0,mixing,1147.7384266072077,1325.082282218215,batch,anchor,1.6974228999903773,0.2763188193606087,0.09329421195556542,1,0.0,1413.2655311409164,822.4906135533897,0.5601954026683872
991.6853442283791,0.018771925678013262,0.05369869965407366,0.8413008468084902,0.9277729739255658,4,0.021440567853870704,dispersion,15.508073123874015,1582.202816390895,batch,rushton,0.269126387811127,3.7528958804286603,0.14724692216217844,3,0.23847175973285878,10.478078595697184,872.6885932312422,0.9583343963957014
910.6396207499425,0.053412297733802745,0.04442324356602421,0.6918450883130229,0.6475121866580572,4,0.0,mixing,9.090907081122433,2.9154108045018177,batch,propeller,0.17324634460599642,2.5483953122702747,0.1432935291633952,2,0.24386975860310306,8.759671233611433,2.0977095946404867,0.9302118149595855
1146.9087918260952,0.09416445035243225,0.061402252075910435,2.7044260857556046,3.1543504956184867,4,0.02365423698344007,dispersion,40.6177085010082,337006.43487084244,continuous,rushton,0.9404950092056655,3.3408098315251684,0.49383744802465906,2,1.332872298779733,49.61636255767096,291864.54117307474,1.0
1156.4415351286334,0.019036224165173626,0.04591824347333589,2.462890802053594,3.0102776690726993,4,0.1263667641303261,suspension,18.084130021548265,50291.29640178806,batch,propeller,0.7933023537016487,4.673778658691767,0.5236256334128171,2,1.240615178701616,16.813565297475687,36125.80932261809,1.0
1239.6575762455425,0.03409880390613962,0.0425354796084043,1.126141965968078,1.516532637801196,4,0.0,mixing,27.291491563377868,416.08816601700715,batch,pitched_blade,0.42981570596032265,1.9599984689441485,0.21065108732784013,2,0.708307566197952,20.3395303904527,296.0613177136404,0.9906481233721505
972.6452993683018,24.277148013294973,0.06388352272627532,2.714524895799292,3.873705491184426,0,0.0,mixing,2707.73472005876,15314.160954175612,continuous,anchor,2.349653084781318,0.3125455124491908,0.13572624478996462,1,0.0,2074.9795576923193,10054.010443056482,0.5272940487557765
1297.4447104746437,0.07250362276252313,0.06609402297949372,2.5815000940792023,2.796650906752829,4,0.0061651401258745525,dispersion,51.412097370688265,306646.75818251976,batch,rushton,0.8825927575597788,2.9578773070623074,0.4292152300222845,2,1.112544163142862,47.53538875450393,169644.39700355387,0.9804799620219133
1290.0357253342956,0.012107646925453294,0.06971171178733208,2.5985537041591256,2.459822201781321,4,0.0,mixing,45.17947520766094,18996.640347246128,batch,pitched_blade,0.9417590095040663,1.819367057410054,0.5908260775519725,2,0.8521781044008124,54.557742101971144,13703.163832773782,0.9686092013957646
1080.164551868527,0.08284842607873094,0.06982229628124832,1.8949913691567648,2.361215713905086,4,0.0,mixing,50.992637536804324,4470.286671579202,batch,pitched_blade,0.7320463657027115,1.7476053398510543,0.338498609317002,2,0.9270556996747619,46.5231877214151,3020.278738526805,0.9419198796387918
940.9979562803256,0.013632146205128086,0.0712288174823017,2.391606126459595,2.608425727693412,4,0.0,mixing,25.659850077402695,11401.890848893227,continuous,propeller,0.6718177824528007,4.840418628685501,0.6856505421586127,1,0.0,19.616589352993106,6146.422543010582,0.9565890181821449
1241.2598437923957,0.02414296941561934,0.05035670488811387,0.5036831743005228,0.5245503416324611,4,0.0,mixing,10.003235256188066,0.8876312169874377,batch,propeller,0.12654560771237933,2.861969069402215,0.08510742854483981,1,0.0,6.86440539377025,1.0,0.94885869434085
1144.9285873208578,0.0023647552599105814,0.06900699443405203,0.6864349442602133,0.9490895291016346,4,0.05829321296198155,suspension,5.264597632657906,91.52153565477317,batch,pitched_blade,0.1958515605894814,3.9634997549656137,0.16135811590778187,3,0.27479200565940337,4.710598577035053,70.20918942313233,1.0
984.7432074461525,0.008357407551074579,0.040274920599419846,2.7634842887433897,3.5179138888271613,4,2.1394251363782147e-05,dispersion,52.797580389485354,104420.75358489902,batch,rushton,0.8673016574723568,2.1248207416131573,0.7507169203830104,3,1.0012418991330971,48.49423367881862,60490.182163956044,0.9564451991069841
991.7945139001887,0.010107065711996058,0.06696973944981326,0.8352643291997679,1.0842151490052674,4,0.24752430939874637,suspension,7.459636010950084,73.34381045357338,batch,propeller,0.2733373869597659,3.1108315347615245,0.16244951434321186,2,0.47314844202917605,8.073643312451372,42.02762280011684,1.0
1202.994730585218,0.04308778657680363,0.05289464646762994,1.9255739039986202,2.094659928312687,4,0.20453837934841146,suspension,23.876502674929682,4453.970961353855,batch,pitched_blade,0.535191974037845,3.8122482359458485,0.41741058562823874,1,0.0,24.388689368068633,3755.454690477076,0.9839493335965841
1177.5130246277606,0.042180561453390344,0.058413898248018556,2.527863622014404,3.2717992276912375,4,0.2150468125079661,suspension,43.6627544750704,25297.788616019337,batch,propeller,0.9474474188485551,3.162187173397208,0.4191148264297793,1,0.0,34.525537069456384,13223.181584226408,0.9907242887845527
1099.792914068303,0.0173736909927658,0.0529389758821398,1.0559426618517438,1.1310139264734895,4,0.0,mixing,10.102339234646553,24.36398392380746,batch,propeller,0.1928111807075195,4.7909834025594495,0.2894629256665775,1,0.0,8.648241543090064,14.579747087049238,0.9442879593625749
1200.297125731423,2.791015434579779,0.04159899647996497,2.6873026193212537,2.5959466489392953,4,0.0,mixing,1748.0820161515885,3091.836421738747,batch,anchor,2.4779697935700766,0.29969519819834356,0.1343651309660627,1,0.0,1237.2527096690962,2378.6283303122887,0.5331905434693871
935.8540007742051,0.02449948956471948,0.04374069883312923,1.3399404527122107,1.2617671819820144,4,0.24753608902799373,suspension,13.956128357331167,7088.900503764405,batch,propeller,0.5866021656184139,4.129753540771502,0.3886554936747408,2,0.44911672704604777,10.911175514257776,5210.105454905422,1.0
1008.1380905350834,0.004544826060599269,0.06458086747910102,2.99733406301074,4.2556893637523805,4,0.2062372060352317,suspension,18.418489311991245,207289.2195420543,batch,propeller,1.1571850495957172,3.6529678189896133,0.5940082193722434,3,1.2334418186922786,17.860385138663432,159176.79581349573,1.0
1260.6294169283751,0.0839044527601081,0.042229881590835794,1.1031210209109517,1.5575313262157484,4,0.0,mixing,17.970507813165906,1394.3647017547619,batch,pitched_blade,0.4325310078733046,2.464380226298263,0.19056616786359507,3,0.460124602340929,14.147892819024548,992.8145558690255,0.9374479964781159
1104.3791809808317,0.025358976302542476,0.06810899245016407,2.2237693074307323,2.376677290265157,4,0.03987333321494593,dispersion,73.7641955861171,31235.395296189414,continuous,rushton,0.7609039760776682,2.0719485503435977,0.6297350912155067,2,0.8067061871382929,59.150047056743624,21259.693560582335,0.9428182519380521
1146.1101926564286,13.545151361316544,0.05273252412378673,1.6783302661418835,2.23601970269046,0,0.0,mixing,1679.0234749240776,1116.8396554116,batch,anchor,1.586493568085829,0.19477788393706533,0.08391651330709418,1,0.0,1690.5761980189284,591.7279730053012,0.5182562075965448
1195.6883560876363,0.0723174654459815,0.04503131208384173,2.520495548473487,3.1388171826133644,4,0.0,mixing,23.81526209192799,4394.3992565312265,continuous,propeller,0.5434205152381641,3.8200511374275155,0.617745306860831,2,1.2354321956009429,21.102019300715227,2950.2882989133273,0.9521307672006042
1246.432361850312,0.03767427378238176,0.04739762500395173,0.9162268526584054,0.8465590118090335,4,0.2675998021689259,suspension,15.830182868157795,583.7563735428218,batch,pitched_blade,0.3401404923005206,3.554119676138962,0.21004091571860373,1,0.0,12.944474113444683,314.9708557564498,0.996811791980531
1258.3252755268072,0.022121268927819206,0.0619650579429891,1.312948682368915,1.2859190882553013,4,0.12041847824026865,suspension,15.413695922141565,1550.7284049863583,batch,pitched_blade,0.4370590961071121,2.6066717138951154,0.3249465450782637,2,0.5135117503498856,17.410206841660983,897.1842107244083,1.0
901.2187011883435,7.28928803987408,0.05533084061856213,2.6491185204598047,2.539542372537554,0,0.0,mixing,4188.866251509775,1165.7582047011597,batch,anchor,2.3180763353157627,0.17653227058983015,0.13245592602299025,1,0.0,2975.8103459294693,947.9487145359063,0.5046332581938515
914.4513431919587,0.027810296142758276,0.044245662374786776,1.205915565549668,1.3774014210331837,4,0.07254788011080325,suspension,16.4395783189652,4499.677937447665,batch,pitched_blade,0.47130718170898833,3.737653327399095,0.26668211254394253,2,0.5456391272212496,11.88025006553371,2712.3177863044957,1.0
1136.3508518592898,0.07710497786937313,0.06327664933042218,2.2345054936744217,2.0156860349587626,4,0.0,mixing,32.082599339531335,25331.814431069866,batch,pitched_blade,0.8054549202155206,2.5724996005622134,0.47937086367519244,2,0.7952197711108508,37.24121002800722,14395.350199798313,0.9350638322399033
1095.3348068802563,0.03724083226146102,0.06591325999189543,1.5733287198444044,2.323346408426909,4,0.24103274243042588,suspension,20.950772694277823,20016.003200552015,batch,pitched_blade,0.6429073507262825,3.7239720135028214,0.3844225618156701,2,0.9634724751840403,16.757553473100497,15933.89330162339,1.0
1189.0204822371913,0.006986254719254061,0.05870356394922294,2.421860829116209,3.2758336586568078,4,0.010161986593362838,dispersion,53.78392295871478,117396.56405820405,batch,rushton,0.9091363622297688,1.9508997808773156,0.5228052304530488,3,0.9532198414676191,39.87129806697416,71389.32652515131,0.951952981758589
1192.6550687290628,0.00573156315155779,0.049099071315076875,2.6849007496254993,3.365172850326156,4,0.0,mixing,43.49577560628312,49215.477589843504,batch,pitched_blade,0.9674298116872058,2.1400859827071645,0.4156855953817384,3,0.9461731911403968,32.735654309034985,32032.8427675386,0.9263364241956042
1146.0776562462947,0.043478358216430424,0.041675317360765574,1.0942719068144855,1.6127069224346897,4,0.0,mixing,11.404773272998188,37.78202023030628,batch,propeller,0.24444727746417128,3.4387327538130004,0.22201388018393675,1,0.0,14.204402409234898,20.489823677482114,0.9712992649827868
1279.0288187445335,0.001960094757582193,0.06621342397245662,2.5719907068786196,3.1558578472335572,4,0.18155199112475406,suspension,32.5505022348381,60232.88010248486,batch,pitched_blade,0.8851225293854896,2.701734777210596,0.3965418734192446,2,1.4194239926343664,27.366625251079146,35804.78048947349,1.0
1065.2416134052346,0.025999141391787405,0.060082822497055086,1.0139682532546908,1.4707139874627346,4,0.028067581692685462,dispersion,22.63646348377117,1418.9908270341616,batch,rushton,0.3558590208994798,2.442807298525926,0.1658324195761764,3,0.4292206981991197,20.341616263754382,1278.1643820104136,0.9671060716664157
902.111608382276,0.002231179431944714,0.0443853932522253,0.5096328049506184,0.5862925639184569,4,0.012658947297940905,dispersion,7.383268400209209,52.27094828171592,batch,rushton,0.17716839775359383,2.9001004031512085,0.11646836457366723,2,0.24966902508594013,7.123609766426117,34.68098039191749,0.9153881575324347
1239.59742423407,0.02294154094349305,0.05289211119723916,1.7577187798031921,2.62922955320622,4,0.2892235315504363,suspension,13.80309476619746,2316.6425085152223,batch,propeller,0.5323188823194738,3.0727316632822608,0.476204439301293,2,1.0349294695880673,16.34229044972042,1649.3432283906225,1.0
1185.611015155449,0.04061039168556507,0.05758092642138732,0.6391489348146685,0.9090752315307079,4,0.15873211902742812,suspension,7.618376582536056,233.96420228538682,batch,pitched_blade,0.2631252281415837,3.480204294884182,0.12761500148712834,2,0.3836637588946294,7.269913116598338,157.13753790116613,1.0
1170.275803449681,0.048707176090534696,0.0535577893097054,1.8037652067456897,2.572591304300444,4,0.007016025897792744,dispersion,27.99579122548302,101249.27884727776,batch,rushton,0.6241839095506577,4.027197251140202,0.46994652744890736,2,1.0950550680310214,24.348845657843135,64417.46269154388,0.8964584763863735
1264.402763025264,0.03999414184092738,0.05009690677679603,0.9730087979864522,1.2447842340060338,4,0.0,mixing,24.32253800814738,398.57383426476895,batch,pitched_blade,0.38154222709333047,2.1818916459757602,0.15630850915070094,2,0.5187794425298682,19.19596711581902,246.47233979097348,0.9523600674454699
1006.8146821751934,19.695270366907025,0.05544807245480763,2.2732438285713767,2.2800064866819434,0,0.0,mixing,742.0670190333819,49367.29565927665,continuous,anchor,2.0450437769543166,0.8060417060316811,0.11366219142856884,1,0.0,559.7016237188584,41188.21648432691,0.5419480815635273
1057.6717872539705,0.05836007804290225,0.07089985070736271,1.1599898398127915,1.0444273616057504,4,0.0,mixing,16.70945099784795,21.29439679615065,batch,propeller,0.2217763138162226,3.8171369825284596,0.33440447484219143,1,0.0,13.968055225305466,14.840009511739833,0.9741197501781423
1172.212633424473,0.022867780706121117,0.050421058951207236,1.9070976416502754,2.1264422593232783,4,0.1063619586927838,suspension,25.580883307599294,9478.284865303178,batch,propeller,0.6783023539485542,3.5293265942578236,0.5449821267239677,2,0.8409286311217382,17.225630689412736,6270.672261484415,1.0
934.9853185813253,0.0024345232852844246,0.04809784729009006,1.7735689972168114,1.9933029649654013,4,0.0,mixing,28.835106356456112,2121.1207713206136,batch,pitched_blade,0.6412008886468192,1.820544231574049,0.31589043386021615,2,0.7558342268736362,27.22187859576462,1469.8482834269453,0.9547957951083773
1107.350978510606,0.011703250957683632,0.06836213548428076,1.0976668563045955,1.012141823665291,4,0.02348837710570035,dispersion,20.673308678520378,5142.138269130778,continuous,rushton,0.4367653415004475,3.5682270279997086,0.23091084000446066,1,0.0,21.86983690541381,3634.421778556093,0.9418679625736807
1017.268058393222,0.04430154418920081,0.05545819768598942,2.0931992033332154,2.7134876866045405,4,0.21765864016864944,suspension,23.36366155162381,10082.980385150357,batch,propeller,0.7398093751051332,2.954449651404467,0.5428361423996303,2,1.0836184057644471,22.325559095132526,5775.768786273665,1.0
1087.9031669941116,0.07919333860753622,0.04093323974929419,2.3363252130681382,2.1734999400837753,4,0.0,mixing,32.71963778004418,8020.870723414912,batch,propeller,0.6874191154200955,3.2115969505673045,0.40339902053877175,2,0.7977141147458825,25.54578693014122,4701.696776347839,0.9340703350655598
1167.9550613262602,0.05625409156544651,0.06669680881832732,1.6671179292104523,1.940760365269703,4,0.01753441119308848,dispersion,50.00527189993161,14473.294828568272,batch,rushton,0.5555681009985551,2.851469942296578,0.2778602825783501,2,0.8864175862222341,35.72560969257417,12848.755319071151,0.9645758276967756
1187.4865129889472,34.24055206587943,0.06031399470195813,2.41803353450395,3.5522393847340066,0,0.0,mixing,702.3897509761343,132681.26113403458,batch,anchor,2.188685076985372,0.7693616429934137,0.1209016767251975,1,0.0,770.8981288392191,66568.94083374184,0.4678964053035288
1280.412347052049,12.611363272462922,0.05157887315722855,0.6945543435933711,0.8428916214353699,0,0.0,mixing,889.5502452220732,54.59176439845587,batch,anchor,0.6042406882210296,0.20987068981181162,0.034727717179668556,1,0.0,770.902330297768,32.71600682531388,0.49050088401892966
1024.3820137597327,6.668869276697707,0.04350028009294281,1.7392404072502803,1.710190835364128,0,0.0,mixing,1230.7428848922946,749.7265906706544,batch,anchor,1.517217819501607,0.2765451149499737,0.08696202036251402,1,0.0,1142.2532021417912,547.8103128794365,0.5268879164206232
1043.430904229308,0.0914550072722191,0.04437170958015139,0.6656746511630974,0.9608480850672905,4,0.03662031209469051,dispersion,15.800282255173903,71.13221414819854,batch,rushton,0.2110498309390268,2.1365595795239014,0.1930157506254488,2,0.3625162406605652,18.265084670168296,40.89023434860381,0.9896732830846905
920.7047263846966,0.06953487977638337,0.06483001055514959,1.7407685697686976,1.9187072468734123,4,0.026465018495665155,dispersion,43.57011846691323,10763.55011139434,batch,rushton,0.5818351648586164,2.070714983620515,0.2728584095223522,3,0.49391032429345166,39.80762631209592,7333.24342237812,0.9651696623392209
1237.9990334652498,0.0825290942529535,0.06621082128424981,2.699576217553996,3.329090592157332,4,0.04220863988701161,dispersion,48.88930553485956,683978.173471008,batch,rushton,0.9705427773873987,3.5529251603858794,0.5509002362530251,2,1.503738031061317,46.58782934097719,430045.5692063815,0.9624702265925618
907.335578979028,2.419224597361003,0.05424335610660796,1.5121519393897414,1.9479540474835413,4,0.0,mixing,280.63527032215205,3037.8880610111423,batch,anchor,1.304367815546786,0.777848493816142,0.07560759696948707,1,0.0,344.1501398097792,1578.7179776961875,0.48165632113218326
1148.869139135964,0.044900022228297684,0.06901649688346967,0.9736749589455123,1.10752988844965,4,0.06453963812729153,suspension,17.14046835839004,811.0893990679107,batch,pitched_blade,0.34576610236660427,3.1663295042987087,0.1471457296835617,2,0.5081885340317154,13.111263631096726,429.0107619257136,1.0
947.5566361106446,0.09461846808829029,0.04313632513265921,2.513923448163975,2.812665782470278,4,0.0,mixing,101.05012629144322,11905.81710237409,batch,pitched_blade,0.9853185377563498,1.869079036050974,0.6878503096427435,1,0.0,82.70393657982027,7074.949771920341,0.9430939676924862
1089.438539569657,0.032350747889740954,0.0626034531614563,1.2317931551939876,1.2596102994217617,4,0.1626897330276536,suspension,14.487641075227799,886.6928469112595,batch,propeller,0.46609660501894956,3.2023548208829697,0.33449446551582124,2,0.4280328031926357,11.621571211516802,764.6826568300487,1.0
1096.1802944014028,0.08334781927643864,0.04790481599205599,2.302748024104334,3.3250458503198037,4,0.0,mixing,20.621911119536797,3010.3331353351173,batch,propeller,0.4785313855749121,4.513666367543214,0.47635395739472935,2,1.5628033237960075,18.48856216416706,1999.8702496882167,0.9637917331305965
1056.216973468836,0.042996520460106546,0.05861838060686664,0.9955949425988817,1.2655075208618565,4,0.24336931325419991,suspension,18.259703117677613,342.9112101451154,batch,pitched_blade,0.3006999689366589,2.602144758775241,0.2658021827708714,3,0.36267432963784707,13.092106150117058,174.79031089977235,1.0
1129.2738214921014,0.03543857865022994,0.05190694130588404,0.7059107100577423,0.6663017275062463,4,0.0,mixing,7.158674569636331,49.82455130448928,batch,propeller,0.2039586272841054,4.307559276198059,0.13069485117512944,2,0.2803650054054746,5.122157782540826,26.841297165801763,0.9523533924940684
1045.5038873429044,0.06529132382945335,0.04493523757899568,2.436806852664383,2.411299215155781,4,0.03800533216554612,dispersion,86.38798618197546,19233.020913709355,continuous,rushton,0.855947540439066,1.9704402203654299,0.39514692868788087,1,0.0,83.79732444375283,15683.062181346833,0.9731914936302446
949.6903021615105,0.00923614789826361,0.05160891839901276,1.389943980261403,1.3327762183772554,4,0.2897778568582419,suspension,23.86330882394841,1146.0272783912915,batch,propeller,0.5453354905190485,3.102586139309229,0.29501954977871286,1,0.0,18.572974453013895,667.0332415712753,0.995734443398891
1188.2179781909615,7.912454755127911,0.043723767601119005,0.8156630198643989,1.0926873291578556,0,0.0,mixing,349.19615254470176,354.58285867643815,batch,anchor,0.7415633692960752,0.46677358624589843,0.04078315099321995,1,0.0,262.1363773192312,209.55747173132556,0.4985443348834865
1278.5764853219835,0.08790566538645474,0.05305341961140829,2.444576200083189,3.463764068687188,4,0.0,mixing,27.21936148870816,2865.7296470946776,batch,propeller,0.5417393884570212,3.1485845670440975,0.4656332144790293,2,1.4658802175463173,25.863450888882866,1668.194480171829,0.9455607547177359
1035.587500796976,0.07639070693161741,0.05843967274402706,2.1178781213274354,3.0750837163548037,4,0.025541758381663966,dispersion,31.789613523019195,50805.829878068165,batch,rushton,0.6416887488852795,2.7031065480581447,0.583717865370748,4,0.6373945249049499,31.791039008961274,41677.56904453024,0.9397622649982316
1285.3752759632096,0.03555366941186361,0.05300771766817262,1.7047003429816803,1.8643247080105456,4,0.014537807147993971,dispersion,56.06825234474493,6941.846290127501,batch,rushton,0.5238869069505044,2.6189570469255012,0.4642031138699783,1,0.0,47.843980301179826,3727.2293184029654,0.9473340055666838
1235.5515578822049,41.22828457076907,0.07031206167612392,1.5210236215018864,1.9271610415369638,0,0.0,mixing,1487.1452205294868,5339.807253869892,batch,anchor,1.3729735240974585,0.3688724151227452,0.07605118107509433,1,0.0,995.4114454388516,3880.4184733009015,0.49629673155510123
968.4260638704238,0.0029165604537618886,0.06468684188595766,1.1503882775749115,1.2405108677526486,4,0.10889127461753854,suspension,15.555951292983341,149.35979434156786,continuous,propeller,0.3279319162777577,2.934097410221523,0.33688840710022955,2,0.4418067162795305,10.896339298576581,89.23881467132811,1.0
1193.0125778882998,14.161785173561816,0.0632180546627501,2.8014488477378467,3.830998317306597,0,0.0,mixing,1943.1760591168834,20549.7988048562,batch,anchor,2.623935541146221,0.4083940005323114,0.14007244238689234,1,0.0,1575.4230378846335,17110.35184359239,0.5060394245055183
1248.256237371239,19.036403801689865,0.0679264803489715,2.5249544424038195,3.304362748484761,0,0.0,mixing,1485.308703197747,20077.161222860068,batch,anchor,2.253917482191921,0.39549096263586825,0.12624772212019097,1,0.0,1337.1365132892724,10266.825164767894,0.4845538444493527
1220.3285788132307,0.02672085030665155,0.0642800766161286,2.6571984219335953,3.5786000243917133,4,0.09758884455199014,suspension,21.781096534566807,22142.780853454868,batch,propeller,0.7896064790059848,3.8859374827598403,0.6535398525306918,2,1.536419356277285,22.498314434186447,19002.328351788325,1.0
1217.2292510976602,0.009298664898267146,0.051066120411465604,1.477959220924078,1.5531231383346293,4,0.03796861630792042,dispersion,21.088398205888563,50618.96812696416,batch,rushton,0.512953973014039,4.098861287833392,0.4343987608886802,2,0.5317486209058062,17.466745758524844,25682.68484351376,0.9391717098491653
1187.4060937439967,0.05857226346543945,0.046651243650228574,2.6359469136549873,3.126888455299344,4,0.0,mixing,39.42781200820405,2245.535561805616,batch,propeller,0.6229585745802081,2.817378228205285,0.5947260805081532,1,0.0,36.730774740838875,1124.3804143437828,0.9479529408633096
1250.5047269937827,0.09184466037603062,0.04416837308972953,2.179902153210522,2.6527180101031416,4,0.0,mixing,27.630302597076945,1134.0982561884437,continuous,propeller,0.4445278756199875,4.564886424783576,0.5782894374705603,1,0.0,21.152955923496652,1020.0702276304752,0.9688860935579449
1284.312868808819,0.02456689345673921,0.042264658595014076,2.2256054782991317,2.186311943278462,4,0.0,mixing,29.609461819898456,442.5671541717012,continuous,propeller,0.3375703724435828,4.56620018950821,0.5450195171289672,1,0.0,20.144364770491876,244.9422491381357,0.9627180248968973
1231.603568475207,0.045910811104714074,0.07085361349980614,0.6076854067249835,0.5862482594812111,4,0.04534481367106074,dispersion,13.988874170511005,219.05962106803779,batch,rushton,0.21210495474752483,2.9381064803546715,0.14011934011850635,2,0.22477638094157085,11.155990485093037,118.6117788930754,0.9207081698313051
1277.6254736343672,0.06832128139268616,0.04141521259963225,1.3045799794644448,1.505641628340635,4,0.0,mixing,29.898422130629502,425.8503949396553,continuous,pitched_blade,0.44611149378909626,1.7990072340947425,0.19964212799633646,2,0.6235798897172107,27.853701444007694,301.2115893116009,0.9488200960992625
1275.8567869367203,0.03712339281334042,0.051463093606455276,2.3147321201245425,2.622512891287661,4,0.0,mixing,59.33992804148595,16695.83321524555,batch,pitched_blade,0.9035859317984272,2.4423482102321388,0.596038472933895,1,0.0,50.351531488344726,12904.445094476301,0.9431000461866489
903.3980552674336,0.0505791443538985,0.06162250719173949,2.8800385170754588,3.0196955152093063,4,0.0,mixing,31.07865831338464,374.3757660761876,batch,propeller,0.4419877816042323,3.610618372363469,0.7670882242472347,1,0.0,34.85553531285059,317.1185007511998,0.9450037534297239
1130.2007805318513,0.02799356722324949,0.050553230665270246,1.1816547998599707,1.1612770978108062,4,0.04907052711622498,dispersion,22.38681016373515,2509.4135284457593,batch,rushton,0.3969721637358477,2.600377124023909,0.28780036952753035,2,0.4457480960680165,23.51538774875916,1813.0310249587542,0.9615014184484927
965.4337720264011,0.0328312060849621,0.06887687247949693,1.213531407471562,1.6205399020490052,4,0.04913313464195338,dispersion,15.593767120310194,6583.37471303879,batch,rushton,0.40976940200537415,3.7989890723829856,0.3404923788410166,2,0.6725291124237576,16.539054089800608,5503.882094507099,0.947863455281508
1235.0507727100842,0.08832993603425983,0.04304583203177164,2.929825328567375,3.1321123088161102,4,0.0,mixing,31.031520920908562,5183.856926873677,batch,propeller,0.6720997507110666,3.014223332143348,0.6943680753212709,2,1.1243308751029837,35.58512529277273,4493.139931889637,0.9244432734590807
1073.5210664602807,18.919955827265284,0.06192544697774435,1.8983340267574493,1.7151198402921777,0,0.0,mixing,730.4327116034128,35729.60542269783,batch,anchor,1.6866507390386452,0.7966457836156542,0.09491670133787247,1,0.0,525.0505507536417,18883.17116165737,0.5428482647844196
929.2660180979723,1.0143531694207275,0.04381930587366882,1.3979994237573345,1.2778139418801606,4,0.0,mixing,647.6331766644969,621.3445608534458,continuous,anchor,1.249115531469528,0.5650277488116279,0.06989997118786673,1,0.0,435.8568198231198,414.1866295279291,0.4946604063773139
1149.2177751258823,34.74250134172178,0.05541884501054432,2.7434445990222853,3.194852206589456,0,0.0,mixing,1083.6392336638298,230466.1527645606,batch,anchor,2.5397162544754233,0.7550264332458555,0.13717222995111428,1,0.0,826.8776815146699,117445.82448280489,0.49863277708350207
1220.6088308470548,0.034909367771373254,0.06743444767192601,2.202356848810651,2.780894447121747,4,0.08457699810431792,suspension,20.417351924028733,25970.274370402243,batch,pitched_blade,0.6424774826575832,4.71274986078383,0.46982809172220596,1,0.0,24.23529976264386,18738.480085387564,0.9858575430310313
1050.6338218074009,0.043628895671927834,0.04315034665228254,0.5075234888208603,0.6013401934152601,4,0.05451356669577671,suspension,4.251107912563003,26.054640543283128,batch,pitched_blade,0.1448575466345467,4.963211455304653,0.13429358335504682,2,0.24150013668186532,4.206828069517337,16.790257953744117,1.0
1034.3694514947063,0.0011961789518099486,0.0548413228651071,1.9136065504532167,1.9491617936332108,4,0.0,mixing,15.294099935517162,443.34844014886465,batch,propeller,0.35568692170471333,3.5067961039520723,0.47550422864797676,2,0.6676546617053878,13.737253559794487,237.72781068612954,0.9447426957103595
1160.9713724165133,0.015304057507881674,0.05796426308418094,0.828116056170144,0.9521235017978197,4,0.19913140362082893,suspension,8.019405948656367,1494.949912505287,batch,pitched_blade,0.31804236096214483,4.409989953823134,0.15180619058125125,2,0.43095092004088775,5.66938585542168,911.7807596075787,1.0
962.9642142056099,0.051625706900794786,0.048859252322391196,1.5415627402993164,2.2083885520778743,4,0.0,mixing,28.804566930321126,22.769682095178506,batch,propeller,0.24974435404284434,3.3135246507442067,0.32528915022177357,1,0.0,21.526193713388704,16.93108615143785,0.9527245024897338
1241.9576395322852,0.09799494903623866,0.041066776796682025,0.5559694866973132,0.6669997360900672,4,0.048212533478550534,dispersion,12.78644892417454,124.01061488441661,batch,rushton,0.18910891256185547,2.4885337568749413,0.0979563027912302,4,0.1355334701502622,9.832968742864656,84.46991278170965,0.9326123250308942
1290.145745536123,0.06870878189362171,0.06394186418295815,0.5861262913221472,0.7169560117133413,4,0.021594651739265825,dispersion,10.962395237001381,530.8905941035031,batch,rushton,0.21457387385315727,3.5010934572601493,0.11432689526709752,3,0.1896687321541258,8.623469900477682,308.058711723179,0.9416984259112666
983.2708921480779,0.00254242599507369,0.06985092907874177,1.8529219325237785,2.086958152617329,4,0.0,mixing,28.588529029534364,2585.315169213256,batch,pitched_blade,0.5967320565621691,2.5477399180808655,0.5352887961138422,1,0.0,31.870993812619897,1490.9199050781356,0.9274472329365292
1195.2583121462376,0.03725801378398192,0.06091136600265401,1.1270471405351703,1.403272034145874,4,0.015924438482661552,dispersion,30.079579666271176,2342.9436554698373,batch,rushton,0.371912906302541,2.1876078232131464,0.20441235541207062,3,0.3728355287850262,24.41117446733124,1208.341451896804,0.9612510088028333
968.3512236369884,0.028871577137157378,0.06871892103500982,1.7281322669529102,2.1096025345802123,4,0.0,mixing,22.78279070595562,3482.3990320133294,batch,pitched_blade,0.5705392415015916,2.144608683407531,0.31141241209308446,3,0.611131133018819,24.12144233968474,1914.9062637777413,0.9293435260442161
1176.9292509953566,15.775626255151728,0.07031037808802235,0.6668776183630436,0.6441158184159272,0,0.0,mixing,202.56157629850824,679.4248664572465,batch,anchor,0.6240117269596422,0.7305699941684229,0.03334388091815218,1,0.0,196.17309298590914,578.5952550190166,0.5041761757918026
1291.3470755291387,0.09154101901519279,0.04608288467018149,2.158045313627066,3.060581641350882,4,0.022831145587546772,dispersion,85.07752838996568,40435.34822791593,batch,rushton,0.767716077336609,2.0549547807335307,0.583612838393332,2,1.251585544224794,61.65596244985136,27694.289829490783,0.9921740872341291
1268.2533315845537,10.076238044671946,0.04578523809319174,1.3844121655628436,1.2961742625239197,0,0.0,mixing,1904.3815583166856,159.25079769136912,batch,anchor,1.1871225264053755,0.17398572271605608,0.06922060827814218,1,0.0,1471.804026349095,141.09962289063014,0.5005057242528848
1138.784720301229,0.026286352392237013,0.061119348805268287,0.8607425508481893,0.8094626725665492,4,0.2914731156474467,suspension,9.723057930269228,30.695345363795436,batch,propeller,0.21589082162337733,3.9039045121345857,0.17407373026339237,1,0.0,9.662062379102062,17.65088146884823,1.0
1106.8262447453865,0.034142755653586265,0.051006630884547995,1.454992156888366,1.379210074652484,4,0.03994736088985493,dispersion,30.925860548963424,18500.081488548924,batch,rushton,0.5764736308970041,2.2099975068797324,0.2212919397082745,3,0.37550500987958335,26.234637311871808,10203.59265441364,0.944540669992542
1034.4449448059618,45.73802913560003,0.041443367325500365,1.9798286552624496,2.532045100736419,0,0.0,mixing,961.4524321099804,18172.173440202743,batch,anchor,1.7700682796073939,0.4151414373281531,0.09899143276312249,1,0.0,1156.8301585230536,11418.89477619862,0.5389027849347475
1213.691766959076,1.0693422681336386,0.05918489105297223,2.404774746452713,2.8606059131423276,4,0.0,mixing,523.177006740142,12231.193825734068,batch,anchor,2.1683406536589067,0.7597151778570842,0.12023873732263567,1,0.0,523.947670012781,11105.701351231133,0.5195877593737332
1073.6493119403492,20.6873183226269,0.040375396648876946,1.6760113398322904,1.9770442422533643,0,0.0,mixing,588.8472065863918,27580.27580895058,batch,anchor,1.5447672818584541,0.8275243836572428,0.08380056699161453,1,0.0,395.5921276626616,15831.85919670233,0.49966793996139836
1010.101900100933,0.0527168750490669,0.058681910692831046,2.406478566049057,3.6005602726690804,4,0.0,mixing,13.785558302017725,8652.34394890857,batch,propeller,0.515611780626827,4.667099938597922,0.655955556729029,3,1.0051690132209918,12.475795087337273,4742.426650035539,0.9519399137489472
1043.208644161642,0.01616102430001993,0.06287459853367741,0.9628238175929028,1.1372444378071709,4,0.02600578091809992,dispersion,12.627639347175032,3515.2872164774935,continuous,rushton,0.3302961352779269,3.276931481738169,0.28534359241696067,3,0.30670200088423866,13.216082976816773,1850.3330521243308,0.937285865489237
1203.4924402608426,0.03837354760446945,0.0667444466742616,2.6789852684528515,4.000237669824023,4,0.0,mixing,80.34830321949563,36107.98203060316,batch,pitched_blade,1.00245132701903,2.0073575400704384,0.8008304332511338,2,1.5280927347897275,58.80551537343534,23226.59554942773,0.9739172842143834
1131.913725678049,45.22548730456855,0.0649564179291571,2.6037958386015774,3.0394314493446415,0,0.0,mixing,1558.9296416731192,76617.09834193264,batch,anchor,2.4303809691559004,0.5190769292834994,0.13018979193007887,1,0.0,1213.3520554816614,55635.1228821786,0.46662754995669564
1134.19579251411,2.137041060275206,0.0668039269729706,1.1008501129601829,1.3614219995299728,4,0.0,mixing,605.0124050756414,84.54859221181319,continuous,anchor,0.9474028843382254,0.3037344895946443,0.055042505648009145,1,0.0,686.6194721696928,58.25687403351167,0.4895552396682938
1024.889668986712,0.057308448365008625,0.053162443398945214,1.169758220222128,1.1912544725623408,4,0.030970825995065555,dispersion,24.104315834449665,8238.87697950055,batch,rushton,0.4088666813220824,3.36758197968515,0.2794778121080482,3,0.31562268060141446,16.579622503562994,5839.8410658558305,0.9874691813676186
1241.338189973837,0.08853887066783692,0.04363534000225049,0.86132594295222,1.2208028228941437,4,0.0068507525367296875,dispersion,19.96245702997932,1151.988869999653,batch,rushton,0.28054263708172933,3.293186226545049,0.2499050555836151,2,0.5128363550767814,15.053409973152629,664.7971666282857,1.0
1122.4833770624984,0.008095678810454924,0.0697071329923111,2.45748002945606,2.6659564764913855,4,0.13892714834693048,suspension,27.170909654408963,142114.6222657101,continuous,pitched_blade,0.994237223021946,3.846424631967831,0.4330713352553288,1,0.0,27.22976298834844,77998.30835377255,1.0
1288.0923975194394,32.725212076843576,0.04611842556911058,2.9779503728821575,4.124530202187737,0,0.0,mixing,2406.378504157029,27130.34755980898,batch,anchor,2.599661571305976,0.33822176805406673,0.14889751864410788,1,0.0,2302.9253261229956,19036.93723043539,0.49699422243962027
1139.971023561525,22.6095667341762,0.05361509097845572,1.7649849470491203,1.9656762921717337,0,0.0,mixing,1114.8501899876862,9652.03735949027,batch,anchor,1.6334158354657415,0.5023215697556486,0.08824924735245603,1,0.0,796.9834630028321,7328.126401486488,0.5100369035043021
1173.6849340929123,48.956955735469805,0.045991549457704096,0.6546536880707241,0.9716766080202653,0,0.0,mixing,322.60061281314876,645.4999716702584,batch,anchor,0.5609584796135286,0.3783426840808222,0.03273268440353621,1,0.0,365.0743087659811,325.344286303281,0.518150001898413
909.6722518230738,0.09191490445172736,0.054823384378365106,0.5424011856697493,0.7241630007087145,4,0.0,mixing,4.231017200406429,4.120642995719491,batch,propeller,0.09918297628503234,4.259474463424342,0.12684175843450737,3,0.18725047052833388,4.456013034520911,2.3075256151763597,0.9587833599952026
1175.3593668918038,0.04884916641352758,0.04714423327620526,1.9782048089764492,2.8500249509903797,4,0.02600996846997522,dispersion,74.93945544056476,26946.027871423827,batch,rushton,0.7015535405467028,2.068133199538403,0.4831745998548051,2,1.1439320851470918,53.02596957170113,15731.772089865957,0.9430715855632008
1267.4363359774159,20.57062227870436,0.06844084490631813,2.3818095941768895,3.4491898144775193,0,0.0,mixing,1281.909063151334,12502.21412014391,batch,anchor,2.099172971016991,0.3858122290847982,0.11909047970884448,1,0.0,1351.7986469214852,8799.737437050435,0.49272036149354753
1036.8668700578512,0.08226582867578759,0.04051507557099783,0.7929748293698597,0.750410186639074,4,0.0,mixing,27.374480050671426,17.94115536905132,batch,pitched_blade,0.2449901177214297,2.2939073308458693,0.21668427263991186,1,0.0,19.831051751875616,13.219158556162311,0.9462666676124465
988.4813624116243,0.08893059898081783,0.04656140618954558,0.5499647709104147,0.7853901184419955,4,0.0,mixing,10.028580071027111,3.3527405406505575,batch,propeller,0.15070421985817659,3.564368091103966,0.14840842299603696,1,0.0,7.254937493052968,2.5460012004206427,0.984765907036169
1026.4259825098045,0.02452706476333309,0.057488115796756695,1.3553349531810484,1.2646722922666673,4,0.03314754305433136,dispersion,18.33298745205486,23801.419441775717,batch,rushton,0.5377662873023256,3.815449696650583,0.2296529963516585,2,0.5418560107808892,18.346827480665958,20599.23894581903,0.943516903780247
962.3187304293773,0.07251915760203163,0.07049864941750916,1.8265416811412374,2.0728773673148786,4,0.010195044363476818,dispersion,57.13586911791033,23441.93823006423,batch,rushton,0.6178009021762123,3.1766401159606557,0.33297314899147124,1,0.0,45.49851832119547,11802.10166059996,0.9075650946180609
1248.9219321748408,0.011140365902981921,0.04215011504578472,2.869061022192125,3.701407527576161,4,0.0,mixing,33.31978114989441,28590.196865787577,continuous,pitched_blade,0.8988442601801946,2.3709058740945212,0.5781247693762266,2,1.6862576677688437,41.327625245389385,23012.186683427768,0.9017745315328376
1092.07999555186,0.0034801718528076776,0.04208825146465111,1.6846277062623547,2.311057174666233,4,0.04767073685088506,dispersion,30.66953537312451,10927.46688860689,batch,rushton,0.5424503561439912,2.450078559774129,0.4740607651606739,3,0.5864402765557336,25.785762870392723,9894.983520637623,0.9488394450848929
1187.983567892688,0.08404068102292474,0.06565371074945045,2.183470267061364,2.7008268711262264,4,0.0,mixing,26.387575610906396,1353.1306546015917,batch,propeller,0.46659025448069785,2.717640142575498,0.33560517760887726,3,0.7747578654720354,21.78696927778977,700.7926719216127,0.935457390896361
1238.9054482397373,0.02795760713648228,0.0417620630976763,0.7703794600469076,0.8999751459030768,4,0.0,mixing,18.20774580646003,52.5936144522031,batch,pitched_blade,0.27202062690303513,2.4103236852931613,0.1424431944712703,1,0.0,15.557280713099479,33.01022231856273,0.9389936140203248
983.0732059107637,0.037333118577015836,0.04105062789466517,2.1068406824248957,2.488952237130658,4,0.2605784427497345,suspension,22.253991633445704,11216.158676730478,continuous,propeller,0.6829367207720569,3.51474463323633,0.45205223267810546,2,1.0297137285985525,19.304312152065375,6439.1223683581675,1.0
1294.8700622457277,0.021680118779385842,0.047882838186996034,2.4678098065186886,2.4971985425904513,4,0.015326737544938724,dispersion,42.76866823930399,122696.56366956503,batch,rushton,0.7887589148069215,2.8430721280492026,0.6094792161910871,2,1.0175122480421295,42.07977674363061,75682.90146199484,0.9946821775356299
1227.5625668910952,0.07459486526861965,0.04599135610007778,0.6992775873132471,0.7739724556406822,4,0.033351047747219684,dispersion,20.922889094023734,76.76416139926675,continuous,rushton,0.2117202295795866,2.11958152558418,0.1303924908323627,2,0.3475443644494228,17.948810682786938,45.529401167224,0.9986986851632617
925.7687110106958,0.013344840982536185,0.06281440909184956,1.868095612631239,2.4617399905212585,4,0.11372542413538729,suspension,15.834645805187748,20534.9057415593,batch,pitched_blade,0.5845314066999868,4.290302510625141,0.5183148433973463,2,0.9631698196397518,16.970751012878605,12102.193521688221,1.0
1130.9814237637056,0.05116469564663078,0.06721452576442875,2.809463349812026,2.6090956213007956,4,0.0,mixing,93.95226039418253,22646.435709008016,batch,pitched_blade,1.117384833930169,1.80961359255869,0.683021947331691,1,0.0,86.43236829621418,13771.441957728586,0.9569093716569136
956.612489566727,0.02864338506870615,0.0703500979868037,0.7948553421225975,1.021311066452443,4,0.2760380645138315,suspension,9.804445148267307,85.00080092381629,batch,propeller,0.32380522853385946,2.5248458063356143,0.13298089532749258,2,0.4133244924206663,10.0993708718072,58.98790441558082,1.0
977.8020732883091,0.036558548935512435,0.044145634471479844,1.5257986178712841,1.8451558714184582,4,0.08170808781639281,suspension,12.47829081161968,10390.982346525874,continuous,pitched_blade,0.5510538291872058,3.700410006374946,0.2790256762405834,3,0.5070742366198956,14.269882203210445,9150.525875888976,1.0
1113.4736020398489,1.3766748541034919,0.04815695668422565,2.376810463520458,3.171263613867,4,0.0,mixing,2340.846287237408,320.14702237544276,continuous,anchor,2.2514433953823367,0.18073472160320728,0.1188405231760229,1,0.0,2316.1315530934517,271.5537697843279,0.5212583876278668
1154.7559687948299,0.03867067304107687,0.0523391121931959,2.4799549479854646,2.9921757864923224,4,0.20789756583478486,suspension,16.703081020142662,45119.47137247396,continuous,propeller,0.7638428361422159,4.010462318625567,0.7045078902066187,3,0.8306900801287488,17.98044000211079,30500.43016804631,1.0
1098.602459545588,0.020530008417842426,0.04469905043356168,0.6713190953807762,0.9693222269747831,4,0.08466974464722522,suspension,7.938745855706544,36.48871496774389,continuous,pitched_blade,0.1798314438150099,4.291671478487047,0.14059087572582105,1,0.0,6.957508807726556,19.844604465612914,0.9790686165031465
1282.5966620574054,0.041793325101259916,0.06972915108754808,0.9358301618342211,1.2504626462178747,4,0.12315815015079316,suspension,7.156005987006747,1153.0105358632989,continuous,propeller,0.3880183035893975,4.109056101770175,0.23964264239963584,3,0.34808367597632106,6.071083577088968,1008.9954715366456,1.0
1179.9866598858196,42.53216725514313,0.04472944583881737,1.695167290831816,2.0939817588479506,0,0.0,mixing,1133.0165067920323,19111.045954359488,batch,anchor,1.550821114239813,0.5265988352512544,0.0847583645415908,1,0.0,783.8587647313002,13472.648216506543,0.5137365811249806
1043.4060629551316,42.343758667354976,0.05014177938590716,1.9028817012949555,2.817382345544156,0,0.0,mixing,1021.6242531947219,20214.262033990108,batch,anchor,1.6334251989111281,0.5759867826998109,0.09514408506474778,1,0.0,772.8971598558684,15380.433469457415,0.5145604070891096
996.7949202011496,26.36718483838103,0.06165196822787884,2.567442544828495,3.822314043983854,0,0.0,mixing,894.3546760432746,111107.33592918626,continuous,anchor,2.2794031848946323,0.7746644783172084,0.12837212724142474,1,0.0,689.8688498205527,64136.75496271986,0.48044715745929156
1229.8494952471567,0.04868373877213784,0.05026918205239061,2.4342291111966654,3.4452344970312287,4,0.21539804050669598,suspension,20.54914061287967,181327.24269880448,batch,pitched_blade,0.7723375066002117,4.589839928716447,0.6412100594913112,3,0.9313677332960962,17.165975615807294,124807.12392135155,1.0
1145.3033914125522,0.02550380137294394,0.047327340803700255,1.2760106877664459,1.712125246839697,4,0.16641455924856208,suspension,11.071070659902954,2689.1202827927355,continuous,pitched_blade,0.44470222830569067,3.6026167573376693,0.29988335350016493,2,0.7320069544758803,13.318422782181214,2306.220721975291,1.0
1291.7156522148432,0.012949738218317922,0.06650310821740585,0.7563126330576609,1.1241665783350574,4,0.0,mixing,9.253014331121703,9.215889126278602,batch,propeller,0.17455701640254356,3.0905892579249925,0.20874552494198964,2,0.4720743239664642,6.938984290647926,5.537715896237411,0.9570993990500675
1078.2318361437513,0.0052236893539254125,0.04743612665651644,1.26942277762893,1.3694176025537792,4,0.1436072349003304,suspension,13.69484982503404,741.1031479523215,batch,propeller,0.4813450998764004,2.8326325273275095,0.3281740971757757,2,0.5221074645479775,11.923676194544184,633.2007108607195,1.0
1218.745125895598,0.03342485303265812,0.06151899404561571,1.7355159607048458,1.9803623630142062,4,0.2325751414582053,suspension,15.961287955578257,7886.098471913914,batch,pitched_blade,0.46845684259335274,3.9054063625447686,0.29128107500082573,2,0.8053995208490763,17.370133857125854,4428.623073529458,1.0
1292.3377959966817,0.061015120930745716,0.055228573244440485,2.1019740019162674,2.1391436445272833,4,0.0,mixing,34.944109022669046,306.7735318920245,batch,propeller,0.44163734053319886,3.076708002246424,0.5069549221119278,1,0.0,28.447927347939412,272.8662050469005,0.9548574174244507
1109.6561194925653,0.020583469983753377,0.06690689022696361,1.4438604262978443,1.6861705745368145,4,0.06973106470401709,suspension,15.20903693705507,1525.4927232923646,continuous,propeller,0.4576218920519833,3.287752063322291,0.2709330460140657,2,0.7277783325604285,12.834144291777765,770.1253026912716,1.0
941.3824262453328,0.0428711356822199,0.05500822221845472,2.6974234837103026,3.7214186474950566,4,0.20962082277281724,suspension,29.443560711290928,49740.55667015628,batch,pitched_blade,0.7795906579627477,3.306409748365011,0.5992589171320367,3,0.9457746589653001,25.556011074062482,40598.51092617501,1.0
1179.160220715723,0.013617531329596772,0.07043426093251534,0.6682381526931884,0.8907025466992008,4,0.09018252347169457,suspension,7.0576301371173455,1016.5348584222672,batch,pitched_blade,0.2924452626053601,3.99587619131735,0.14380803258160885,3,0.2606585105318085,4.973115611636799,582.6520043877348,1.0
936.0509533381932,0.06505463942333553,0.042331406440182504,0.8750059560817387,1.3120844426902765,4,0.0,mixing,17.202287038805796,59.750279258955935,batch,pitched_blade,0.26505477043562203,2.331302789402665,0.1759942947458155,2,0.538541998571969,15.440676838316891,38.0662354362447,0.9556713708692075
1273.5919598220285,0.04300446990853465,0.052891682654931195,1.979359027701391,2.754139709985317,4,0.21908872251589118,suspension,32.061218263497324,47816.13492538255,batch,pitched_blade,0.7116651048886402,3.1866646490235286,0.3441300349046262,3,0.7620710174314185,22.857962139822035,29303.178016305894,1.0
1230.064194684613,0.028796995694248276,0.04354838582092247,1.8520871867273785,2.4647563136450237,4,0.12640322918310315,suspension,24.7406803989564,20002.561699974125,batch,pitched_blade,0.653256157853189,3.229330850149364,0.30832866215062993,2,1.1466947262940488,20.363095903954513,12891.691862721567,1.0
930.856176352356,0.07087132602544197,0.0634363818401365,0.7232449201207252,0.6983105530356871,4,0.0,mixing,17.5490336493626,17.705300852766783,batch,pitched_blade,0.2314996653233308,1.9450226486162,0.11507440235875181,2,0.3177270214128042,16.48967500269983,8.962179940571367,0.9580052931012062
1276.6167462282517,0.006414073429620359,0.04459396974824036,0.6135647703689391,0.8564142823950773,4,0.0,mixing,4.816244414403917,2.923611956984852,batch,propeller,0.10850735536004598,4.860288376333445,0.11830318687366131,2,0.3754368683980538,3.618064285794613,2.0681200880415873,0.8952414401825206
1203.2619535194324,39.49199690702004,0.06518661506103021,2.9364310319191524,4.095938640942906,0,0.0,mixing,1124.6749747589254,153089.7962307979,batch,anchor,2.7803811675017926,0.5845282560995528,0.14682155159595764,1,0.0,1112.518314683076,107318.61958366906,0.4760543771727866
901.2593604783995,29.88080535402474,0.06934212162140446,1.0268951885042998,1.0796494389182192,0,0.0,mixing,246.22012753363612,4921.808649904616,batch,anchor,0.8856088113948267,0.7710311654806185,0.05134475942521499,1,0.0,304.98587046441065,3206.5023096229297,0.5074472433482624
1296.8625174761114,13.533118035900399,0.06306773476385938,2.3811043871019257,2.3281040116026204,0,0.0,mixing,1059.9671470318424,13877.373858038954,continuous,anchor,2.244411959466274,0.4509241497793957,0.11905521935509629,1,0.0,1045.2031005622946,11295.588624946506,0.481480078552891
937.6601400163762,0.0017331628114664746,0.061388637172780064,2.581051484188043,3.19437575053302,4,0.0,mixing,17.48119735867851,2855.202950757805,batch,propeller,0.5705132031261192,3.1560373752678847,0.6084741587474081,2,1.3632051288752018,18.79989521399637,1540.9211182493273,0.9438863499094607
1043.9209630355579,0.08363668158457677,0.0693865796643008,2.305789452132561,2.600717282408476,4,0.0,mixing,22.84138737621053,618.0279898948295,batch,propeller,0.4261520766490793,4.119608783243215,0.6325956948515338,1,0.0,25.129225864459265,471.17802869227205,0.9843479063659266
1171.3424000381062,0.04625678116391064,0.06366916347887948,2.9694847131180357,4.260059481674917,4,0.0,mixing,26.92122869306132,24004.683672948373,batch,propeller,0.6505178847255342,4.7711917713253795,0.6139688889661544,2,1.98600638787908,20.877394055551054,13171.141265873792,0.9444658887929548
971.3423257119932,0.0697347730933962,0.06372489187866451,2.729315369666688,2.9754226842458613,4,0.0,mixing,55.27265292298354,11642.173015843637,batch,pitched_blade,0.8261073761940497,2.5238272797970422,0.7157842502359679,1,0.0,60.982965747389144,6321.765031457901,0.9421323985282104
1004.7666371349933,0.05468561181598271,0.041602682035706814,1.5877749570470407,2.0020815590950027,4,0.01835602053176477,dispersion,19.870954653367395,31942.605528409782,batch,rushton,0.5261347487308926,3.1852288903030663,0.25949282410248337,3,0.5634482427465288,23.132291020098418,16975.83568296209,0.9719561273269585
1129.2980785013956,0.011810286544262093,0.04032806120150817,2.970623191327435,3.4881470921652844,4,0.0,mixing,31.03401116793516,26179.36740338132,batch,propeller,0.824488083026886,4.793362075935168,0.7601566757920013,1,0.0,26.544534917779252,19631.292173671984,0.9332467000191279
933.0342685759474,23.99198734368459,0.04202484539632731,2.8591860421152187,2.7542786658643346,0,0.0,mixing,812.9344080826993,96531.21232539362,batch,anchor,2.508578353699921,0.7200521067110366,0.14295930210576094,1,0.0,890.5938784618997,68121.05489717991,0.47905548103643053
975.3306058965536,0.06778486428910686,0.05236782747928635,1.7739719651059025,2.3615811609372908,4,0.0,mixing,34.94092454744912,3788.7119501124157,batch,pitched_blade,0.5377006130612784,2.4932363788255145,0.3382259346366544,3,0.6723643031939806,24.292561409821033,2309.3108375075367,0.9571547751849172
1217.7790975364912,0.0531735492828901,0.050810917342203665,1.7760417876498906,2.663129736814537,4,0.03134207770683384,dispersion,23.420545404466136,65118.94157446821,batch,rushton,0.622821063703299,3.3642558991976856,0.3027928846129705,3,0.7150105987565661,25.55489563750639,58730.633580197515,0.9453676482885629
964.233280437968,0.09546988400008524,0.06047543391071292,2.5829160787486174,3.0125334011674494,4,0.04952252309913306,dispersion,48.991968808462715,212328.683483022,batch,rushton,0.916266072052814,3.04910736342873,0.7184694268501052,2,1.187359552700255,52.9305430030458,182045.95413321874,0.9233427151421049
947.8489641245368,0.0790876157110924,0.04661950097020751,1.6912217925995503,2.325773255300712,4,0.04647925998672603,dispersion,32.29971581995317,47127.43898004221,batch,rushton,0.5613841817714617,3.498943033318192,0.4675917698101909,3,0.6535721157059945,25.326611565301043,30836.05006210058,0.9618558895787047
1093.1496347194761,0.021654560981959725,0.06752324256781908,0.8262170446547472,0.8772491829056931,4,0.00011497859174173231,dispersion,21.038320480616743,495.1046607658708,batch,rushton,0.30175465484291114,2.732613928577207,0.24558146557594693,1,0.0,20.548073482655212,250.9003316528209,0.9460190772136866
902.4653344605348,0.028836882417102982,0.07011229854677567,2.5301624150901705,2.343274531684856,4,0.0,mixing,32.648821708121865,11463.041611794577,batch,propeller,0.7046930593359595,4.98522829210133,0.443146677673159,1,0.0,22.33459816368126,9133.59423609999,0.9601143396312851
955.4332785675917,17.72492871061609,0.057159457799493926,2.0196187513390553,2.26341673123746,0,0.0,mixing,767.1439610418327,30064.61695233856,batch,anchor,1.7401890528704231,0.7483982514205414,0.10098093756695277,1,0.0,569.2021782959146,17841.918939507683,0.5204636733705392
1288.6811914463055,0.02741118035777031,0.04676266521800273,1.7808239068718805,1.608292907370814,4,0.0,mixing,11.437838772734327,420.4168010260764,batch,propeller,0.3194064234224922,4.372545296050638,0.4316008857752454,2,0.5791307678604511,13.006367369409364,324.25938501011154,0.9768399853387878
1238.1083964785635,0.04331577804380755,0.0717715288585587,2.415151352805057,2.6391232775267635,4,0.022660217361588676,dispersion,47.63002125785982,170193.73552668997,continuous,rushton,0.8550886779401125,3.439955643722767,0.4635605095940677,1,0.0,52.649885001065755,93084.4994851316,0.9313558488673976
1228.6534682445001,0.00578984512393246,0.04439325514163613,1.8035673826458292,2.416228248681667,4,0.17479108230593704,suspension,17.6366011572507,45964.140311702875,continuous,pitched_blade,0.7866979375495768,3.274824482488042,0.504335228494568,2,0.9604295375888849,16.41035291049517,32205.80184753885,1.0
1143.0853135337902,0.020959851208677088,0.053181352025410245,2.9241161644226725,3.1420216739629168,4,0.022846528462816956,dispersion,83.81586414893859,150193.61995700104,batch,rushton,0.9567732188726317,2.2109310619670683,0.5651718838476075,2,1.3366438697520342,61.183909623964176,78418.2013633809,0.9421969167777652
934.6384590148094,0.0238359519870683,0.06874029699774563,2.0393932210439045,2.2635671776340955,4,0.2421609557327123,suspension,23.91451858858269,8804.090717608877,batch,pitched_blade,0.5580310756973597,3.531627753702596,0.6066527219626394,2,0.7517902179809496,21.818836849306294,5699.020508670914,1.0
1017.5372451439216,0.08097792975215401,0.06676357895787481,0.951876936254165,1.2258081755808115,4,0.0,mixing,38.197768878030274,23.01622605606462,batch,pitched_blade,0.3019456150328347,1.7846199785238592,0.1673987149566461,1,0.0,27.988915643528152,18.044671500769184,0.9747887410508054
1240.5303786089644,0.0628340420991126,0.06287497536701722,2.318668655527186,2.2864095177816983,4,0.0,mixing,16.90976070954577,10389.697432557616,batch,propeller,0.6309498179935608,4.791913773702748,0.3902533056912165,1,0.0,20.90616852512375,6322.436234912056,0.9866915817742283
964.7947024588628,0.04410527865080325,0.05689628161596587,1.2591350950729971,1.2980923788116756,4,0.0,mixing,21.911866063814184,1167.8260688376379,batch,pitched_blade,0.5016177596042768,1.9926165880174966,0.35234639536155077,2,0.42813322777888607,22.588410755018266,647.3474898770795,0.9294280781155753
1125.1166298006174,0.0872445868991947,0.0706248384545629,2.0647609283718618,2.1044373872899222,4,0.0,mixing,18.37834592717053,748.0461971563046,batch,propeller,0.35628215931906054,4.554826537473996,0.5916649788265965,2,0.6903378873118415,16.603340698379423,541.2529861347596,0.9515777711734579
916.7989410898948,0.034320891885518824,0.06213013464333107,0.6351541863931347,0.614398227747796,4,0.0,mixing,18.52626495732668,27.764314675230807,batch,pitched_blade,0.2501669227612968,2.0406466762914173,0.18802931233249487,2,0.22206569232278292,13.742582936627699,18.84152761794206,0.952989328958862
1231.76076588446,0.09226597099981067,0.06763517182224286,1.8190463878517533,2.6616600638775667,4,0.037245579661583504,dispersion,73.98374754464398,10312.742992911608,batch,rushton,0.583834884977692,2.090613634371596,0.43171935096996034,2,1.155106922196454,50.42982330108529,7297.917302379594,1.0
1106.5581683013256,0.0034401888289789864,0.044989042347825664,1.737261455869444,2.230235911711546,4,0.07785016533479301,suspension,34.13756556089769,6459.6133919639215,batch,pitched_blade,0.6820197108653459,2.597486608936163,0.4589341244493147,1,0.0,23.366640738759205,3844.9309432836035,0.9693326501653785
1152.643248363553,0.01555571772802291,0.05380172309878617,1.0381443700114843,1.5176815150079321,4,0.0,mixing,8.416933829761872,355.03744895873257,batch,propeller,0.2783479083393838,4.7551233278651885,0.16527387743858094,2,0.7229772322140434,6.497790150185993,185.6214675517199,0.9477247036340611
1075.2379871281712,0.03890877237798641,0.06744214501700654,2.781631444831885,4.022952814450907,4,0.07210737858582038,suspension,50.60291843641856,134560.973763968,batch,pitched_blade,1.136818769772002,3.061593612463568,0.5040053860941344,1,0.0,44.168124537616485,73099.55992256332,1.0
1212.2192224042885,0.046520639100394716,0.05116268251516381,2.980322563638934,3.2483082377801935,4,0.0,mixing,49.16006723975428,6831.502051823301,continuous,propeller,0.7308397648816589,2.7226719518202644,0.6489940074090389,2,1.2151831658644587,36.80896837058127,4730.2854371685735,0.9358053735958729
911.1807224290486,0.0116825469401944,0.04373076524544303,1.7135680480424544,1.8925173735334555,4,0.07087589575171648,suspension,18.768396402225157,2680.824560884479,continuous,propeller,0.5904051062917937,3.0303871504393354,0.38912091994463305,2,0.6875121842277246,13.456343322415636,1564.7640412687342,1.0
1169.7599011975626,0.04879993367461889,0.0443103597233809,1.851738370754672,2.101141079247697,4,0.021654634633358705,dispersion,36.04712770032441,85251.44105830768,batch,rushton,0.6704102571920924,2.7996923841481998,0.3874416200592581,3,0.6171337194700899,26.401542145339974,44061.90846734961,0.9469961075095295
1074.5226767458905,0.04393492557677808,0.06923968181272921,2.588001737884574,3.4629538410157537,4,0.24059682883255973,suspension,29.506972709206224,193550.22274667415,batch,pitched_blade,0.932932779110356,3.544216944160126,0.5142837759053803,3,1.0300018035040734,23.640750799767073,135079.234380952,1.0
1046.5430795917844,15.029436408143061,0.04749762818464646,2.262318570572131,3.049062187840032,0,0.0,mixing,1567.5479216324838,4511.1999939687885,batch,anchor,2.1399042787929066,0.24539217698026558,0.11311592852860655,1,0.0,1660.9789176589643,2770.527391743668,0.49526188326470694
1156.0950033856943,0.039894646910384586,0.066846082171467,1.847012833779494,1.7395329121310692,4,0.013944845731931,dispersion,69.46952548276154,10569.05562452884,batch,rushton,0.561845460869724,2.9342004454389383,0.27905129112217797,1,0.0,46.66175239936257,7876.303930523027,0.928388893459336
1272.8371926332918,0.03017828784271156,0.0400138747259432,2.941081296058344,3.830505875113815,4,0.0,mixing,18.517432844137435,61529.52857616348,batch,propeller,0.7902827710624512,4.745213948900831,0.5099939316375065,2,1.580096496446707,21.18883326685812,39195.21252202632,0.9421765497763499
958.0779506825824,0.003434405014164593,0.04120506814679873,0.9461752345178194,1.2737312372194025,4,0.0,mixing,8.11039609242152,26.48745836210394,batch,propeller,0.18513963500853928,3.9119701775945805,0.23813696414896984,3,0.3789187280072338,5.470142299600186,16.420796425478102,0.9600903891441145
1237.707153955631,0.04391819034053981,0.05304370804369329,0.7849201111834867,0.9645716926357258,4,0.15843772912660398,suspension,9.909071702347068,364.7962972410354,batch,propeller,0.31939000567043524,3.5048179208693546,0.17238994299099147,3,0.2738083652222498,6.637733289807472,272.73976713610267,1.0
1201.5278224955441,0.05605391989279148,0.05689600817478335,0.6130159661074343,0.5815279074660505,4,0.0,mixing,17.6654655318578,6.792957925859225,batch,pitched_blade,0.21925931018649603,1.8676061244644127,0.11410401982518839,1,0.0,16.523285233194752,4.28949462311932,0.95502905291107
1246.0042616780786,39.77172398299654,0.047811183406555394,1.1598716368316573,1.1739856098911172,0,0.0,mixing,348.6126389975471,5529.308217638185,batch,anchor,0.9943183735666696,0.6228010141607112,0.05799358184158287,1,0.0,430.8695419860524,4219.406260473577,0.5093815556403456
1050.8914993848823,0.07303106983229828,0.05797321024085345,2.2641401374210277,2.239027109985649,4,0.0,mixing,33.32876282583475,415.29005871381617,batch,propeller,0.4674402444694959,3.102015101275456,0.4559360066045253,1,0.0,33.83434958240231,316.3871918115877,0.9373609427413646
960.3858564222639,0.03891120814681608,0.06725843219638432,0.9600849929212145,1.2968105268989383,4,0.0,mixing,20.550016423773258,379.3991200128202,batch,pitched_blade,0.37878230988901646,2.4713126146049946,0.16719752347951308,2,0.5629066325335408,14.541371223598432,239.3102097261887,0.9493863364527043
1114.7585390500444,0.02548619029034618,0.05434130246771204,0.7818454376469176,1.0140018351533895,4,0.08684289392466636,suspension,7.026839183624074,746.3971148312953,batch,propeller,0.3040532343948668,4.6019629748505055,0.12103443211306683,3,0.3137860605138241,4.714138099632993,375.25445550225004,1.0
1086.4245970522688,0.032836655389911214,0.06771069274897183,2.9931004033754376,3.286761254655006,4,0.28416009773111917,suspension,41.965980545771345,59195.41004663472,batch,propeller,1.162827268916601,3.095215500572581,0.7559846506024287,1,0.0,38.44945214803429,32535.03062589128,1.0
963.3518633127104,0.03967800596120608,0.0676108599802897,2.3095506600471465,3.295038410783744,4,0.040606116450874995,dispersion,61.63134004613278,65845.5748037184,batch,rushton,0.8122366091522164,3.0104209283175494,0.5313632007989846,1,0.0,55.135170206650066,40238.599532187414,0.9561522708475326
1101.6212257666932,38.509006739213554,0.05264313021761817,2.491059246110982,2.6797939469737,0,0.0,mixing,1118.4844517001395,59995.092190584466,batch,anchor,2.182054790118951,0.6188820707603058,0.12455296230554912,1,0.0,836.8354869631409,48808.77292738126,0.4968988124959049
1237.171829489957,0.04817895688497212,0.07168778711702242,2.2749023461514835,3.2002051114087307,4,0.03497057473626452,dispersion,52.505782766830585,89318.79109339649,batch,rushton,0.8003391230269643,2.1588740829447546,0.36063026320074076,4,0.7755410630601287,43.39704858142438,64105.7647626581,0.941126338736134
1134.532890780528,0.023205818498110074,0.05376324049860144,1.4605353109679386,2.1390493721957116,4,0.0,mixing,28.99256593506264,2660.472251319843,batch,pitched_blade,0.5010230991267833,2.5649569410214665,0.2955704028958136,2,0.9010778847310654,22.064555183652857,1488.4570789614559,0.9142629746464428
936.4991870297572,0.025643268113456102,0.06411772311112385,2.9575074795395233,2.711201140289688,4,0.0066202632104304104,dispersion,52.587020318708845,199267.20151954386,batch,rushton,0.8966086421985662,2.6139698646613545,0.8774676799424485,3,0.5646099215327284,51.0333528582741,121880.64663507299,0.9252410755109494
1010.1619677099652,0.03449977324921857,0.06650707789832652,2.4184028023603332,2.285585844703503,4,0.211353630216653,suspension,26.59589710764248,167829.8840304531,batch,pitched_blade,0.856954971357827,4.4428908341322115,0.501372502764691,2,0.9444996766630727,22.523139306783328,109462.77704090925,1.0
947.3212474788683,0.013045043996415345,0.04318728722436389,1.6336259117470313,1.7453818499029243,4,0.0,mixing,34.09874104025628,3408.6910083015046,batch,pitched_blade,0.6271553778978944,2.514527734945557,0.368264617970123,1,0.0,26.56721520326278,1837.2675463749104,0.9355712601560657
916.9613314665187,0.032243954529513855,0.07141339912177544,1.4840720454392036,1.5655848128466814,4,0.0608250048218197,suspension,10.965883503859816,955.8984652455092,batch,propeller,0.4379363542088849,4.565531283632732,0.442804877527121,1,0.0,12.85522910427172,598.8878206137937,1.0
1009.1055784858743,0.04587256579636175,0.06791314855545232,0.518992124482245,0.49425168622191407,4,0.24479674447445393,suspension,3.698521471947691,51.39663376846836,batch,propeller,0.20593074954528257,4.066979092236247,0.08093485991181788,2,0.21729627328051063,4.352851119033375,26.790548995216625,1.0
1293.5712988938058,19.15747000079419,0.049955463046483135,2.9366892472048707,3.820241092047903,0,0.0,mixing,963.5201392514999,164502.81640996548,batch,anchor,2.754378082858248,0.758502764490002,0.14683446236024353,1,0.0,806.26215258536,103641.37236308631,0.5005848532771922
1146.5537303697079,0.046246819831238455,0.0654219954782152,0.9760207442071809,1.116549424855127,4,0.0,mixing,23.033624168968057,152.34090621176182,batch,pitched_blade,0.3034078959836917,2.180182312705979,0.2072823482188013,2,0.4638409694737155,17.60510498626038,79.73969143363921,0.9263745908865616
1183.2442944511613,0.013523879564459627,0.049231832633355566,2.1895291929346428,2.6587177086632354,4,0.21666734177972918,suspension,27.663485110215763,68334.84444835044,continuous,pitched_blade,0.7298320142204895,3.3748025732540166,0.573936020226241,3,0.7384860651105822,20.278150215888022,34644.86499497758,1.0
1015.3906457429295,0.0808181159884151,0.0643166888275566,1.7606663226180443,1.601610661754156,4,0.0,mixing,20.471506929818837,84.06910065038133,batch,propeller,0.2723258491678633,3.20348861198637,0.2996484351959833,2,0.6786464492246918,17.243237296907978,44.24667177857585,0.933288600229412
1281.8434807320755,0.027015285905737853,0.04397075190584985,1.5550110305283444,1.6533207452311336,4,0.04583469715784725,dispersion,44.72619348085699,14835.225762793792,batch,rushton,0.6215907344260776,2.146637609886499,0.41707134405631624,2,0.6535727920417583,46.29242707893506,10547.808616673316,0.9651823812269649
1228.225810839794,0.03151123880756415,0.06950719907543176,2.810073663339614,3.879367691367909,4,0.0,mixing,58.76150824709305,85103.81600603795,batch,pitched_blade,1.115361431747656,1.9642626482094845,0.46298925320374734,3,1.1337853472008783,52.518229949592175,52426.564084968966,0.9323117340815577
972.2737707288688,0.07754579839876237,0.07046184311864237,1.8229924383238123,2.3620022252354063,4,0.0,mixing,59.30974344844075,1375.31225219034,batch,pitched_blade,0.5947230284638512,1.7460571838376262,0.34537753609506244,2,1.0836275593390206,40.47003675131332,935.3231723145134,0.9980896683733821
951.6739493129807,0.06649425549636369,0.04334404813523035,0.8219428293935658,0.9562881011412757,4,0.005140616773642959,dispersion,12.103484366430742,1358.5643032740813,batch,rushton,0.2837614671308378,3.97252385501693,0.17272328493615113,2,0.4080430255901779,11.957066079729811,1125.7958037873268,0.9862120988628825
1027.312945140641,0.016920084988871764,0.058315365559509356,1.1037457468157905,1.288785730303609,4,0.0,mixing,24.9407093202207,204.45556085990142,continuous,pitched_blade,0.41636116534953815,1.9577971158278515,0.32902852412669614,1,0.0,24.78906113554675,110.05192121231451,0.9592233352954702
1185.6787068902772,0.08801118954360918,0.0679724041961329,1.6470181624320765,1.738044068780326,4,0.0,mixing,63.54341632745313,734.076995676433,batch,pitched_blade,0.5396591939749882,1.8983038060058035,0.37861706072997314,1,0.0,43.05858339912136,383.3033825199428,0.9517055017993209
1252.2711471366774,0.02151293004629924,0.05775948134978244,1.755474700019745,2.5360444971916003,4,0.04625897374239179,dispersion,23.808563058140408,39975.20568667953,batch,rushton,0.5956581721752874,2.6720463768224203,0.43038414734189995,3,0.6934255289830821,28.20219183080209,26076.59014110822,0.9417012449185058
1291.926079955329,0.07601301327796671,0.04363133801457131,2.093612817256118,2.1292578713516677,4,0.0,mixing,46.85233601535006,5602.131229008511,batch,pitched_blade,0.6702526515518151,2.139285976410959,0.553835275024573,2,0.7593076899123936,44.403069189261494,3948.84875968809,0.9444058335571712
1175.760608708038,0.001512919208776917,0.045298401432048725,1.5986902594747097,1.512124649144117,4,0.0,mixing,19.98698625184369,91.6941250504398,batch,propeller,0.3645898795301384,2.843160994603649,0.24566726742945705,1,0.0,18.82880191607973,81.90259912780634,0.9510663535572284
1033.0820296623026,9.063421877551091,0.07051019001459602,1.1751489688896615,1.64454973460717,0,0.0,mixing,520.9289762896796,1128.8111277949251,batch,anchor,1.1075964146157606,0.4788570687856295,0.05875744844448308,1,0.0,458.8441339831159,822.5579699134206,0.45777431395509893
932.3096593224253,0.0044291684331500365,0.056218054238871315,1.0275447217290563,1.481752999106158,4,0.03861264725536715,dispersion,15.65022791256812,2112.596585550942,continuous,rushton,0.35718426358624533,2.945510051142362,0.2337192959644769,2,0.6038021884107634,16.101329492948622,1148.6863906212109,0.9376985761559116
912.2735699204696,0.08348174137601463,0.0579530722113291,1.2070557322813684,1.3191019878445103,4,0.018289167146355336,dispersion,44.77200483823565,604.4907202640419,batch,rushton,0.41318439872772145,2.0745473114120627,0.2981913592011556,1,0.0,50.27610676329598,472.4748537391984,0.958308132259902
926.5282719854944,0.08787018779205773,0.0673581464161179,2.4382810629586418,3.071784616442135,4,0.015917529602994415,dispersion,79.05035241131635,230870.03977937598,batch,rushton,0.9376273302793137,2.5398408415583473,0.39232971531246785,3,0.8055248936557065,55.91476670103427,159652.2430886688,0.9244612156535486
982.1853304332841,0.06760671040351472,0.048342076359817174,2.3870246702332647,2.3261207576109473,4,0.0479609723639024,dispersion,48.36766137015121,125677.7103578043,batch,rushton,0.7907155785606989,3.7084878059962327,0.6230383428417944,1,0.0,44.57009837262265,71667.90620269476,0.923953592403912
1024.0540057527276,0.044290101787995244,0.04040724958241999,2.8964631170155095,4.012045331790093,4,0.008624820561033803,dispersion,45.362469798274354,520461.9465075288,batch,rushton,1.0831396601225762,2.9366637379830935,0.5753953093093309,2,1.6167253208265129,51.08820248507562,343575.7655099208,0.9496626634000657
944.4632296637016,35.91793982633952,0.04344852540462581,2.998743023391377,3.0487889594262083,0,0.0,mixing,2873.024774401195,29777.2791549083,batch,anchor,2.6177794462116273,0.3642788225755345,0.14993715116956885,1,0.0,1973.0145577911894,26319.718931163174,0.5021294663657185
1095.2123877843196,44.76531330785151,0.04364598111608944,2.1946472776414896,3.202749758332938,0,0.0,mixing,1155.9549261327668,62076.543092310065,batch,anchor,2.0719228740024165,0.5083553696015942,0.10973236388207448,1,0.0,788.0132591975191,34726.03526335466,0.5097634879364774
1232.4513963605832,0.06278371386806834,0.05246927209477019,2.1943177562882124,2.653248027452564,4,0.0,mixing,34.12669245716428,2657.7830655572384,batch,propeller,0.5587137594851566,3.118105810063135,0.3708807879103571,2,1.1685588497418287,23.92918939309406,1721.9807649807935,0.9694319960523912
1041.3789754488428,0.013844332046903919,0.07092513935967333,1.7346508764352895,2.4376690728044332,4,0.25553685564702355,suspension,16.100534564033982,19843.150616220704,batch,pitched_blade,0.6535014369513532,2.782964147589348,0.3215141466668532,3,0.6951675414661523,18.06442623106447,11047.80802683884,1.0
986.6292798556127,0.08189895077159211,0.05353893095604999,2.8467396060012775,3.75784802076674,4,0.04631306852081015,dispersion,56.52886999129392,144441.48371472867,batch,rushton,0.8764856135909151,2.912591607178883,0.724899992500045,2,1.4137696415743233,60.03555248948552,128780.31930746319,0.9206263763326643
1006.9990589410072,0.01262117837959122,0.05307913536390459,1.3069729263935188,1.6400133031913193,4,0.1894962395226098,suspension,10.639562417735474,20106.51179516973,batch,pitched_blade,0.5695566537707776,4.175043742143154,0.2914157760065199,3,0.4318339719806289,10.031119279637377,16515.566603156763,1.0
1216.0379231129052,0.07937478385398614,0.047192690784376636,2.9925568297610607,3.6214826597100713,4,0.0007770807580038286,dispersion,47.142363033900345,936401.3367267153,batch,rushton,1.0401790433283757,3.380417334762032,0.6320380063765758,2,1.4561534958482245,52.12772490119291,593974.6639756531,0.942953442933268
1267.3759778460453,45.44721164400678,0.06663978442676896,2.088042327390995,2.3505775726705975,0,0.0,mixing,1636.3860489144256,6701.755099304744,batch,anchor,1.9328616462495398,0.2390446501280913,0.10440211636954976,1,0.0,1898.530824698119,5438.420541073619,0.5251233650248671
1246.917062825088,0.042290916147812635,0.04617067519287167,1.1511775718807655,1.1239053671725667,4,0.0,mixing,10.625790615594939,328.8924532411167,batch,propeller,0.32117631443315936,4.288750351865066,0.2426589068402173,2,0.4177471901265562,8.686199609078134,263.463130908206,0.9511547548971133
1189.5356642013303,0.07081039509969275,0.05226011687182247,0.7444677429480393,0.8084875414005743,4,0.018298273171974223,dispersion,15.11445590066934,255.03964449309186,batch,rushton,0.2239036861433991,2.9572045728964107,0.19930304776129823,3,0.19218132960923306,13.734182650052922,218.34391298395084,0.9355466302889016
934.9591575446564,35.95045647647846,0.05513414151911094,1.682594725266799,2.4922250761345315,0,0.0,mixing,798.1153835494346,16555.025333039484,batch,anchor,1.5768711996896356,0.5098713269199632,0.08412973626333996,1,0.0,691.549875612243,10443.489506241456,0.5061635926039736
1267.4297762867943,0.032454132642355256,0.05022456596100423,2.7187431438727936,3.1763810540318,4,0.2071022163480994,suspension,59.55854441586916,11144.951825671824,batch,pitched_blade,0.7901134542215139,2.628191220587887,0.5306522684498213,1,0.0,44.77229443675105,8127.85912259283,0.9208311615755435
1044.0712153727009,0.01678921872791181,0.05528998195779382,1.951867872509082,2.166151401705206,4,0.15579105282258132,suspension,37.35549746316524,4432.166181302818,batch,pitched_blade,0.6816795867549358,2.5612594760601737,0.45128386389863856,1,0.0,36.626417758976515,2945.2410128626216,0.9689826326225612
1290.998759913746,0.02570394848056412,0.05577538717599681,2.8061073930954605,3.5907672659339727,4,0.01810959211634902,dispersion,45.0856517615035,2816611.6568798963,batch,rushton,1.0843504436821019,3.545859245437458,0.6318919142124128,4,0.8062795170606135,34.15630439011504,1760599.94770627,0.952700136028199
1203.3616767838857,0.040018105841981615,0.05371037237998254,2.0906375609049705,2.451882506433919,4,0.26912233431252347,suspension,20.155887656402154,51758.96213620119,batch,propeller,0.8481508857053774,3.6740002361107806,0.5286674392772684,2,0.997825824129326,18.637911943976768,26929.191668593532,1.0
1193.152178714738,0.012277720660802124,0.041468322848594495,2.8525139477456127,3.453176489683957,4,0.0,mixing,29.092737443136677,13469.315357096862,batch,propeller,0.6334333033930056,3.9454440823727226,0.5768734459604025,2,1.4057652009955353,20.599821356552035,6755.273669777566,0.9437539499877954
1141.748488839473,0.006285508546942227,0.06891672531585287,0.9928746085156294,1.2963867037053975,4,0.0,mixing,14.432063217566071,60.6929550554328,batch,pitched_blade,0.30646467041221787,2.0000930386210087,0.29263138936420596,2,0.5201930628003213,14.922014605470038,53.968263434797294,0.9628579545964351
1234.2924280587727,0.029577699042497775,0.05705355513589775,2.433934735589374,2.9599840432937787,4,0.0,mixing,23.80669479677315,2707.8383598096316,batch,propeller,0.4310947896850075,4.988038086359699,0.6771779018454631,2,1.2006949290862126,16.161766649841724,2044.6724358947886,0.9177919227018767
1101.0457865389283,0.0785613142967385,0.06096473414443425,2.7702140017253982,3.2742541232965507,4,0.037882198199743145,dispersion,33.07953392345356,875970.957156455,batch,rushton,0.9790414543568483,3.8833403775405873,0.5177198308772063,2,1.2429553576439358,39.86582819201793,569153.5805754107,0.9489879644579082
1280.0134916207103,0.04272817427702095,0.06485950183443574,2.3520261200032055,2.917439558344367,4,0.2976980772032248,suspension,38.00853873993025,25070.115648088664,batch,propeller,0.8532452992608485,3.5812877183625167,0.5796499198493864,1,0.0,27.76231863947761,14022.759583888095,0.9628454285589423
1058.7455099314445,9.322830191650775,0.06905309266475446,2.6574489805489008,2.703077988857962,0,0.0,mixing,974.1225696218825,20010.242222504003,batch,anchor,2.5194980800394067,0.4655619570235834,0.13287244902744505,1,0.0,1177.397530493273,14866.44014964951,0.4905351375770294
1173.3269820105238,0.07956065140744023,0.04950507149355569,1.3573380512316688,1.5464295153306868,4,0.015581028742754861,dispersion,37.09813601543288,7250.033819637116,batch,rushton,0.5082674098755441,1.9431670123887566,0.34450358244918916,4,0.30568572514144415,36.92376071317874,5026.026844948968,0.9506985921891301
1184.8754067545542,41.23964324628757,0.05094957785343335,1.6592275998131405,2.1194576940504355,0,0.0,mixing,1050.062394845765,15896.678975040428,continuous,anchor,1.5676303248088594,0.46403578088107145,0.08296137999065703,1,0.0,748.9000215401667,9128.898748683825,0.5150880026433361
995.6782240366175,0.06741982164284302,0.04932117793425497,1.081352538309794,1.0305835280792275,4,0.0,mixing,38.131924445504154,78.71036689461552,batch,pitched_blade,0.35842627620792183,1.8705284529779393,0.18789989533305118,1,0.0,34.51022362502807,44.64374767837446,0.933727405767292
1267.4035537629802,0.006093711608625135,0.05595620270090318,0.9672738436996743,1.3517913014610903,4,0.05966573569563895,suspension,10.665103602289218,210.176130150713,continuous,pitched_blade,0.2689250034752374,2.831590594861472,0.22054284128818388,3,0.35233846874058133,8.392061307339183,149.64712075542826,1.0
1156.38394202288,0.049808109829386556,0.0619984780957395,0.5570616725322981,0.763740868256155,4,0.052695411119368527,suspension,6.918110573361472,128.89263507930332,batch,pitched_blade,0.21560142469799554,3.758351102921748,0.10288984923671689,2,0.34871429009727056,5.538661076964258,64.68001608787743,1.0
1057.8553975293046,0.08811438183690182,0.07161566906421764,1.0750166991907435,1.047225814897499,4,0.041029539745860134,dispersion,32.49891617247764,434.76651120133386,continuous,rushton,0.34163397211832686,2.4987171291029986,0.3045128308470225,1,0.0,34.02148699312018,318.5649495709262,0.9257557812996989
1159.8704389148622,0.03405439756979926,0.05416270989212183,0.7816397592088071,0.9076236841442193,4,0.24507087770424585,suspension,13.168389186561921,122.52193938742298,continuous,propeller,0.3056875342854317,2.8844357725313623,0.19550074063875852,2,0.33930157059177635,9.538228155553032,77.66488558703875,1.0
1284.433237173892,0.02126503846794577,0.06733609760923882,1.2987434817265961,1.6778243901143823,4,0.11781798484034138,suspension,20.29435887065327,2062.248907621763,batch,pitched_blade,0.4376476287300917,2.699340983173674,0.21652703775711207,3,0.4712222729477832,15.00694259999848,1501.8912721520858,1.0
961.4315912077183,0.09435872687643897,0.06669331851910695,2.402512593097331,2.792687824432797,4,0.014146392967298261,dispersion,56.485771448966325,184524.63679166578,continuous,rushton,0.7925882667736408,2.8867391667724505,0.7164538593505573,3,0.6644009222491669,42.37804942715633,105705.558736568,0.9485027767228672
1116.265465626874,0.0818787507835393,0.04930700138740468,0.655066379363874,0.658657499881442,4,0.0,mixing,11.805769233439209,28.578300048369847,batch,pitched_blade,0.2197512743858662,2.2916501034090264,0.14344470995461955,2,0.25930578521377934,10.167737664901278,15.801054386380512,0.9695252718916265
1225.7758317667267,0.08891499181565765,0.040064849079363016,2.546523064317918,3.774161076685647,4,0.0,mixing,41.7450418596963,1941.114797794009,batch,propeller,0.54914541294703,2.922828855977348,0.519411028169003,2,1.6591287115066953,32.34900338235405,1439.0470787643103,0.9663661450171326
1184.8952889658265,0.08192857515063727,0.06160244562291761,0.6383411381652142,0.7649165162746775,4,0.049746584829038494,dispersion,24.799031885703798,172.8991272445722,batch,rushton,0.24340464207847737,1.916772888782415,0.15892762231104174,3,0.18954293023410454,18.066554936923694,94.569025946429,0.9511259320456953
942.2606980309313,12.845522695877326,0.06596599340308754,2.782977143948669,3.800163058466634,0,0.0,mixing,941.0181280414808,41439.575157310785,batch,anchor,2.388054831040103,0.5903287366446878,0.13914885719743345,1,0.0,737.3772002654052,24382.992664406007,0.513576599167081
1260.118729123919,0.030414407237968413,0.056082460883720514,1.138055184860486,1.2161379459038335,4,0.0,mixing,16.666449683255706,17.803950280896437,batch,propeller,0.21011653909399752,3.793536412853629,0.21696201721971903,1,0.0,12.747574425034513,11.59847534861332,0.9601097222925067
1074.635459321077,0.046748098432963604,0.042873529505260154,2.0379987752804505,2.808451229146203,4,0.0,mixing,14.1176059986935,933.4282639432004,batch,propeller,0.4217135915483628,3.1611560880634637,0.3663156473069116,3,0.7395464411222611,17.587771357097612,521.3269269534886,0.9586743677004869
1082.641836073619,0.03681409984769962,0.053572990585347965,2.133418494480649,2.84941210914507,4,0.0,mixing,36.7220800345233,114.54998496878231,batch,propeller,0.3244887203539682,2.5560399651550747,0.37967680366691536,3,0.806461500420661,29.113133805864777,80.07254412610261,0.9248635781634341
1001.5860227749507,0.09327661995830347,0.06586825491386676,2.17415869989724,2.779612531259822,4,0.006002214950804857,dispersion,107.82847470908136,15523.430880583668,batch,rushton,0.7978537868165193,1.9868346052840429,0.4222688531366917,1,0.0,100.30626949108822,11577.998343903933,0.9780905307552452
1232.3565337706543,0.02044616753613128,0.05347388693544919,2.939004122361472,3.193513622837183,4,0.09876636776924867,suspension,80.79297694410107,43926.80595194121,continuous,pitched_blade,0.9874210032973355,2.7010837754839985,0.8510994607063002,1,0.0,55.02742743842418,25278.706068421296,0.9898768266085152
1149.898437162959,0.025945895250940668,0.05791387682272563,2.254561998450453,2.8400142618049276,4,0.2223832819969493,suspension,30.200868752350168,39803.78068529044,batch,pitched_blade,0.8681702948338105,2.8917104223216303,0.5138033586613818,2,1.1711715548990005,28.885786274230263,35703.66351304659,1.0
1206.2841354247603,0.02555349811324162,0.06553245909275854,2.674388151392112,3.009806654433484,4,0.0,mixing,77.59509146077198,12651.398217819606,batch,pitched_blade,0.9271712638236987,2.3198838451579613,0.4294826243875853,1,0.0,57.98175213568974,11369.886198698112,0.9488702912377817
1065.0605011182315,0.003566281127680514,0.055804523008316134,0.641192905793325,0.858442527799765,4,0.09365891407903683,suspension,2.8575460007899953,37.27729238395957,batch,propeller,0.17423350941693852,4.803990057542726,0.15160541129792912,3,0.25815049117173827,3.145670069961006,29.121046845523967,1.0
1078.10867777035,0.015711739854972335,0.05834031141941416,0.7878898908520775,0.9843489838680918,4,0.2613643794837461,suspension,6.191370290955782,246.58285955687072,batch,pitched_blade,0.19715207033689547,4.851405967120159,0.17343112326313653,3,0.28250440616568456,5.195651618295559,144.077968339808,1.0
961.9637033299451,0.02446529343702669,0.046899780450989595,2.3989008470382043,3.355673871310725,4,0.020826004934843934,dispersion,50.77027568317942,192698.41491452412,batch,rushton,0.8159373306395767,3.271278670973672,0.5310363702728135,2,1.5368599919316352,40.25722622149937,107149.86792345365,0.9551162615352833
1228.314330353377,0.018058026914626022,0.05976016107459607,2.037742290300908,2.636697953635969,4,0.14092762951223725,suspension,27.50845922572865,9563.196715163618,continuous,pitched_blade,0.6714431733142208,2.9419493066276567,0.44672146249497946,1,0.0,28.543471469278764,5593.775643785924,0.9766670151355539
1092.689688243151,0.003554458435259525,0.0597923992902402,0.8943432376115147,1.0267500932707023,4,0.01325562535821957,dispersion,27.41409904073039,616.7093139271536,batch,rushton,0.34817109020471176,2.339552986857223,0.23837671808403943,1,0.0,21.734896623472956,333.6943489674956,0.9304495079935127
1162.9560304235708,0.005258701134561118,0.06362529750687973,1.8204864677650492,2.0339644790279605,4,0.2795861733258106,suspension,24.866189264813077,3305.4024421877198,batch,pitched_blade,0.5618145145738517,2.90743106626531,0.34527569313387063,1,0.0,28.217160174350855,2220.7850041558295,1.0
1029.8027313306306,0.07974277179791514,0.0697101231510098,2.166362477925496,2.4875393324065906,4,0.04258654654180141,dispersion,35.63653718871598,657836.5765798585,batch,rushton,0.8522835044541304,3.944918376038598,0.6145300278724642,3,0.6763574953163964,26.567438675545112,425609.95174082136,0.985314729569826
1080.8820969786839,0.035774506411733055,0.044160314876671825,1.1213473674097454,1.4320471341309433,4,0.14063541500949184,suspension,13.978909981537274,415.93222770485136,batch,propeller,0.35049031908978406,3.430678117700943,0.2839242209426019,2,0.5621151059455188,11.555403969237783,229.1683363887331,1.0
1041.9722527179924,0.0022202342789798815,0.0435527337569567,2.494105953736955,3.254716424622938,4,0.058271711222120534,suspension,22.019050419063234,100188.07403723747,batch,propeller,0.9991128151757268,3.452438342473562,0.7025692865537546,3,0.8249137824975813,14.756416141452569,57436.032243767884,1.0
981.1051502749226,0.02638895838015706,0.07098892898323117,1.2955258199702155,1.4220263434477165,4,0.2361696323253455,suspension,29.782070323152446,506.2639305352157,continuous,pitched_blade,0.41406530811179637,2.6562579917607545,0.32013363894459496,1,0.0,23.09095730306352,307.30813283400016,0.9334251533099059
1092.497912948622,0.06213223032415457,0.06930886398273531,1.9428049126133495,2.8359220313046425,4,0.0,mixing,22.098016490666808,253.9173654840647,batch,propeller,0.3372250337784059,2.823077224497417,0.541153268050362,3,0.7242104099737237,20.21379230910541,135.269190389974,0.9625429260899513
1186.6296865312015,0.03181504455914671,0.0637025611004322,1.1343389751792459,1.5813328172625307,4,0.0,mixing,31.075920366162133,524.2574330908686,continuous,pitched_blade,0.4241943667977288,1.9536339823103452,0.29169071360039434,3,0.41554632333115515,22.008696543775713,394.25309724430855,0.9864363534011512
1195.7762782187724,0.06648443975278825,0.057964637521232126,2.9353414904999333,2.7343725345977328,4,0.0,mixing,31.991384836225357,3037.848613625691,batch,propeller,0.47512235879485276,3.7990923983692206,0.4644406461203552,2,1.198389358090948,26.893345576723927,1525.795069185033,0.9943665686953969
1221.3634740250232,16.131591885084767,0.05558272408509141,1.6958385099633269,2.413428431380905,0,0.0,mixing,1104.0327901066803,2472.300254695557,batch,anchor,1.5656502400338583,0.2825125444630571,0.08479192549816635,1,0.0,1304.5181762355903,1446.6956913729057,0.4920273541741055
1046.267862283573,0.0632440775781331,0.06774291618426456,1.715568598286312,2.298719180228878,4,0.0,mixing,22.325186571653376,507.21259607455835,batch,propeller,0.48450360321578007,2.944340478293525,0.35058340911724906,1,0.0,27.739036987430843,302.0234479592267,0.9541988925721471
961.8410441210027,0.035726689508446076,0.06742930360611761,1.1544249585312132,1.3561095094897089,4,0.1909056975955935,suspension,13.633673629936842,2933.250611757115,batch,pitched_blade,0.45431110583351697,4.258974498247629,0.21690779679802286,1,0.0,14.428440194328267,1762.3289508794107,0.9864462743046503
1023.5267208070329,5.8708914041772005,0.06869821788341027,0.8933891182502911,1.0243359440660036,0,0.0,mixing,484.4170602882235,306.8132433830628,batch,anchor,0.8307081306999499,0.4699944000628426,0.04466945591251456,1,0.0,344.0156525666843,220.8678353487739,0.5225440651127224
1206.779022182805,0.0024551513325590645,0.05840834038801509,2.030743944112446,2.5727732091548368,4,0.032793366787077484,dispersion,44.500007420216136,18220.696210385864,batch,rushton,0.6663477218614672,2.13690888912568,0.37047016897332874,2,1.0292704427177235,38.429431009897456,12922.657617127308,0.9805882757660884
911.7991851071531,15.899262118914073,0.057516470756807006,1.927959748632127,1.9355381883098615,0,0.0,mixing,1288.3042428642145,3384.7342299264415,batch,anchor,1.7317994564653814,0.2957601347081222,0.09639798743160635,1,0.0,1513.5206435426883,1969.648267444193,0.5087670229755831
1114.0301801941555,0.012815462030259739,0.0718148402762879,1.580816636398734,1.7793335512427209,4,0.23552662056485113,suspension,11.55480439028958,16685.511180148333,batch,propeller,0.6973162515823218,4.388942147902842,0.35802927606890045,1,0.0,14.181765182083915,8632.854561126223,0.9731887194986043
976.1814685152797,10.552297424831634,0.0558120728357307,2.340527591008997,2.4221925395068005,0,0.0,mixing,1565.5970205802932,3384.032441691044,batch,anchor,2.0328550973905104,0.3112568118621158,0.11702637955044987,1,0.0,1421.822836901403,2649.3478337277784,0.514321630539214
1051.4515535440903,0.08144537932591224,0.05643914690113056,1.484026576910499,1.7055408032194737,4,0.0022915688551092828,dispersion,32.298187443941714,15281.13829639977,batch,rushton,0.4824447464097731,2.9108948731690085,0.35281801556067105,3,0.46622342278410656,25.64283919758127,9366.863448285681,0.9225273744441034
1153.2899969228254,0.001562772906883288,0.05710441614477154,1.017141736320972,0.9528988054907159,4,0.0,mixing,6.700896177515431,14.724309573048261,batch,propeller,0.15488240244358195,4.606052377702922,0.3014165774360522,2,0.3079285775456648,4.842505621550027,9.10851952690381,0.9323762568079105
1299.0037392415088,0.008674013437288543,0.05615429641156146,2.1096337462619386,2.6228800751200825,4,0.20488980062513928,suspension,19.739552524008527,132267.49950482236,batch,pitched_blade,0.7727842581343601,3.8351007581883776,0.5814995827434027,3,0.6659921004876509,15.198111422277897,75231.34253104952,1.0
1293.568867042528,0.046465290088595686,0.06601320957463798,2.785603218818842,4.069811100246435,4,0.1718756696639528,suspension,42.95848527348248,32215.882035131257,continuous,pitched_blade,0.7803706550968648,2.8807691868264595,0.7251957972760124,2,1.6727739606203722,33.196051863767856,23204.565318379337,1.0
1080.495220712457,0.04250809324715898,0.058576186382627335,1.8924358310372056,2.8067622134474193,4,0.26784229905323315,suspension,15.222934481235109,14693.577754219315,batch,pitched_blade,0.4886676799435598,3.9067379163304983,0.5634543608735716,3,0.6887506329633422,15.826355644711663,7843.057284807117,1.0
1233.7495500837053,0.0480630612147164,0.04413639943974911,2.95638125358083,2.9924617675063194,4,0.16357410624834035,suspension,46.9843844513711,17884.552827098672,batch,propeller,0.9193704759632328,2.61201325836265,0.5780621077080708,2,1.1059204130379108,41.34143009378277,15412.553929824475,1.0
977.6832945089164,0.03755287271182972,0.05745318139453455,1.2790060652305921,1.849084091163452,4,0.00249607918690834,dispersion,20.025768045641783,4303.467427139837,batch,rushton,0.42210363714446986,2.418558721523446,0.26520065820717964,4,0.43086056771010817,21.453922854706597,3287.099879404374,0.9441860870342049
1220.1537299650463,21.801465331053,0.04949363072432247,0.8067685588438505,0.8573787516068053,0,0.0,mixing,272.58543035930813,1895.1578680719724,batch,anchor,0.7489248779072475,0.6380669439613392,0.04033842794219253,1,0.0,253.26544890381695,1083.0073625952805,0.5015770215150344
1111.7325687816901,29.783505312676134,0.04334869728961565,1.9366624733223738,1.927466687085801,0,0.0,mixing,2579.3312253078097,5392.249835500229,batch,anchor,1.8395678056967264,0.2283288588725522,0.0968331236661187,1,0.0,2000.1109396323936,3031.04752528303,0.5159293869144157
969.0294796135305,43.690293082107495,0.06526521289363509,1.4796772647659493,2.078547835843602,0,0.0,mixing,983.3753189942835,14104.707826480924,batch,anchor,1.3517739967968687,0.5179855451118707,0.07398386323829746,1,0.0,664.9086852252932,9058.762290861949,0.45458440410991807
1086.9458793466758,0.01633278898740471,0.06104526515204227,0.5825872337203002,0.7793162053792352,4,0.0,mixing,4.102383578329506,1.6031098444177194,batch,propeller,0.12567979477134764,4.335340390220448,0.1260794362885194,1,0.0,5.026413255010814,1.3129169545293442,0.955371425903601
1198.8345356879145,0.00847714512191064,0.059759774588432,2.5203228670952917,2.6303486038821466,4,0.2822186717898039,suspension,26.415014633063592,63022.733101136255,continuous,pitched_blade,0.846013813458297,3.9687659338974326,0.45744862676366327,1,0.0,31.616984852751266,41723.398827328296,1.0
1268.2796115847527,0.07798606782730115,0.06292842767855668,0.9336234877194484,1.3512435920327726,4,0.02292078369036206,dispersion,13.295984732106538,7243.206044983998,batch,rushton,0.34163117845749486,3.9629845447785383,0.2036906352785751,3,0.3545739062724505,11.469974358721727,4818.550742969795,0.9165878234797437
1292.5271077695918,26.712703666100246,0.06371281149138033,2.655748940714061,2.426912348460605,0,0.0,mixing,1135.3695034402426,69914.12027117779,batch,anchor,2.5117075506633033,0.6331124868462067,0.13278744703570305,1,0.0,1123.4386437231803,54159.91953846305,0.4950147705052304
925.8092073322799,14.040014099726092,0.0663149719957501,2.045525657901992,2.588850802058201,0,0.0,mixing,381.27023667232817,23247.84561785517,batch,anchor,1.7501847179165964,0.8315443668242748,0.1022762828950996,1,0.0,475.3235265169092,16967.74164665838,0.48306186036967996
1025.3223842047814,0.022901614491387095,0.052925108899817115,2.2183935682674623,2.4454619335954497,4,0.01465201629842518,dispersion,36.286145518751454,92819.2912791017,batch,rushton,0.727548706555075,2.5884264981984035,0.5193758903865913,3,0.6300742856976121,37.36978655674341,50275.60250287645,0.9329410742351694
1115.1149791625899,40.737701917815414,0.05751677756626325,1.4698207009465996,1.5707952449177043,0,0.0,mixing,823.8398820358797,23393.909053931446,batch,anchor,1.3387484584080576,0.6521873606979282,0.07349103504732998,1,0.0,552.5988559300956,13628.90151437921,0.49883694749499763
1124.1209342359136,36.89159021650484,0.04694007382471187,2.1258438907244916,2.211405732861802,0,0.0,mixing,881.4154187701338,77961.51141658267,batch,anchor,2.017374060508548,0.799112347314694,0.10629219453622459,1,0.0,600.2661457996975,60889.98282966776,0.4900846812050671
1038.4739746124644,0.003396840442186967,0.06296936171158335,1.1532388213905074,1.1191977992666062,4,0.011543492467439853,dispersion,21.69555193916911,512.5045976314854,batch,rushton,0.34988817282249374,2.7107985573712132,0.19596992185377513,1,0.0,25.896846742120513,450.92263042861646,0.9634915587215983
1118.2994074605315,16.180725089693468,0.0624845784379776,0.9860183721660122,1.3737899028671297,0,0.0,mixing,326.1080753378689,2914.1525200985457,batch,anchor,0.8544151839853489,0.6989684916079393,0.04930091860830061,1,0.0,268.6768399349458,1470.5582626841788,0.5407956707665005
982.058740919782,0.027073575317089774,0.04361465975476484,1.712159487080057,2.362692833867414,4,0.2941202176771855,suspension,16.118813400204317,111883.73650971058,batch,pitched_blade,0.7191076054168727,4.531851899304993,0.41487608660623,3,0.6516281759248205,12.772188302879336,69824.53157925603,1.0
1068.3411957099374,42.8960197259462,0.046259032318681684,2.163980184257809,3.0177938030391944,0,0.0,mixing,931.5872471731764,98067.27361686096,batch,anchor,1.908065846814687,0.8302915399119348,0.10819900921289045,1,0.0,640.966750198934,59047.22913427271,0.49455027470500945
1243.564949682876,35.74000152362013,0.055662781735673524,0.9163219149563208,1.0444797653688578,0,0.0,mixing,377.44361006156225,5705.298211685605,batch,anchor,0.8557949291508343,0.7940068918125505,0.04581609574781604,1,0.0,272.52885201256623,3778.054061564672,0.5002673115431366
1217.37836837037,0.045167014558763624,0.051589134823417274,1.1530779523149242,1.6602633655549004,4,0.16577808328605503,suspension,13.067776145588025,18118.520464463447,batch,pitched_blade,0.5179495908438752,4.033130566157951,0.203893436839347,3,0.4746903082549881,10.604098244788435,12490.029928241129,1.0
1186.021178984543,0.02381929289115387,0.05659257058545954,2.944471698650207,3.291116029135291,4,0.04037463168127706,dispersion,47.40270487865451,1366133.2969333043,batch,rushton,1.1334015986372812,3.860357903159267,0.7531842862913994,2,1.3802331647051367,38.45450944102433,1213406.8056595346,0.9433174292009467
1095.2213443811945,0.021334097873659898,0.07065526001400323,0.5887313520767388,0.8269372604193058,4,0.25542706619795136,suspension,6.023919721983963,16.76008213241517,continuous,propeller,0.18981591651655547,3.2736301036581876,0.15698857589259618,3,0.22769093631914192,5.248669720768738,14.100828231197395,1.0
1042.2568963808374,0.013359473559781891,0.04990891948539286,2.869462793218942,3.889327523825472,4,0.0933646796381979,suspension,33.252985738868254,48040.941079748336,continuous,pitched_blade,0.7805917336712869,2.8485927208997577,0.5178294420193247,3,1.0896398517862165,32.244683689866434,25204.497857619877,1.0
1134.9619474221572,0.05896257467048921,0.04860608204287565,1.0057354844763484,1.2179045937964037,4,0.002537997927302821,dispersion,24.205430148432473,717.0884103610935,batch,rushton,0.3019195125395244,2.439177045972542,0.20298449227947724,2,0.5438300384885016,26.285298104812103,405.78009186309635,0.9844641769726595
1006.2800490231937,0.052417949756971866,0.06398595950780972,1.5055726185240967,1.8196526842872178,4,0.008944750946155572,dispersion,36.51485329793339,25738.674004485074,batch,rushton,0.6016233207387338,2.9974820541329157,0.35122625666651636,2,0.6931284876984011,28.359838236359256,19403.476901401704,0.9688642113089445
1092.831478139351,28.93673500786311,0.05764129769397812,2.2744951472221926,2.664472617667793,0,0.0,mixing,1101.6474183558455,23032.51416028432,batch,anchor,2.0976839936779244,0.49062371305349806,0.11372475736110964,1,0.0,1089.0822355322155,19922.927668196666,0.45748771751461476
1055.9321013911488,0.06374157196120689,0.05186095688508242,2.968572340352001,4.199938282480691,4,0.0,mixing,80.06861333209072,44176.208591789116,batch,pitched_blade,1.1728642547028887,1.7346033466115545,0.5775302186724411,2,1.655810168375978,61.5884735845012,29519.71361836216,0.9467599611435689
1176.91148021226,0.007301413025751578,0.051333885086760164,2.50503744423325,3.070688700161281,4,0.24974244100139747,suspension,8.56444976371806,131872.62997908873,batch,propeller,0.8198588275175178,4.855162374137959,0.6524704648920697,3,0.8733116337848909,10.301483972575838,77279.55714478673,1.0
1064.6101355486658,0.018841121795635754,0.0420507271530058,1.0855719158301118,1.3858802055464547,4,0.0378227300641253,dispersion,26.470731251698563,1853.8005441467094,batch,rushton,0.3844944031726123,2.4148132758566567,0.2252943223804692,2,0.6244168377473196,24.233870758019705,1201.3609255763888,0.9795477225907069
1021.7760471467869,0.04270368526956327,0.06856420437591879,2.807362464174646,3.12988839173929,4,0.01708307100075219,dispersion,59.78490753309901,114999.83470728848,batch,rushton,0.8655303411690045,2.266172809481218,0.657902100262963,3,0.8297003036257408,56.209557205565,74075.40738963676,0.9319071457030494
1144.514176710869,0.020891898291775818,0.057848922152357166,0.8961402047461182,1.1898491854696165,4,0.03023182455643943,dispersion,11.681151528580912,3155.4788252689737,continuous,rushton,0.30937336416218514,3.224953051056079,0.18457315325187582,4,0.2312015482303182,10.676311565302838,2011.3020276792554,0.9594255951902847
1105.312364637628,0.08493136042347653,0.06444309794589065,1.9805720998849334,1.8339323085342825,4,0.0029074293177621725,dispersion,37.256236520304775,138436.62050941438,batch,rushton,0.6551961264976391,3.6321032723057898,0.5596583422880691,3,0.42460829753171436,31.881287990456276,82336.89913474697,1.0
969.1959236607386,0.030906696932407492,0.06415798566478412,0.9167785391655701,1.0623862876150592,4,0.0,mixing,9.36127106392683,14.671798827931946,batch,propeller,0.18830159968945587,4.560035055473805,0.16156288225401855,1,0.0,8.3259204132499,9.142570324406439,0.9283730729498394
1027.9342470173983,37.42784295083992,0.06638538844136056,1.209701226393051,1.6419863830975967,0,0.0,mixing,1007.6431330527317,1360.8880498234444,batch,anchor,1.0396092034694218,0.30171305555776284,0.06048506131965256,1,0.0,979.0807274314903,958.5769635663734,0.5033712050404415
987.7550213124603,0.03511638768811434,0.04430547643274351,0.9651109074014848,0.9717728707079863,4,0.0,mixing,23.107344453914717,149.3116628716689,continuous,pitched_blade,0.38045694334641483,1.6781082050346798,0.240196465646571,2,0.37201058572336554,20.422121001851426,88.46868919461014,0.9638795555340162
1290.79850135509,35.261414375843934,0.061007451732809664,2.545518055175748,3.4118876260727293,0,0.0,mixing,666.4479754280181,88808.94898778488,batch,anchor,2.296725973456392,0.6817447145863811,0.1272759027587874,1,0.0,785.7869012037255,65040.9422687209,0.49742079665348826
1168.8409351803014,0.06848139460851316,0.06803642796455811,1.4718993383920815,2.180680472667886,4,0.0,mixing,46.033927096252555,1684.8882191940868,batch,pitched_blade,0.5424564918449754,2.0310101781509022,0.31086406130408384,2,0.8704345059289823,32.928848302014785,1037.130460212495,0.9401558674337903
1155.9545129316566,0.050534930511661094,0.06604178816418844,0.5587198204235562,0.5513990984512782,4,0.0,mixing,9.620863936329918,1.5344347584389684,batch,propeller,0.1364189086854394,3.7151488148333813,0.12585228804680432,1,0.0,6.632470591324895,1.2741094751568294,0.9209897000605971
1035.9986872186355,0.0715636257921954,0.0686579395603731,2.6767959667817953,3.4406872182462966,4,0.007354390309043168,dispersion,46.68580251569918,255074.7533330026,batch,rushton,0.9351746306592853,2.4938961621447207,0.7622788835210417,3,0.810392842299643,53.59956256111782,148154.2191959871,0.942266157081105
987.6864042142064,0.06896676549362676,0.058043934037594225,0.8919756141190514,1.0470272044891844,4,0.0,mixing,11.421226420194957,3.741025474889211,batch,propeller,0.14044649315974608,3.0593912274930024,0.2515346550580456,2,0.3836249388858117,9.271556218707111,2.4594930980187333,0.9299414109042696
1059.3194703717816,0.00985959676093806,0.060659420498413066,2.917786229047521,2.99253300364022,4,0.04174588801703929,dispersion,39.22058135508421,1171192.3098583198,batch,rushton,1.0599686098043284,3.721028139032155,0.8470786707742037,2,1.0752730871531764,29.033637429731762,707253.7110639135,0.9512551804488829
1048.6804474353576,26.876633462589417,0.054332753206029934,1.3273174304089002,1.8461579358506228,0,0.0,mixing,531.1588868262107,6260.430354685173,batch,anchor,1.2514436029518876,0.5152001996413855,0.06636587152044501,1,0.0,624.2848860464745,4179.491884172055,0.49611539121301496
1080.4274775892757,0.03972685117187363,0.04608620504988255,1.8434618905717923,1.9589291333440428,4,0.0014448417713497975,dispersion,59.9654546682212,14113.330076942208,batch,rushton,0.5737514901401105,2.064844610554624,0.34491370625860013,3,0.5550918603163525,44.982700136178146,9654.265651789656,0.9566273028230671
1126.8839235743067,0.07615952026030127,0.04464294919773807,2.7346187314476444,3.822124695214202,4,0.016698758594715653,dispersion,90.56781102002353,138727.2508059302,batch,rushton,0.8958100083024636,2.4909875791223106,0.7401860205385379,2,1.4271391846292059,67.91636177399353,88355.19491869137,0.9365097132150828
1112.7134196722695,0.041963368846208875,0.05744018188708494,2.9110581458829903,2.7059985787974945,4,0.0,mixing,35.38695180755323,10898.919080932837,batch,propeller,0.8110877479845096,3.0156744383116565,0.6224529993717596,2,0.9702236208777547,29.63023713472542,9034.464946885515,0.9559954191318459
992.4271869872824,19.697116571420718,0.04243303467685341,1.4296377825513966,1.8905355897278893,0,0.0,mixing,2555.88458265922,520.8174073944245,batch,anchor,1.2715522184775259,0.17542250429491504,0.07148188912756984,1,0.0,1817.3789451564496,307.02048200666775,0.5049924480597076
1289.4651336954541,0.024440440929968416,0.053047885433261416,1.810325899784267,1.8525626852490813,4,0.0,mixing,40.72534681182846,10523.506146636888,batch,pitched_blade,0.6868923697011385,2.400772919352595,0.4600160017773448,2,0.6714029218093092,27.661457357708333,6759.449006560905,0.9375567679454433
1163.8600000697027,0.03212029946523476,0.040993038641315975,1.5459763771278816,2.2206267914241113,4,0.0,mixing,30.033277040374692,4696.737020435482,batch,pitched_blade,0.6143707103417664,2.398933922448244,0.2424131315872528,2,0.9743924148518857,28.284633175050697,3261.1777860065345,0.9553809420903725
1002.1153722677554,0.05673637759621438,0.06165406599691291,1.6681595963878533,2.4208706440968077,4,0.005202971630260168,dispersion,42.68649836642084,17744.25584031719,continuous,rushton,0.5357784188495998,2.849555428741353,0.38457425295758013,2,1.1148952739457636,31.83600339444794,8919.805372511973,0.9525541701073978
960.6956678939058,0.027415282203264574,0.04381894027402277,1.4655639450458118,1.933683477399067,4,0.030065648458218082,dispersion,33.65561961828587,21410.217886944385,batch,rushton,0.5551231440570521,2.322615353268086,0.23315064004807215,4,0.40514584201131315,23.39380794305878,11690.096583497461,0.9154533895735268
994.0670834933105,0.09707420444480677,0.04605197884248643,0.915070429700616,1.2335404737943254,4,0.0,mixing,22.050439443064047,6.557936371916415,batch,propeller,0.21190373588532355,2.677124828897564,0.16886240651471057,1,0.0,16.877081727918657,3.827446545514971,0.9464648299129633
1246.8541758619454,0.09966279649722368,0.0707321821757674,0.5818828740601352,0.6037074913444143,4,0.024415607864555544,dispersion,16.10327976592811,67.41574164962255,batch,rushton,0.18601916484868258,2.5928788543632293,0.1456462087506792,2,0.23020735306064288,12.721279230436908,42.35645841403919,0.9564296931988368
963.5503008882029,0.046664430654345106,0.058355819776237085,1.9497892668977939,1.8367007344888957,4,0.16146338111545183,suspension,19.828200353836614,8269.413098151286,continuous,pitched_blade,0.5035909116942922,3.930940807881683,0.570559130077028,2,0.650594964644863,20.13383257100194,4634.795560747984,1.0
1117.7447808668428,0.029357334508269113,0.05729286458685447,1.354185897233115,1.76815573330051,4,0.0,mixing,8.933317163521014,70.29089329783848,continuous,propeller,0.20934912432029698,4.422965503062221,0.2540022454990815,2,0.8269611342422788,9.692423673847838,35.97887633429162,0.9731593698213199
1104.2059331068633,0.07064106701580435,0.052301041793510625,1.8106940255736064,2.366931733200648,4,0.0004764453464781826,dispersion,32.27920185815432,81745.99391662232,batch,rushton,0.679691077655348,2.931599234340622,0.29763510288927086,3,0.6529699518875094,28.665170944834095,54763.83338647437,0.917783211503491
956.8066956125676,0.0010066170606958776,0.051222610406416125,2.016052370706457,2.87408613654402,4,0.057057297465315224,suspension,21.418566541057665,7831.905892619302,batch,pitched_blade,0.6660615857862561,3.024691045443631,0.5697660958652723,1,0.0,23.125234130667664,4495.965954585949,0.9763665494683809
1146.7256106541672,17.316971463924855,0.055505594684212525,2.181040292402078,2.286758454598005,0,0.0,mixing,1162.9591862479224,13414.604231521993,batch,anchor,1.9253069495826358,0.4371258335650581,0.1090520146201039,1,0.0,1157.3344168196409,8236.521198161581,0.4945701113286872
1175.9515344603512,45.202756884396685,0.04575112069181256,1.5429817150544898,2.010019319698675,0,0.0,mixing,580.7558123967692,23485.14764854942,batch,anchor,1.3840383196514514,0.6548387790352469,0.0771490857527245,1,0.0,513.7383178809877,13742.488037778698,0.49410647015735093
1064.490163411836,0.014428606096708457,0.06576108847061006,2.7667294173556947,4.118255891497695,4,0.24756999223635756,suspension,31.437674087992868,68578.796447494,continuous,propeller,1.0812451723518073,3.7998549200230913,0.6473540510938647,1,0.0,25.818776472279886,44958.79725591385,1.0
968.4828116627386,0.04656405025809888,0.0576374756416725,0.9032438969161325,1.1455185768838512,4,0.0,mixing,16.26409960795595,139.65936259747906,batch,pitched_blade,0.33783614527313577,1.858760610237009,0.21102865160026887,2,0.48383376051341687,18.531888483960675,70.70243981709461,0.984513441091205
1070.1085950381046,0.09094327106248429,0.06691341161467675,2.3681058940237962,2.160763344998452,4,0.008333259204218858,dispersion,60.974507875604345,105066.08011091313,continuous,rushton,0.7759951816896415,3.1594373147123593,0.4849643292213267,2,0.799429561511942,44.348466225955924,77324.40100103976,0.945823009592678
1096.7855565885689,0.0026923735135618355,0.04536223681772977,2.06385059135135,2.275724427011179,4,0.0,mixing,13.732017489984024,1048.097647658906,continuous,propeller,0.4358085086317983,4.44439904266064,0.33632718305171055,1,0.0,13.378606642437665,681.8962186503649,0.9513461707300197
1217.5287809244194,0.03133735008488817,0.06313454965672356,2.4343841475225974,3.030624016519074,4,0.0,mixing,37.29978654215135,1095.0596138811009,batch,propeller,0.469497656367671,3.3208507550617674,0.6376986299580804,2,1.2348200517995682,27.505702126877726,938.11961793143,0.961472148447883
1205.6681256900913,0.06115415071046894,0.04219240879499599,2.393099910992322,3.2017563758047736,4,0.006856945538134485,dispersion,72.72654722396214,127928.16926086825,batch,rushton,0.8969476234900284,2.06012120559694,0.44542156549207207,3,0.9180079550560138,62.85592630072291,81544.7113231186,0.9577512931763947
1289.6771786265329,0.09589384202879052,0.06576699846693643,2.9830734055614974,3.230961621700728,4,0.009472648408626811,dispersion,119.797515588859,127837.2048166877,batch,rushton,0.9051138925295518,2.8981978796797274,0.7884802382664774,1,0.0,84.78556455836534,81739.70999662255,0.9580673502863576
1241.2761955992546,0.019030280472049643,0.05414681086021558,1.3974405975392574,1.4300046261901032,4,0.04971688797680002,dispersion,37.21134685106877,3394.4044649498783,batch,rushton,0.4336690102182546,2.1953380229847586,0.40805134184724323,3,0.34119157163910796,25.19588771048287,2704.0957925654407,0.9642670611375885
1181.3313689815877,0.01581832594398273,0.04595047091264555,1.7359132410533167,2.492919111684192,4,0.22131376603921082,suspension,14.581477841170098,16414.11176273606,batch,propeller,0.6030978406065088,4.167161161663814,0.2843630692564241,3,0.7252297115506446,10.478072890579073,9944.847191487564,1.0
1255.2361822476578,34.1458801474054,0.05146347516853044,1.9141585173761715,2.400194106642792,0,0.0,mixing,1322.9216543584168,18832.866696480058,batch,anchor,1.7190675438214558,0.4882279104997908,0.09570792586880858,1,0.0,1007.5266290369661,12327.45011864932,0.5048273280550227
1133.1044720416933,0.053400653799694754,0.06765841877370896,2.0920481082100473,2.734901320996258,4,0.0,mixing,30.19457338035868,6599.7506160735,batch,pitched_blade,0.7008967061999649,2.241276149022348,0.4364929053214652,2,1.1435045160835848,33.687801863626,4942.977395968107,0.9741767273673475
1189.3685324226283,0.08461896171046147,0.055655422123502406,2.032970783451315,2.282884502751492,4,0.0038727510663713162,dispersion,22.601760866452935,234906.46413731977,batch,rushton,0.6722714819313445,4.039860877397621,0.3609690154707163,4,0.43795043908045234,20.77066648111463,205970.5781771042,0.9582098585504625
1072.4303953520423,0.02600470224253804,0.06942098272084848,2.087297193086058,2.1315349372931487,4,0.0,mixing,33.29284021041085,8154.8936646989005,continuous,pitched_blade,0.6865442396041773,2.291433278939657,0.5888295120078608,2,0.8359296088668435,35.76703825722792,4480.341836401449,0.9820932479511691
1013.3323184585992,0.04362437297017555,0.05677007047904418,1.5648540844107959,1.6122118196307245,4,0.0,mixing,58.06385859803643,803.9435523255426,batch,pitched_blade,0.576115006529718,1.8077125985764448,0.4137512416421588,1,0.0,43.32155282142198,422.03771946058924,0.9655908615953592
969.2241090057363,0.05963843991223674,0.06328468865057785,1.8964782251481813,1.9711119134627437,4,0.02273291658684075,dispersion,65.73170513087167,14200.97710380957,continuous,rushton,0.645642210838664,2.196111338742065,0.4173008188365399,2,0.8324965712245018,53.966898693989826,10370.897646367088,0.9623545902153678
931.2340799925073,34.02052025297339,0.046880212148210865,0.6990377247752864,0.7881280125182363,0,0.0,mixing,708.3880664863382,188.26047466588858,batch,anchor,0.6551117226678288,0.18613427445389533,0.03495188623876432,1,0.0,812.6651193647841,95.45199724890398,0.47120091164656064
1233.4181774133176,7.219466406855898,0.043306758564406786,0.993907434472251,1.3498628997056457,0,0.0,mixing,293.593732032907,866.7236057275846,batch,anchor,0.8854617678810842,0.595050864136078,0.049695371723612554,1,0.0,310.18965145688736,519.9160650426118,0.4902251159406817
1146.3190256706885,0.07856226239191169,0.05641308134884866,1.230773745266255,1.2740741515262455,4,0.0,mixing,24.565494621214796,335.6758893756621,batch,pitched_blade,0.4555167663032729,2.0455832194503314,0.20742445056401593,1,0.0,30.220558153491016,241.0016345232375,0.9320273776220178
932.4529314130369,0.00882850574665589,0.05445860417008194,2.4223860122779612,2.5554956245938607,4,0.018676473052569528,dispersion,31.1863907826171,255831.62470433678,batch,rushton,0.8365442028228322,3.042429797972772,0.4075071080116432,3,0.7232160697011584,37.62944909403598,131157.89086014486,0.997704007450316
988.7502946224162,0.036623775512294454,0.050809942554216406,1.7687197395895045,2.4506520030907666,4,0.14479929485010012,suspension,17.073472591971385,17250.500378431396,batch,pitched_blade,0.7378660203293463,2.716215605628084,0.42481225124943256,3,0.68974421518342,19.55288216448521,14787.269418381953,1.0
1066.5993454758793,0.0910851465786888,0.05118366838440501,1.8472288828581496,2.1706791632058033,4,0.04500879395197277,dispersion,39.749511710220844,28832.735020975186,batch,rushton,0.6041252551151503,2.951446265666858,0.2790105780315054,2,0.9947484252913734,38.984976161565434,22047.932126610278,0.9182272529491731
1050.1776981006628,0.08142825638465474,0.04129053404186782,1.72506392964858,2.4208516339372976,4,0.04041421318997698,dispersion,48.22815058411667,17232.836259858857,continuous,rushton,0.600495708349336,2.296697893778983,0.33963928754496253,3,0.6871281577983138,33.99342466459882,15477.04925446813,0.950951213967952
1201.0637432699793,0.025740833343479083,0.04939683042451483,0.9498384828300661,0.9315152434713577,4,0.0,mixing,11.532028525351908,8.089110922782131,continuous,propeller,0.1645658710418438,3.971193298003127,0.18252210636091826,1,0.0,10.856613160703194,4.093975116696566,0.9305362453285553
1143.5143002243822,0.04647102954416958,0.05976741717090968,1.0336882310128535,1.5413896155424405,4,0.1699547681874512,suspension,13.363487690704034,57.07115564611813,batch,propeller,0.2700104866102413,2.7811625663311808,0.20173769784482737,3,0.46408987938174245,11.604892088429093,50.12289365575769,1.0
1274.1088819776444,0.09481960749948837,0.053412799719241205,2.6489615268936273,3.1005666685829305,4,0.0,mixing,40.18493691557616,7979.014561697962,batch,propeller,0.783940502899035,2.5251785812405867,0.5615395133002339,2,1.2190653766581792,41.012009828218666,5066.841923597955,0.9287942301247355
1256.951214712422,0.04830302267323561,0.0597550691286337,0.719925689984562,0.6685167916282161,4,0.14378176202754706,suspension,5.204128754059263,145.2878072917353,batch,propeller,0.23519837271281085,4.650684472099641,0.1091954780967019,2,0.2812630231882611,4.931339549012631,83.15930889072452,1.0
1012.0414818686066,0.021339510080894443,0.061331554520435344,2.0742619105352462,2.3435680708962177,4,0.07529581898664146,suspension,48.13619698340005,9962.764834196023,batch,pitched_blade,0.7425457638682987,2.603987812234448,0.5290678025509413,1,0.0,37.94356285619077,5248.285884895682,0.9614982724782708
1088.1259055396108,0.08001498504363193,0.06171139596447411,2.284941042326797,2.390763244348908,4,0.01103418587076861,dispersion,84.88862217394139,12055.814739579988,batch,rushton,0.6927466657387535,2.084696397096438,0.43876816501689825,1,0.0,81.58553722164787,6550.1708024087575,0.940574931625229
1049.9693120823822,0.018068732251378727,0.05375470983123244,1.4325296947150774,1.5787236753123115,4,0.0,mixing,19.31641515945653,178.87860868294987,batch,propeller,0.364713212292829,3.6970923897139225,0.22674696838551286,1,0.0,16.38297604763737,153.36602061926723,0.962614168982939
1166.4778093007,0.0037943551016512878,0.05282264569148918,0.6388239046505835,0.7254358644118857,4,0.0,mixing,7.154719897290884,0.2431270456942539,batch,propeller,0.1121995693636286,2.766874705339488,0.17288306665422926,1,0.0,7.467139767184679,1.0,0.9349226720364318
1098.4738445245987,0.026929496836816242,0.0400973754439959,1.5684066152856588,2.0443343266238814,4,0.11458097564424123,suspension,8.996472327374534,11834.523006230147,batch,propeller,0.6118297108079123,4.740746595526191,0.39085911804325785,2,0.8911952384463927,9.832369303168965,8866.311181455481,1.0
909.5026753077912,0.01244492698025109,0.050442603829433004,2.4211944621691277,2.909508955683891,4,0.15551525436928298,suspension,24.070598489481792,153637.53663672614,batch,pitched_blade,0.9002126623841473,3.7891843177123565,0.40205290647527475,3,0.7560483403938868,19.17878017316303,127022.23684462636,1.0
1243.827744136595,0.08127510233399295,0.05799628510017871,2.302513555475082,3.1985444621143793,4,0.0,mixing,18.834492709968718,3067.2180228125685,batch,propeller,0.3935442063563582,4.729012050978463,0.6504391904836461,3,0.9324828191787954,13.970797737617271,1675.1570670814313,0.9116252314621263
1162.4908260194038,8.74025308200875,0.06928056590713465,1.27775697787242,1.6647285799450466,0,0.0,mixing,420.27581847123696,2704.1735639752533,batch,anchor,1.1925583269935343,0.6013793792127223,0.06388784889362101,1,0.0,399.06607246878593,1874.1174897458834,0.5025319757318442
1061.903511806117,23.298075082998814,0.06474765511069816,2.017714099087253,2.351549303378736,0,0.0,mixing,1777.7420708433528,5128.446565277239,batch,anchor,1.891371723563595,0.2858328118808179,0.10088570495436265,1,0.0,1443.6885651683635,3533.6888630318003,0.5083851138325025
1070.7678357667303,0.040711469064393394,0.06275471814741027,1.08151447933745,1.1602381539466975,4,0.21438073037023886,suspension,7.741742828716715,8117.882558212468,batch,pitched_blade,0.480058009670244,4.586632499685436,0.3070020774462036,2,0.3970687981891312,9.132769654111941,6407.208047330356,1.0
994.3668528784823,48.032376990369734,0.0657829357042004,1.2270903957599608,1.7898985511951744,0,0.0,mixing,521.9327163478098,13821.997685653954,batch,anchor,1.143392950050065,0.7573468503884322,0.061354519787998045,1,0.0,393.1532837383887,10490.732829387283,0.5067096777256995
1096.9327083646272,0.08907779844828136,0.040748271853125774,2.5742371241241284,3.3797095142710214,4,0.007378218852192148,dispersion,30.912629238390846,271744.0921152557,continuous,rushton,0.7901808072142322,3.136650640705175,0.7424648862568464,4,0.6126712706567355,36.57403231680231,187241.9870416393,0.9684466017002952
1189.694417125477,31.43614769531803,0.04460675450665949,1.9529148560927347,2.817087303257781,0,0.0,mixing,2432.57250175143,5914.239006709235,batch,anchor,1.7999151471621957,0.24718985874788846,0.09764574280463674,1,0.0,2173.843749722108,3144.500484679761,0.5235585537525631
1255.7584243706292,0.006696294350784288,0.06090984348189527,2.7496597444481328,2.8063797740049874,4,0.269004019724224,suspension,32.79340862102528,60422.13104220351,batch,propeller,1.1719278119955705,3.0121911094070537,0.5513117811771675,1,0.0,27.655256104758802,38226.59437465436,0.9928378689803452
1158.387887591287,0.03546897056216179,0.04880344076256219,1.314429742936361,1.533218137890088,4,0.04441841398576529,dispersion,18.825298862854847,71736.63276024023,batch,rushton,0.5222093538135036,3.8455485846875117,0.2571069375343732,3,0.4363236871561527,16.28918047017854,36691.52828158393,0.9810773110567467
1020.5689214627349,0.04566041227765883,0.05669388422914461,0.5128067345368837,0.7492414082111687,4,0.0,mixing,9.267521644424955,19.075088137018465,batch,pitched_blade,0.20121226403237516,2.0595086122450263,0.13142241280622083,3,0.2064234150482324,7.3217181701015,9.610933671640066,0.9556965617793981
1091.1052686625094,0.09023496420124608,0.04357710249868816,1.1960858125785465,1.218048261052874,4,0.0,mixing,14.8054513828476,102.00334585456491,batch,propeller,0.3242146370234598,3.775870077833844,0.31270865641436657,1,0.0,13.307042050908484,92.26290218752936,0.97565124235845
1013.6677493548009,0.06775214591614184,0.04152419128701682,2.6574656904976393,3.7877591342367682,4,0.03711975943067029,dispersion,40.15980769656065,452715.3266084353,batch,rushton,0.9291341992842143,2.833224603806229,0.7145934901612518,3,1.0193346609196987,44.34919164506581,233093.06958126673,0.9648542681548398
1150.1232755859194,0.07244035110745228,0.043067938809956616,1.4529522233596197,1.3918042601030374,4,0.015590933760127707,dispersion,34.80651085673641,27905.100762067756,continuous,rushton,0.5535870512269168,3.852278886176409,0.39504585857534175,1,0.0,25.04634963846761,17413.89631792966,0.950688054416229
1044.3391834301972,35.823613940735655,0.06689209136838695,2.001296044933688,2.574929058092489,0,0.0,mixing,2606.642616478154,3455.607324939516,batch,anchor,1.8377177348350706,0.19856109735268093,0.1000648022466844,1,0.0,2422.177184069769,2243.1992613105144,0.49392926728382364
904.1054140026472,0.04079335924837198,0.04266547529946566,2.483394347187674,2.757189911394929,4,0.08264926355866649,suspension,36.01511583933538,4087.6762183268543,batch,propeller,0.6458590213596002,3.3531550464142637,0.605589808887209,2,1.148141163679767,24.782381421605226,3577.6734395370127,1.0
1252.0920130777026,0.023598170158889143,0.0607429683097731,1.2492732814458787,1.8677291897851518,4,0.24226673986529002,suspension,8.705669700112676,11220.449182214163,batch,propeller,0.5339726349920103,4.637206796260432,0.19947671630998873,3,0.6015304429808421,7.864924288890145,7215.871581052147,1.0
1039.2585838145692,29.458406929534252,0.06158945242939713,2.290272966793836,3.1385124646927074,0,0.0,mixing,1169.518296996138,15639.003259029323,batch,anchor,2.0994946261264342,0.3274962178089996,0.1145136483396918,1,0.0,1353.6016989253785,7903.283029304122,0.49773874319192846
1015.029801021478,0.08257915991035157,0.06895093878132103,0.554876681178996,0.7002069959794307,4,0.0012505451491369168,dispersion,12.94137338671093,31.975226527834746,continuous,rushton,0.17476349264013455,1.9485235950204716,0.1359056010399746,4,0.1272734584863463,12.212976648742455,24.330091574493522,0.953964075490483
1187.9556527228126,0.0818324981101656,0.05529689275673575,1.0356113934964344,1.463502275516027,4,0.0,mixing,21.92602427404307,181.60537223306426,batch,pitched_blade,0.3327530761501387,1.889182762352345,0.22277979665949818,3,0.4413037370405666,18.05603789076489,117.36335226856532,0.9729702700141772
1222.205921245209,0.0444703528200099,0.04332601159665258,0.802017775323955,0.8813408398043994,4,0.0008031378157548008,dispersion,19.194090067617193,497.78251052031635,batch,rushton,0.3129082790830763,2.772016025276314,0.2010003221072591,1,0.0,20.641419784339167,348.9952295594983,0.9353982671245834
1257.8759047919648,0.024979300460444047,0.04813609794524022,1.9200828519756024,2.5688119156825744,4,0.044907633814746224,dispersion,31.17159952853234,186314.39934450772,batch,rushton,0.7467460294930665,3.412855476007071,0.3994579644596239,3,0.7864874530308471,26.745641627976557,157941.9184191566,0.8997146465957416
1121.2316581003367,13.267055305026746,0.06076641785040657,1.298802735954027,1.54458922209136,0,0.0,mixing,340.04769652536396,5709.108325625781,continuous,anchor,1.1775350132876115,0.7824308156104529,0.06494013679770136,1,0.0,330.19491398639394,3875.2176405974847,0.4693483652338267
1000.8174955458201,10.113911652317087,0.05673825903756881,1.9551130449557665,2.922700463917555,0,0.0,mixing,925.4863350719157,9757.819138329625,batch,anchor,1.851351255298636,0.5758663071301077,0.09775565224778833,1,0.0,647.246348826944,7468.1414546260685,0.5362030891107314
1163.722361861589,0.09939114844804621,0.06987218490797648,2.630856381614985,3.6795322717351135,4,0.0,mixing,43.68476410829915,3002.24890612876,continuous,propeller,0.5729839997075657,4.100791229637298,0.7080911476530062,1,0.0,31.51326270867924,2260.5976483792615,0.9298129395034876
1057.6851109144836,0.08068819560827047,0.0557646940170302,2.75270201234396,2.505867167592287,4,0.0,mixing,81.94377768398321,41751.72929753873,batch,pitched_blade,1.0673660201085966,2.5414465486918583,0.48432156264353654,1,0.0,54.74274056352501,27642.29751977261,0.9496245894023562
1046.903422606945,0.014854237865629893,0.048733759766169386,0.9067595330623619,0.9055916719435397,4,0.2042533214271708,suspension,6.801552920110073,1510.563859024603,continuous,pitched_blade,0.32478954747925914,4.610439534460909,0.2424640697083324,2,0.3619056752649088,6.886709557958817,967.5779584171863,1.0
964.3128304036163,49.538566307259366,0.06642867822624055,2.450177554640268,2.408610772285209,0,0.0,mixing,2026.4119434236986,39476.604474793894,batch,anchor,2.217580938089455,0.43679350109744525,0.12250887773201341,1,0.0,1373.5825400436356,30525.817840535656,0.4778266613912995
1085.2996705847986,0.01661803771951469,0.055687368662401274,0.9840027107410805,1.3352725766799927,4,0.061603307990461556,suspension,8.309914261257838,6753.756094282487,batch,pitched_blade,0.44135786833663126,4.465566925140223,0.27649699155403085,3,0.3683765756809706,6.825335373058788,5651.639449756598,1.0
1170.0831931373739,0.007755116099693698,0.046737667221968406,0.8644129152301495,1.0734417731178223,4,0.13909654751886813,suspension,5.3252866573217785,434.02153182863196,batch,propeller,0.32988388617672615,4.042996351577218,0.1520583421133495,2,0.4733865044306721,5.802032416575349,282.72030634456144,1.0
918.8268568107945,0.046673280224442164,0.06729100637053176,0.833406165357687,1.2228271074369361,4,0.0007971915147944875,dispersion,12.417577585056128,3138.0425485220794,batch,rushton,0.29477631635095,3.6458936716078796,0.16505259534038472,4,0.26692500944824643,10.136926472291627,1663.4335378218045,0.9610643764388787
971.6677857903542,12.514378648316997,0.0691802601197108,2.2824503342861027,2.1403030493981006,0,0.0,mixing,1661.6681647794053,8041.789586960003,batch,anchor,1.9859245759169666,0.3799016536740277,0.11412251671430514,1,0.0,1111.8240802766072,4704.378846423432,0.507610895586814
943.8476552789119,0.08529680572722836,0.056423108499209174,0.816637797583959,1.0292327541086128,4,0.0010428400237293023,dispersion,15.10195164167698,1170.7447745531535,continuous,rushton,0.31416185541134334,2.608163130903945,0.16384121925506787,4,0.21485328233110038,15.33087966693521,989.8561486040124,0.9764373992071901
1286.3362150572807,0.05986802407480171,0.06773582793741088,1.7006255690605305,1.6999621504562707,4,0.02356703369146882,dispersion,30.265278950852235,118019.16082620372,continuous,rushton,0.5873215871776926,3.765563552007605,0.5000711756937553,3,0.43693458621865905,20.70006986416609,62477.521629977586,0.9613789587683484
1100.4685216182525,28.138862213599186,0.04902221789826534,1.2584696466802456,1.7432809463241026,0,0.0,mixing,741.4535275147119,6047.664267141991,batch,anchor,1.128144961942607,0.6335991928897429,0.06292348233401228,1,0.0,505.9345220319694,4850.704581815923,0.5190980602467137
1014.2092386412678,29.683651093907713,0.04504734426087422,1.3352195608390085,1.7368084910384476,0,0.0,mixing,1858.2959280977884,595.2070421470626,continuous,anchor,1.1724558721123164,0.1670610121142679,0.06676097804195043,1,0.0,1787.5643121237738,387.3009166337839,0.5288086888457922
958.3993187034092,0.0848592022757186,0.04587763360068757,1.0467077804655163,0.9442791264591215,4,0.012492772907517725,dispersion,16.04308042751842,5886.3234120194265,batch,rushton,0.39503544296683346,3.5781832735233885,0.1581546435206286,2,0.4155120179549295,15.053068869344292,3473.227176364031,0.9778886961433936
1073.501043833305,24.81560255450203,0.05342429458868856,1.366612543802372,1.4402028126742954,0,0.0,mixing,759.3999661091382,5375.8523240864615,batch,anchor,1.2048126406978104,0.4851781884862445,0.0683306271901186,1,0.0,617.0879828138015,3052.432614329209,0.47734360818283833
1103.5613939540872,0.04857452921922109,0.06772985882320216,2.821687779790949,3.6766155147056923,4,0.10759140241422079,suspension,39.03212872484909,88013.79250424808,batch,propeller,0.9719930347540381,3.3869839551046113,0.4325527980471749,3,1.09013391144101,27.442379453749485,50469.70583271187,1.0
1114.9638410924351,0.043535079854581465,0.060924212766344556,2.424813872427036,2.9632522266007486,4,0.24092378654573127,suspension,18.09696228362815,259126.02360142925,batch,pitched_blade,0.9208020646104748,4.251365975993305,0.431180503018002,2,1.2023318839089165,20.055086740175067,139397.98159261918,1.0
904.6157498759684,0.0018663512717079257,0.04914019093857747,0.5800410110695224,0.7035401846329757,4,0.05084553636409535,suspension,5.931654123864772,118.5458401434425,batch,pitched_blade,0.23762818394400495,3.7904690673393437,0.15997448232170122,2,0.27230672153221985,4.082491035204624,83.56676720120073,1.0
1154.9950192467263,0.039816068242990554,0.07092053597820076,2.086795791750337,2.3865653543242384,4,0.17823206969486483,suspension,22.649988453976547,22177.00622012278,batch,pitched_blade,0.6916102608524168,3.203714450940097,0.5224910603774466,2,1.0135657717080055,25.63102664651445,14379.328229158795,1.0
1160.1768645306897,19.095964969076803,0.04850149396622029,2.7682207507948076,2.5330189699106973,0,0.0,mixing,1008.9966063497203,109479.39200553634,continuous,anchor,2.428511187282382,0.7904837454388708,0.13841103753974038,1,0.0,821.497049157106,65789.49934649155,0.4937134626293453
1095.925133438538,7.279472490503736,0.07084717324505294,2.870529309789987,4.216716408571518,0,0.0,mixing,2741.1154696896974,3171.2027725568028,continuous,anchor,2.7136476942164793,0.21135271510791798,0.14352646548949935,1,0.0,2798.4511495448905,2606.4992321976506,0.521173693528941
927.8985642744332,0.02984173828962219,0.04388226857945934,2.077913404118918,2.7671395063196904,4,0.0715778185021932,suspension,42.541864152210024,26413.195366935033,batch,pitched_blade,0.8337599136275409,2.7840725528219514,0.5634175642701637,2,1.011144302696044,30.693231145902054,19671.706569708324,1.0
1183.3477908684667,0.08614530657403006,0.05136189466958399,0.7214038772064697,0.9878458945174975,4,0.0,mixing,18.110703745056203,94.94529271312311,batch,pitched_blade,0.2724070729700842,2.339847845797688,0.15330544666617843,2,0.40775248609783604,12.219416616965825,54.63274264963312,0.9698683701681722
1133.4426497892462,11.874976693027598,0.053816448110872744,1.8026149234768822,2.349940662933712,0,0.0,mixing,1434.8551648705522,2633.115094415798,continuous,anchor,1.5968365057373044,0.35554914744224486,0.09013074617384412,1,0.0,1150.5534457546848,1938.6242616351974,0.5032747970158867
956.9891727891634,0.07561650738818114,0.06653879342938437,1.0836588109122764,1.5025208478482774,4,0.02500143227828382,dispersion,27.53993474504721,1573.16072775428,continuous,rushton,0.338591169610819,2.857246005697202,0.2928220788201193,3,0.4137082882812892,20.14011852123792,1360.061967174701,0.9797271250654446
1032.917203753828,0.0412156971569864,0.06689865675783598,2.1076917501896846,2.5954498632185157,4,0.0,mixing,38.50925752797753,2353.2856487465997,batch,pitched_blade,0.6652135538706079,1.7563085760474049,0.5831904159931556,2,1.0912687473518126,47.137921099224215,1775.9313022228105,0.9704313239195298
1015.4908508220443,0.02113423483357866,0.06748510307002625,2.5482468614644906,3.607312094484827,4,0.0,mixing,33.26443809703578,2252.5582817855993,continuous,propeller,0.6591737069615767,3.2965190656994365,0.65349211910027,1,0.0,30.298051322774118,1962.0887808534255,0.9269669816225969
1153.8084156367427,0.02579521713861321,0.06458241938857456,2.780168727441474,3.650390388448653,4,0.10916070867705573,suspension,37.984360837576006,196947.41706126562,continuous,pitched_blade,1.0743040992844126,3.7796534895057476,0.6924459813496096,1,0.0,36.16923049902478,110420.93602260233,0.9669848012053659
1286.0846525029592,0.07473528655738246,0.062269357619518344,1.2551331964303754,1.4774489102422779,4,0.021103386770087586,dispersion,28.473048256209275,18431.981705975653,batch,rushton,0.47292376873545083,3.379758545987324,0.30642569305275624,3,0.40853887840702935,19.792081714166947,14010.95357403056,0.9539399007609315
977.4956188380888,0.02564869066727166,0.05798191082247456,2.3374902098313584,2.648431753926095,4,0.008297075889939864,dispersion,47.57397807123124,89524.44746892876,batch,rushton,0.835521432980194,2.4029467188690763,0.4983168341173461,3,0.6523770388473519,39.65213733710329,78616.1679064371,0.9641728716792004
1234.0126086915386,0.0012007204685816316,0.05848784061187301,2.4981846300686756,2.3973618828571412,4,0.04074560556695611,dispersion,38.69159448031508,398268.3425345941,continuous,rushton,0.9202871161710154,3.1003931333002375,0.7079929916753457,2,0.8023773322145503,30.414156230736697,219950.6145608065,0.9754174036631907
903.7609644812171,0.053215253225823704,0.0716483234081127,0.6592583839878645,0.6039369331012975,4,0.0,mixing,16.373760510352323,12.839386270511215,batch,pitched_blade,0.2574374402959345,2.1474514568600327,0.16834392819823135,1,0.0,16.09128364716044,11.093733287366664,0.9653391513742955
1099.2825445113815,0.02216342368668609,0.06137532905564714,1.7987034562348319,2.2367508517930355,4,0.019894522302730883,dispersion,35.88474528520246,21806.22519074189,batch,rushton,0.5731382368637327,3.7339222207472345,0.29632396110077913,1,0.0,31.74160548011788,15443.596788741477,0.9476683012816176
1156.5725658529072,0.023750332472414634,0.043900571599380746,2.9750997594054294,4.0495699446668,4,0.018248965929018163,dispersion,40.313622476945184,960462.7329088694,batch,rushton,0.9928399790633534,4.088901766359225,0.6159937838882448,2,1.869336988695042,44.44569005928749,680015.5358342939,0.9282825622323286
933.6776361053812,0.02233314672438965,0.043572836066642716,2.212075401603247,2.4695753997308376,4,0.092310913671187,suspension,22.027285100181334,42529.4751067921,batch,propeller,0.8842154466908039,3.677016986496621,0.3652641432907497,2,1.0692213830456265,18.996016072087798,25191.447007085964,1.0
1291.1663557422742,0.09994145001610992,0.043638031849106404,2.2999419353810513,2.938390505897532,4,0.0,mixing,15.399566798342395,31925.67799719518,batch,propeller,0.6443758025040737,4.775154030725521,0.5898966672119773,3,0.7817595260554925,14.569209024132443,17751.09176883023,0.9907171897692139
929.8954170489492,0.010321684553308997,0.04757918232771127,0.8194572394716069,1.2130553634681533,4,0.04894881808579762,dispersion,11.069669700006225,1123.0231879175556,batch,rushton,0.25507345240998736,3.856684940943664,0.22515312775022703,3,0.3381282417059661,8.85182486121038,876.0780643803944,0.9389070968559087
1252.7306937976616,0.03090275266429009,0.06549609983987342,0.5041420751889356,0.554346876455107,4,0.03442431561370401,dispersion,7.751059481193624,57.96785219658292,batch,rushton,0.19357015041969888,2.2568693619547506,0.07570020828331783,2,0.2164982409097426,9.020735231374267,30.787239670818437,0.9545324284161685
1015.8945976814009,0.07914054721880384,0.046213871441788394,2.3127508906795318,2.5038895937218704,4,0.0,mixing,29.64728442131093,653.3354990852195,batch,propeller,0.40545093503996965,4.074690903315461,0.5330192933357487,1,0.0,26.36772867879531,352.8197482437007,0.9806247280912226
949.3841796202416,31.369684585982696,0.06222285923586569,2.292374625952111,2.9658054120313166,0,0.0,mixing,947.3131067692464,89013.08396012263,continuous,anchor,2.1491662757757313,0.7515640708486854,0.11461873129760557,1,0.0,640.21303969944,57529.48844722614,0.4646214183186933
1136.145824805267,0.0012618472270479468,0.0558955297749193,0.9822467866973718,0.9744706244596267,4,0.0,mixing,5.32709789458199,440.1840253760363,batch,propeller,0.2870344754240981,4.9134179619278955,0.2930357767693686,2,0.36325003590498517,4.690896838962925,252.21468182866911,0.9752422752033028
1013.9339391168229,27.072660538435215,0.06394174725101115,1.398464201556997,1.7763625389964708,0,0.0,mixing,1006.4266521134127,6175.431939305843,continuous,anchor,1.247421339217245,0.4833832288316134,0.06992321007784985,1,0.0,683.1216076449687,3314.9218054312637,0.4816137982400007
1141.8102563856219,0.028031100925811226,0.05704536514798293,1.0359871822241147,0.9536231937114447,4,0.10036368531910751,suspension,11.392867120769226,79.9868910346766,batch,propeller,0.2848681938971437,3.9553728283172354,0.16573931145434073,1,0.0,10.117843714716507,64.91978757275993,0.9968699301677294
914.138994880799,0.06579946767565435,0.06281003798435039,1.0208386282779196,1.470711377063503,4,0.0,mixing,23.378249357324016,166.03698009223345,batch,pitched_blade,0.3405694371338244,2.040348747152772,0.28031180510457315,2,0.5944807768168304,19.24376603549585,84.37916817069507,0.9607244351856065
909.5808001985292,34.07879584549993,0.051921662561557745,2.9076530281262496,3.9082163202884583,0,0.0,mixing,1266.8990225189489,154162.68036208997,batch,anchor,2.505814365642539,0.7600257348450887,0.14538265140631249,1,0.0,939.855496569831,101876.85854874543,0.5199737927460932
1090.9770979098582,0.008513391434839642,0.07095777107477451,2.338867622003309,2.9080754259101336,4,0.13885087848154926,suspension,14.89523856712048,178135.08700978523,batch,pitched_blade,0.9129117392309894,4.333377654718779,0.4627812342955161,2,1.2516872761045863,18.319224476893464,142479.99683314626,1.0
1216.943500778671,0.06038073402124859,0.0707185317736691,2.0536030124083413,2.3784144876976248,4,0.036442199769065604,dispersion,66.52145210526362,107315.5363939505,batch,rushton,0.7412842917581864,2.8181808590101154,0.5886665012474239,2,0.906303263378145,44.95205662333959,53957.87338068628,0.9015338276300441
903.4538695351571,20.01667467160248,0.04049616030358814,2.457679484838509,3.6015427803838866,0,0.0,mixing,1267.9307531646436,17941.990973680586,batch,anchor,2.1270671086320347,0.4918350702571844,0.12288397424192546,1,0.0,1145.4061888401307,14658.468336545347,0.5110531941541291
1276.046105796662,0.010122117754710128,0.07007640499489036,1.877217114600954,2.5876203111020555,4,0.0,mixing,10.418719831048652,2907.910965268554,batch,propeller,0.41639631314481296,4.925500008764077,0.4297823413182631,2,0.9958353528157979,11.843195787730242,1558.6761576467004,0.9839516366992945
993.3898793720563,0.05665181394906758,0.05666357019421521,1.764804117398977,2.0182854485247947,4,0.017023422087815245,dispersion,20.650530152637028,75198.5174431186,batch,rushton,0.6525355123960518,3.1404221662799583,0.277861867264007,4,0.393913433269539,25.45569984011925,55523.29201835695,0.961463682025044
1075.3579227539715,0.020745813564767002,0.07080685850806118,1.132959323137582,1.568016547515826,4,0.025703099217119746,dispersion,11.36553711785587,7150.286007060815,batch,rushton,0.3611600668382377,4.080269113600487,0.26457972128234086,3,0.4372898531822214,12.707433766150423,5909.95419491096,0.9479424121861986
1101.2660120747098,0.0013035197198529433,0.06093471626762863,0.9142145323861111,0.997719587328574,4,0.28092613704408154,suspension,5.75752154668314,658.1722626502024,batch,propeller,0.36255801721821346,3.777666763641195,0.14553321352097448,2,0.3899854394788141,5.242540462393683,364.77384585823137,1.0
1058.706553326853,0.04793448580198343,0.0645251607537954,2.9428698312425876,4.1602655761699205,4,0.0,mixing,61.28342643608419,96635.4944400021,batch,pitched_blade,1.1103979354799791,2.199363730378038,0.7018180013336958,3,1.1234274710129524,41.182276148306904,66241.50932896996,0.9590382091103122
1090.1406404551146,0.031965886975950826,0.06092859078772056,1.7141640224234092,2.0951261413492315,4,0.0,mixing,18.473746460126414,96.7543113714324,continuous,propeller,0.26316997321272,3.039059793835605,0.32862127305164845,3,0.5315792279201099,15.390929774079178,54.63390024540225,0.9418647763418365
1176.3451071267882,0.042624578480758624,0.043157604090521356,0.9018001398622789,0.9793329954745981,4,0.04444794249279588,dispersion,24.27927985375142,2733.60167721014,continuous,rushton,0.3316788056792524,3.9463330856271885,0.2530214888914127,1,0.0,16.782855286692225,1391.1159596851,0.958073480200436
1085.4707052629965,0.022393005927317234,0.04336660031937692,0.8183545566151345,1.1992399411983239,4,0.0326182692898121,dispersion,27.187803858232815,206.07902616596027,batch,rushton,0.26408677946973824,2.1145113935012847,0.1287572368151585,2,0.49949682408787593,20.91731192472111,118.60905721515688,0.9542429091909955
1236.797595991737,0.018323110010396368,0.062427232073424,2.199979741954672,2.41487549630615,4,0.0,mixing,23.278472143603235,809.5208825815736,batch,propeller,0.40548796625750294,4.389512131393382,0.5097997720646347,1,0.0,16.712309155410875,452.9922333470254,0.9647486083273804
990.2030981742944,0.052068901853744895,0.06727451151055074,2.5172564532730313,2.823730716138615,4,0.0,mixing,41.138082465431374,3610.9630380218587,batch,propeller,0.6021527310099505,4.066820237786389,0.4679225825069432,1,0.0,28.151501733577632,2243.349589196759,0.9132995373959494
1201.3068758192742,0.09808779672287334,0.06916771244969845,1.0041437527193837,1.458050114528016,4,0.0,mixing,10.570562503655738,36.664971556331594,batch,propeller,0.24387928214500118,3.0591265905583347,0.24385000807962573,2,0.6052584613958316,11.821411520672958,27.87756998099514,0.9310215618303612
915.8253357472023,0.025214459872747178,0.053120948369929366,2.126542853750284,2.9736198149950583,4,0.20375833891431994,suspension,31.590809078053102,10281.814060003115,batch,pitched_blade,0.5792397073976606,2.966216934102039,0.49336287410080654,3,0.7803045241074245,23.436178521595828,5889.803127027105,1.0
1008.5952118023051,0.030123551107416758,0.06145343295213618,1.2759068875799509,1.43663465980133,4,0.0,mixing,36.20820754151978,282.7431761206828,batch,pitched_blade,0.44147633891209165,2.0125940757115193,0.32903153894785236,1,0.0,35.11207497475869,156.97634314896652,0.9770973632623807
1107.4166726385206,35.00568878291788,0.04658626474512525,1.1303088677838178,1.25433499391454,0,0.0,mixing,839.6643895193494,1518.5894857788132,continuous,anchor,0.9684620411979159,0.31324695863325436,0.05651544338919089,1,0.0,784.0446113175911,799.059201869205,0.48703706570287136
1163.1792180093798,0.07255472090350253,0.06548642258208832,1.7584017542403934,1.7428074425244535,4,0.01124507410937904,dispersion,30.041242180538223,157889.83670108792,continuous,rushton,0.6698421975347459,3.387214610327128,0.2997660939511611,3,0.4819900180961646,20.19410073497326,79613.33162614859,0.9372483911378852
1232.7741033895354,0.02629058125410328,0.042433075446425744,1.7639017926057572,2.6085251679907224,4,0.0045997950233445445,dispersion,30.203957661892744,70329.10021516815,batch,rushton,0.6436778827859082,2.954483929968266,0.4101961212828939,3,0.7265693913066902,26.879191014464425,47728.66471657273,0.9650249946823065
1069.192913503564,0.031240980658490878,0.06712799103960594,1.6905064288685798,1.7350026826597937,4,0.05309928664813847,suspension,15.970859483756936,12293.268421049954,continuous,pitched_blade,0.5018903580166819,4.281048367882099,0.38970901405081815,2,0.6720103140428554,15.942844994751626,6394.49216295251,1.0
1036.6710203088553,0.07327463133585256,0.050483389962531044,1.8097464014749098,1.9185678110065376,4,0.0,mixing,23.212280299882142,391.7037849390675,continuous,propeller,0.3956571760323858,4.164892574403202,0.34232262834449195,1,0.0,21.83741230436041,302.1067027762714,0.946207837129416
1040.0783130178074,0.005496342172651607,0.05111329860150068,0.5663633922524107,0.6783483026080643,4,0.2044383039554904,suspension,6.217463439774,127.52315104146354,batch,pitched_blade,0.21774614093697275,4.822275235325143,0.15102706938836707,1,0.0,5.293909849274738,74.82561870324515,0.9432276968352757
1076.8204894568341,0.09194638886960897,0.06378708491856058,1.5752595432450918,1.6669217142706947,4,0.0,mixing,18.607898959854168,612.1619589690281,batch,propeller,0.4573358882623255,3.07736268969655,0.2797084884804117,2,0.6267613491645835,15.748596720665457,507.6001218711116,0.9530606545930518
1171.57653816098,49.29202080336473,0.06515765429008512,1.941615146951426,2.174706826301459,0,0.0,mixing,1395.7043957697636,15839.729970896138,continuous,anchor,1.7345613759238263,0.4350811626441227,0.09708075734757131,1,0.0,962.813607152923,13852.455697466696,0.5409927740122804
901.0988504550244,0.04805809233437827,0.06923083376684326,2.47082250444431,2.7167162725709226,4,0.20718950451696433,suspension,26.90375825301045,100480.4938105406,batch,pitched_blade,0.9792116416021879,3.903152231831602,0.6112321717012447,1,0.0,32.52713149043438,60186.34134656473,1.0
1147.3023770977638,0.03684169627455766,0.052819763671755976,0.7285795146464975,0.6939201991503102,4,0.10184792378754258,suspension,9.366080226949201,267.45049396553543,batch,pitched_blade,0.3116671613799872,3.056895261954758,0.11339868670926054,2,0.2817468319683459,8.333760906063102,231.64455709975067,1.0
1133.1586172320847,0.013192026793577262,0.050965673226138604,2.3790124462813984,2.729739978477703,4,0.07841425692191402,suspension,22.96092487847128,25012.57684771873,batch,propeller,0.8109538188546629,4.545941408991138,0.41070353547172445,1,0.0,21.995570724762935,15953.517848475163,1.0
941.446699133153,0.009507050146873728,0.05116736528057829,1.5086346840252327,2.0158530929178107,4,0.045953260933513776,dispersion,40.47602226506697,6014.376350330616,batch,rushton,0.5915094711420201,2.6129006503363454,0.3023793258635416,1,0.0,30.766634346581796,5018.014442393653,0.9712832661299048
927.2836552549535,36.793280331025294,0.05068355325190605,2.1394455977055924,2.5435494873791757,0,0.0,mixing,1066.3081679277318,18790.827140529578,batch,anchor,1.8783589275558532,0.44528745511828716,0.10697227988527963,1,0.0,1223.2116918259237,13805.084755751102,0.4866042330298618
1069.1260068399629,0.009672716981996982,0.06150162265398068,0.9508793425006041,0.9083299915076226,4,0.017245453638808656,dispersion,28.74483902587715,486.117976842212,batch,rushton,0.35880925922768087,2.2112740646604423,0.19494610192431922,1,0.0,30.55379530229507,313.9687491519962,0.9652231397129355
908.1344915412819,7.909420847298213,0.044108062542961055,1.3794027539262603,1.7221467100163923,0,0.0,mixing,828.246876275484,1077.0685788346968,continuous,anchor,1.29358231874086,0.315570791738029,0.06897013769631302,1,0.0,871.6158196886915,558.7355093444947,0.49015152687085256
977.8874720502511,0.09123241211087642,0.04673323548228309,0.6950595138148947,0.9388174569502692,4,0.0,mixing,7.437209531872805,14.224486912971175,batch,propeller,0.16498292953401297,2.943205144760426,0.1741928899413031,3,0.2304653244559034,6.94498250016965,7.354348743330818,0.9674049776794802
1261.7198120102057,0.04840866661711651,0.060053982939820234,2.2482079085836,2.0370081275907403,4,0.15264682407070645,suspension,23.560679945279738,227817.34728260976,batch,pitched_blade,0.8167150329869779,4.689834402594792,0.5326341898564316,2,0.8057232044112882,20.660346767019348,125955.53941497367,1.0
1282.580231848291,0.039793840655945635,0.057749243326845064,2.064256701259043,2.447390581604876,4,0.19013999660540903,suspension,28.579497276087675,27518.146689351346,batch,propeller,0.8536020627864583,4.37985345506279,0.4599416773226805,1,0.0,21.79001283697128,23232.106171610605,1.0
1245.8494143195546,46.78489645354237,0.040360024931165916,1.7097021011021067,1.6699916250525444,0,0.0,mixing,973.1095097823351,41907.39696444428,batch,anchor,1.5559996400959233,0.6280239025185874,0.08548510505510534,1,0.0,693.0836933358593,21111.357626805297,0.5170491195843734
1202.2791501697734,0.09624791829780278,0.04862851318035494,0.6587689000357704,0.6293581860102924,4,0.0,mixing,6.783603078536638,16.960738569511562,batch,propeller,0.17323890605101303,4.128512405520329,0.1337845251433881,2,0.26659760517305015,5.5814313716719015,11.724482374311567,0.9603986692673888
1096.4703062937192,0.07490132513296241,0.05366907446299706,1.1646730237212322,1.211524161380856,4,0.0,mixing,20.491106465825432,49.91690994620562,batch,propeller,0.25865237706396527,3.024693497359357,0.23263375694859315,2,0.48176357576439727,15.409344672733265,31.77995735191127,0.943781985962297
1074.7544450263724,0.012981583782431416,0.06793646970729533,1.0385043901572732,1.3491703668346018,4,0.0,mixing,9.36760840324814,76.50745857502943,batch,propeller,0.2984950621911893,2.572583178638508,0.2687893284435275,3,0.37997121309932774,10.259269741575292,58.69313722635182,0.9458066605741041
1015.1601588620489,0.037619881639365096,0.05362186346818905,2.4779563176428634,3.0261999902365027,4,0.2730677501933343,suspension,44.740857145876724,19861.344127407177,batch,pitched_blade,0.6977143342374653,3.134006923018858,0.5063169542081059,2,1.2635717480005664,32.18439770696397,14171.793987822704,1.0
1274.3217172884133,0.003921175609906131,0.05258155409732727,2.134383450740807,2.808424062978894,4,0.29699159169191525,suspension,20.001010519485753,146171.4748070915,batch,pitched_blade,0.8830817169389426,3.893704690894559,0.557458907078788,2,1.0966475963235764,16.751322381675163,105243.6122397489,1.0
947.823576721301,0.03963523913745837,0.058819165063745564,0.9811933850269443,1.1747318349693956,4,0.017599853925864484,dispersion,16.69069390859932,1385.549605707247,batch,rushton,0.29805053480661625,3.282830499828985,0.28038631622024623,2,0.44953042362394563,16.48755266050768,797.6019062674947,0.9405918642918218
1171.0917259954842,0.017662337485529683,0.043656083679248385,2.063428299659664,2.8691123839568156,4,0.031891811252483825,dispersion,64.5427348546349,24863.259587659963,batch,rushton,0.762185397988685,2.3839391008471305,0.4305419821908536,1,0.0,55.97890090858723,18284.105177261896,0.9755575000821307
924.2122430133476,0.04194690629281462,0.05598985763923572,0.580572633289189,0.7737664491435842,4,0.0,mixing,13.303558491139208,4.008970535665008,batch,pitched_blade,0.1784565420238876,2.317521611847576,0.132166486181816,1,0.0,14.017484397169632,2.6070074701970096,0.9520945545020498
1088.4333792619163,0.04755932393460266,0.04644577287947287,1.9813200549783279,2.713058335201512,4,0.0,mixing,47.115328602922396,11998.465616724325,batch,pitched_blade,0.7267805526961986,2.485747012079238,0.5083370598485026,2,1.1619680566675703,32.10721365994128,8216.675508710247,0.9622532246832848
1123.3063563013127,0.016582020613718662,0.04046681304770939,1.435193372397972,1.8292662829837616,4,0.0,mixing,15.511608115576651,938.5561395934333,continuous,propeller,0.33903519825323886,4.15786408599631,0.3574662161273988,3,0.4660781425971341,11.035320443101114,510.1544671388336,0.9409452481491437
1185.211256426039,0.002784243729833178,0.04519672134334247,1.0027496884385978,0.9394101816952924,4,0.08785182053278397,suspension,10.462048146356198,963.059887734579,continuous,pitched_blade,0.40789404865992,2.510629488510192,0.2895902000038502,2,0.30229534294169014,12.692203247023341,564.5339413731855,1.0
1161.365340910797,0.021357277588212077,0.05580636670626431,2.753773498424421,2.8468648635770077,4,0.0,mixing,57.214664971286666,37274.398618063235,batch,pitched_blade,1.0193519978659904,1.8691665938134439,0.42380777300634953,2,1.1476256433563827,50.531339560318145,18792.603781591977,0.9399956746841873
1056.5728005436438,0.03133326982290104,0.05348602462579517,1.7997830095774487,2.4146112612605206,4,0.0,mixing,35.32030071038266,3611.604465536747,batch,pitched_blade,0.6032059451060549,2.341919756029938,0.4777109733454657,2,0.8936642957012961,29.68117530533824,2495.403413433654,0.9372788845727628
1170.0509789226853,0.0852960337384585,0.06434157182677665,0.9503478378794914,1.3380396992095598,4,0.03696959348746768,dispersion,9.612207587349642,3213.244708553346,batch,rushton,0.3166581072476977,3.4151116057980198,0.18455404225132765,4,0.27511849455118403,11.518969676779307,2545.3830330372334,0.941309937706206
942.6213987329048,0.03352411571993826,0.0695411705912714,1.5221466214255615,1.8500089482061248,4,0.27738447784099796,suspension,20.405213434609188,5839.447003064851,batch,pitched_blade,0.5223720768774965,3.976792345035949,0.45235958604361176,1,0.0,21.091987980609495,2937.2318871049574,0.9466109304337834
946.3536312172387,0.04929930441775509,0.041796471941224454,1.8282875713599966,1.9675633397298238,4,0.040235003292557914,dispersion,41.02380181633973,18509.68516123395,continuous,rushton,0.5515449403989637,4.032863887266466,0.4318155230572282,1,0.0,35.017359277636736,12700.936377539576,0.9003852325174061
1072.427204693648,0.023850368197584508,0.05370402967277243,0.7399037115977631,0.6706470134614885,4,0.0,mixing,19.53146065659273,0.9215661936477406,batch,propeller,0.15522717789815862,2.635693220643595,0.1595316976931316,1,0.0,13.084925156615329,1.0,0.9533558225807756
1006.4076027335402,0.043849777811145976,0.04588116718619368,2.039474157706466,1.8452681041629582,4,0.18318227459558656,suspension,30.488018946149484,20290.19342826591,continuous,pitched_blade,0.6155960952258264,4.402230493669194,0.4825707738796786,1,0.0,23.645132675185604,11248.286417209825,0.9916308934359772
1175.9740789680313,0.05493709674239604,0.04173112553399369,2.2412439917454563,2.8015952812059095,4,0.029938271338010275,dispersion,42.635057907933955,202116.96099849997,continuous,rushton,0.7641409553812932,3.01344597267583,0.4468269004741272,4,0.6221836086241017,31.35265577338364,167047.76521333627,0.9640089291682055
1039.611306845612,0.006156060528643755,0.0403258105370249,0.7589500691956717,0.7298575304347689,4,0.08609883568394615,suspension,5.010503610752024,362.57187824175867,batch,propeller,0.2896851724626643,4.551596816690946,0.18436620359712882,2,0.29352879133991244,4.5105791314569315,193.78083157801188,1.0
1000.3836285020263,0.026530963922585606,0.05445652847376107,0.5749466082109052,0.5538622787203178,4,0.0,mixing,14.98545054429662,15.484161977851194,continuous,pitched_blade,0.2232235237525466,2.4669568671246576,0.16689699828233995,1,0.0,12.188719996895754,10.294936992984738,0.95119902298389
930.6817034083614,0.022339441357715373,0.05123647422167216,2.9797614621364077,3.680443298959353,4,0.0,mixing,33.35064813948765,12897.804040064795,batch,propeller,0.7342465098804107,3.6327787605257975,0.6233002335122321,2,1.4632570032821206,25.73479757080901,9000.499946689948,0.9719923374448368
1049.161987318295,15.475723360286004,0.054278929341490485,1.7208249161681703,2.325431817483519,0,0.0,mixing,592.3527887698812,16420.680232250073,batch,anchor,1.5305529145058547,0.7969585342833398,0.08604124580840852,1,0.0,404.9282971491151,11797.3536001724,0.5107221356347347
1138.546757462166,0.07965705890276878,0.06519811111937565,2.410498454332889,3.2077014065118803,4,0.0005435479221162165,dispersion,60.1501363958581,236275.02902818282,batch,rushton,0.8643493476580684,2.629886856857754,0.628496358372639,4,0.6135009843268544,42.49572260725051,163636.35391212755,0.980945501593284
920.2150739310813,0.07311407602561826,0.044445498586033416,0.9376976467402971,0.8940306001231434,4,0.012104274602516396,dispersion,30.01092785515587,604.6084187344246,batch,rushton,0.3023938449603648,2.480226211565603,0.2726350591386305,2,0.31968430001462017,24.124222256604153,330.62453214378945,0.9532351356323088
1100.8830447456394,0.08265218159377563,0.04657318432522192,1.6672186376898364,1.6335339159456344,4,0.016687812000827397,dispersion,29.313811043251757,73716.10124703679,continuous,rushton,0.6065936093624018,3.696721414900976,0.49469678324663363,2,0.5418113273682256,26.907492193185714,39922.94427608749,0.9575567158092458
1180.8497306339914,0.02261875936148781,0.05481144115648743,2.1342634556690063,2.7778032618843387,4,0.002499023946312451,dispersion,30.086342399874496,176610.3166371296,batch,rushton,0.7822638075150385,3.1820834640794784,0.39762501194039496,2,1.0867191319927738,35.03537937361244,96370.20677027135,0.9548878371721488
1190.3170980494217,19.59146442705034,0.07165932905868586,2.0685947748391564,2.185469468722556,0,0.0,mixing,2388.57812808756,4441.9196682189095,batch,anchor,1.8007175600301728,0.266087517940511,0.10342973874195782,1,0.0,1695.558801325888,2385.641033468262,0.48801215691020766
1077.225793289342,0.03797728184101461,0.04580125467178126,1.9220534224199906,2.472929649087374,4,0.0,mixing,13.952956358086157,1084.7289414022582,batch,propeller,0.3538393034183002,4.664918578136762,0.4735303659197861,3,0.6740405790385945,10.997174966502428,834.552218898995,0.9312599273056381
1196.4183876993188,0.03074459355284584,0.05371835278507092,2.3007821345424784,2.7595592868401435,4,0.19949716028683206,suspension,25.675018542356803,82275.84607239222,batch,pitched_blade,0.8901304874739697,2.9253772703948,0.39627439425165784,2,1.2347773659887786,27.997335675958976,43717.7773810123,1.0
942.100491494398,14.81993921297811,0.06552679852459742,1.985147991777747,1.9892894444214442,0,0.0,mixing,2288.9804941223833,1883.8182100890579,batch,anchor,1.7571747637517376,0.24246478189231896,0.09925739958888735,1,0.0,1845.0398505412654,1387.0953404493514,0.4891776319591009
1203.2731551221168,0.03786294048837606,0.060585344888231266,2.83523061796481,3.3252925583647692,4,0.0938282882445347,suspension,43.23152475338708,142647.37520148698,batch,propeller,1.1261858784398113,3.21480313693012,0.8363841572930732,2,1.1292396783413066,32.65013407912071,74114.30596409808,1.0
940.5114790022327,0.005297885287382962,0.047279051880768315,2.0667867982910573,2.108707749759317,4,0.15888357125617492,suspension,14.461068801350176,85522.05564665487,batch,pitched_blade,0.7995962423333247,4.098718188116785,0.4978989426162269,2,0.8837880226725265,16.686792115837584,54254.24531878012,1.0
1125.6835849382423,0.058591984384685776,0.04681038489338768,2.5434722227614186,2.8901547097460387,4,0.0,mixing,58.503479555313305,26328.39758358429,continuous,pitched_blade,0.9579908072312442,2.4039252450952677,0.74086503716504,1,0.0,57.31468326535124,14925.526512883815,0.9565691748065128
1191.1074204161923,0.09756227437359893,0.04927273042342688,2.7822845090600574,3.8049203166381265,4,0.020386710899816054,dispersion,59.28963694004813,330518.69721744466,batch,rushton,0.9368693574662527,2.6887209988015397,0.8098414857553137,3,1.0327719604058478,48.34541088489835,255136.36459461346,0.964848604105497
1182.7498571836716,0.08383043401606467,0.05676237461271518,1.7788876539743215,2.2271680213573353,4,0.0,mixing,17.06522364222388,1508.4865719003662,batch,propeller,0.48248416571665953,3.5053109162566143,0.49258967213709687,2,0.8637140613849039,16.456577976287182,1150.3532526979193,0.9550872466907382
1110.3682046867573,29.80734483868529,0.05897134720323361,1.4181297267935822,2.0426846024465144,0,0.0,mixing,605.1725477434595,14420.093395582311,batch,anchor,1.2779698007181104,0.7214107532385134,0.07090648633967911,1,0.0,409.2387596464896,8928.450666579056,0.5203078734370629
1185.0152998791223,13.80764264042986,0.04217951095956827,2.8109354150299573,3.1306000182841016,0,0.0,mixing,2168.150167564988,4594.464640926967,batch,anchor,2.434034689659627,0.2322551305689878,0.14054677075149788,1,0.0,2574.7470525953113,3595.3130607838934,0.4803183745735799
948.4105359645704,40.99353680740011,0.053115837513893274,0.9091445685432029,1.3182126032724144,0,0.0,mixing,327.5588931524751,3128.7992614398227,continuous,anchor,0.8556189925489439,0.5086581537306113,0.04545722842716015,1,0.0,371.5371559831644,2023.5592531502366,0.4897735523113737
1052.8122454667518,0.0977086889284198,0.061233908509969424,1.3259108060367821,1.3173766565324947,4,0.0033740764644062783,dispersion,23.501533457752743,11845.601745368822,batch,rushton,0.5246559472337479,3.144945868856316,0.3206390552570782,1,0.0,29.242869091954994,6032.271437943315,0.9348363143162919
1070.9086218392436,0.05744464496957646,0.04450503889245992,1.2785740379828407,1.292774970507527,4,0.0,mixing,45.62659065838847,235.9540906280165,continuous,pitched_blade,0.42611407957069125,2.0468388259975825,0.3523085793267679,1,0.0,32.57746989052674,145.6183149462862,0.954756772248408
1285.4483638029646,0.006804067752619972,0.04959240666074198,2.4122144834910895,2.4292742526230704,4,0.0,mixing,36.83405566489347,994.6203080340775,batch,propeller,0.5769979393814756,2.671540981649952,0.5387942411190962,1,0.0,34.0084943893969,739.4159143240844,0.969261695162279
1132.049653055756,0.07191238704075796,0.04552891921299306,0.6054836655949212,0.5666876408695486,4,0.0,mixing,4.815950529484433,4.050974717202528,batch,propeller,0.130639541239247,4.234020880302037,0.17922732026318258,2,0.18798197282534634,5.610792788759483,2.6494754108702048,0.9768041619396054
987.6643657735947,0.05170136992772875,0.07069885198767228,0.8144611906940651,1.0344919740108816,4,0.03753594174550943,dispersion,27.318984998393816,514.3675932385194,batch,rushton,0.314803893437617,1.9683955894408196,0.15231584350327185,3,0.29278771771125006,19.75679579298312,311.24882107168804,0.923609132378557
922.302096177766,0.0418536116997135,0.04092065980165712,0.7210852357653381,0.6563114477235655,4,0.05325592663984856,suspension,11.839520573171411,5.366627222472236,batch,propeller,0.18671716030973423,3.4316995362102642,0.14511779216391266,1,0.0,9.079179243462244,3.840675741593898,0.9865958191690951
1042.6673416668398,0.004854326618958146,0.060589215932129736,1.2488979424944928,1.4703828774010184,4,0.035649101442114965,dispersion,41.56575845424153,3559.5378347319283,batch,rushton,0.4968882783337646,2.40171141704032,0.2266401062398597,1,0.0,31.96211681791344,2035.79381863743,0.9779008353103895
1115.8208643270862,0.04756482328577113,0.04520065979885947,0.8887803657758909,1.19197827741185,4,0.1766314788701348,suspension,9.240421969455626,120.94197957825078,batch,pitched_blade,0.2555540296012842,3.1689786896488408,0.17232421990554847,2,0.4630058882898749,10.811833881282814,91.56841986818866,1.0
1228.8875330952783,8.751146919109214,0.04699528635510747,0.5025539437940345,0.6351788912002005,0,0.0,mixing,158.6998805446794,122.56436718257038,batch,anchor,0.4435360116141546,0.613436901676323,0.025127697189701727,1,0.0,159.88290887434528,77.7398994454878,0.46413072071824646
1211.7025475642736,0.023452260176748844,0.04011785163036358,1.9813181839919753,2.873656738733834,4,0.0,mixing,22.574633844864287,777.6940351212686,batch,propeller,0.4757742906812858,2.508416782561738,0.4195229484077266,2,1.2109811030840347,23.042996286626426,452.8543212450631,0.9232297090257499
1059.546750096028,0.03167111262010359,0.06227086442001187,2.7898935560114584,2.9326182498508686,4,0.15910498775878246,suspension,33.70793540482519,163169.53241529127,continuous,pitched_blade,1.0492166151992477,2.9756665956959263,0.5606327046289044,2,1.1672776821730357,32.51644533749104,91923.56468768511,1.0
1138.46201175191,0.04832711431179424,0.05213502584992343,0.6379411913823883,0.582511586267906,4,0.021611377336849265,dispersion,22.235468695645906,174.60361268626698,batch,rushton,0.23076909117240427,3.0638039301159288,0.18111957065536058,1,0.0,16.02358872168984,96.21287015868594,0.9212846370302167
1243.0845515813457,0.0674146425533706,0.053449260262437445,1.9117315288866215,1.8823435161813897,4,0.007976816547819439,dispersion,67.3966430229441,33547.81521552669,batch,rushton,0.6997493696363006,2.7645363114552013,0.390206365349888,1,0.0,52.083422198181616,20813.08958956224,0.9386213621410984
1246.8750250545804,0.04908154555344175,0.0482553175209984,2.864989948860508,3.956511696070159,4,0.0010383670648532184,dispersion,33.94664457186273,1666762.6021142248,batch,rushton,1.0042049157886959,4.148662146270302,0.7494687140930203,2,1.6899534049144238,36.649546995049114,890133.2269774483,0.9384061336901572
910.1491980277737,0.04151765756499167,0.05572571292634883,1.438183587797462,1.3594650704555953,4,0.026728012200620696,dispersion,20.421130191452132,15279.133672939239,batch,rushton,0.43777737732926825,4.053709851882295,0.3545258319844614,2,0.5442166844036298,20.058913644985058,8059.014694922755,0.9585685675949539
1231.216157929698,0.06431349831819691,0.042793756416075385,2.2503112022492058,2.4354240069524296,4,0.0,mixing,14.888246729322274,2657.5206179373704,batch,propeller,0.4888664154546202,4.387580761888943,0.6127609437712649,2,0.8401618607934562,16.546143683500198,2243.3618776885296,0.9526259177715434
1277.2776659058522,0.05110304305026132,0.04286474588131337,1.4958038940732161,1.407293873452539,4,0.018623329794791,dispersion,27.838920803173135,10360.542533871321,continuous,rushton,0.4918683191808295,2.484692657794284,0.36838471303038806,3,0.35574399828850023,30.810616078827827,7982.583654771931,0.9525778122291064
1207.0664643597759,0.033771611810620154,0.05953043276174389,2.1170753576946035,2.1838524558944856,4,0.20013726334655968,suspension,23.465291346680534,18165.71168110928,batch,propeller,0.849640992265656,3.0856093200992034,0.5681861815839789,2,0.8742628890564147,24.458386352614802,16119.780519293967,1.0
1211.9587650207484,16.99346399303535,0.0567238900094271,1.6581070684267,2.2843404213844947,0,0.0,mixing,620.978145524296,5816.797032142123,batch,anchor,1.4891378252035887,0.5367886739281111,0.08290535342133501,1,0.0,595.2043068646651,4833.788556890059,0.5038153613267117
1174.4268340475624,0.029370439232568688,0.06737926767338819,2.913933857426946,3.4208414380097176,4,0.01573316401195265,dispersion,43.118705909004426,1341615.4855478953,batch,rushton,1.117351934855757,3.2925462566831407,0.8555767938458988,2,1.2375972518479863,43.87659699971187,674214.6180337853,0.9402990448729639
912.5509952862363,23.64307593954353,0.061847122488257356,1.9002313979842884,2.5066034462388758,0,0.0,mixing,513.1446015221375,44645.95754088453,batch,anchor,1.7603760281052783,0.810551794138843,0.09501156989921443,1,0.0,573.1251261456241,29495.535666622767,0.4886183496539902
1090.0788034189245,0.09548019928255952,0.06052411773407304,1.3936561522695698,1.3163908600559295,4,0.008634456525694435,dispersion,35.54621570751712,9072.73697985979,batch,rushton,0.4459676266070686,4.138103140982775,0.2537174347626962,1,0.0,27.49651914318005,6191.835150642992,0.9594097890426647
991.60112215143,0.031083566261420698,0.06294174257257278,0.7104003812218938,0.9517695416723102,4,0.23345507321933068,suspension,9.34221313719385,75.09912574316431,batch,propeller,0.2752420961816047,2.993101317362768,0.18524151584712317,2,0.3945862759449011,7.05622434207545,47.820655250561764,1.0
986.2881311977751,15.233417828348294,0.04403505088516353,2.136416341465968,2.2540433577669345,0,0.0,mixing,1687.9052784789342,8579.428522167482,batch,anchor,2.0046932242116267,0.3331754127435213,0.10682081707329841,1,0.0,1149.5539926331337,4400.24900154584,0.4840268762915506
960.3423653644661,0.032827996303169016,0.05500914089613439,2.0817040760691627,2.10451218144353,4,0.04647415711929136,dispersion,36.830600256807934,132559.20524392795,batch,rushton,0.8310868466542494,3.478561463147742,0.5619201141092242,1,0.0,40.16071072277637,72714.09084080267,0.9605733689373886
1287.1657234979211,39.772137876026726,0.07182583073489324,2.497276576431323,3.6632753464972367,0,0.0,mixing,1174.0811020054955,38739.49701338894,batch,anchor,2.3216738092899614,0.4673008786161526,0.12486382882156616,1,0.0,1139.4112658550607,33597.77162168746,0.5013540029343595
1003.536122843369,14.562082633133283,0.05953193957241757,1.690658055109732,1.7715413390476848,0,0.0,mixing,705.5953105982294,15917.703591994186,batch,anchor,1.5521110216941432,0.7361019529925297,0.08453290275548661,1,0.0,511.4912605609902,9966.306363337986,0.5292817026518338
978.6803077408482,0.09558852417752947,0.05430719094663622,0.9383841271558897,1.1479050288699337,4,0.0,mixing,21.953270806111277,32.498797208629526,batch,pitched_blade,0.2828081357446185,1.7097337179048524,0.1724489488061604,2,0.4875916149852618,23.101761088557133,21.568194031374247,0.9421738878024697
1150.8428043637714,0.030485825884706507,0.04668072665718339,2.565669382077566,3.8234433166032296,4,0.15925185147254156,suspension,33.103246975266956,144082.61254676525,batch,pitched_blade,0.892907650830907,3.1450574752271576,0.3981136329210878,3,1.1519555151115795,22.943308369948543,79502.31237664734,1.0
1108.1690746096626,0.013763727533953225,0.061453641010288655,2.8329358317055253,3.8460532955024025,4,0.0,mixing,52.39508753639378,25312.23012952174,batch,pitched_blade,0.93465447571068,2.063977736821065,0.5412820333914625,2,1.535160997648321,44.621564457425386,14600.97796248096,0.9478726777666212
980.6245660438515,0.0629539363655092,0.058343363483434565,0.861213262060377,1.2534015324980745,4,0.012904871404597663,dispersion,20.335361617693113,388.5177235629125,continuous,rushton,0.2666270756456284,2.540324834136298,0.2444102976614411,2,0.504693313028095,19.53355536612067,211.35271592411365,0.9426877233491476
1279.364866285654,0.02465804595256137,0.06053919286498473,1.646229509478971,1.6345778605721795,4,0.17868038285293564,suspension,28.819814915152442,893.1361259859518,batch,pitched_blade,0.4413126759371387,2.7214004051761145,0.4114238311241881,1,0.0,25.97616941480973,570.2507211507742,0.9623433048627703
1200.0957471543347,0.08562657397757904,0.048436556131070674,1.783033750909033,2.540260724044359,4,0.013310818226929333,dispersion,25.360445092460452,99432.93315112373,batch,rushton,0.6665209399999054,3.2129533808806117,0.29657732027785794,3,0.777708733130535,25.537066670105496,68267.9693673797,0.9417121169868945
1099.1116370351124,0.05037005098775615,0.05115000560007567,1.4912076926507285,1.8299318819959822,4,0.03503436787724371,dispersion,34.16129742748518,9156.950225824028,batch,rushton,0.503904914616261,2.6590019020706195,0.2737754401801357,2,0.8186581211005999,32.871339294109895,6314.80241959305,0.9351082156149365
1097.0801820915879,28.674406716376513,0.06882302523715446,2.1672009604452165,2.232759356821459,0,0.0,mixing,831.2069011115082,55274.823574760674,batch,anchor,1.898782794534641,0.7610383847083013,0.10836004802226083,1,0.0,653.1135256188034,37253.15100476913,0.5453321905782835
1257.9506612732969,0.014709985007999572,0.04605880944726731,1.076898995485202,1.0947053338491282,4,0.031499603728146884,dispersion,27.952683859475265,1102.7420627671581,batch,rushton,0.34498366007041975,2.359553449844684,0.31731743366418375,2,0.414197713912001,20.78495241791963,713.9514885686622,0.9299516361585677
1233.2861732715407,0.038027439812992836,0.06494156995835064,2.909110385988968,2.898163012189489,4,0.0,mixing,33.46909308995408,14727.572168289505,batch,propeller,0.7693742206617908,4.001418007589124,0.5059699235565154,1,0.0,28.764128664119955,8953.823817176288,0.940468991099174
932.990850620573,0.00781779238892909,0.04112505198360276,1.8134042855923997,1.6367270928876179,4,0.13432867604547932,suspension,35.79861824597387,21985.637864070344,batch,pitched_blade,0.8003940088957155,3.124447310043943,0.47690139168345036,1,0.0,28.799891464854063,12536.424581525931,0.9836789179757978
1144.6297349306556,0.08873050625094994,0.05863240373513018,1.7759211011084448,2.450523247245314,4,0.0,mixing,57.71071925628249,3804.5428844118724,batch,pitched_blade,0.6509993979444713,1.8424585630279695,0.41736884783402184,2,0.9283268449654046,41.64634674727341,1934.1116091078723,0.9344463071813547
1091.607163483851,0.08692182767325245,0.0638728704241447,1.732363299286352,2.3631261695036687,4,0.041480806254094275,dispersion,31.79201542505304,25757.373990585063,batch,rushton,0.602271076907491,2.7815342750735166,0.27402842785555137,2,0.9821188042989629,38.038335651323095,16802.22240183871,0.9345969882485555
923.9471786597347,0.026686956400077257,0.0568734889947143,1.8894160396234128,1.8685921652522288,4,0.0,mixing,25.219471532377888,68.78660432476734,batch,propeller,0.29113800625437003,2.7816821197149495,0.4105268402002637,2,0.7470923238508749,19.24691103468002,36.51746724932265,0.9834264920183894
1093.4133286904107,0.024560897697814256,0.06124798522677005,2.9336100848407054,3.459925886300136,4,0.006366312999270846,dispersion,58.46599673836623,158412.4185801889,batch,rushton,0.9481487307546479,2.2061429556412517,0.5050630443445717,3,0.9225165780299897,61.425100946020144,125351.4694278463,0.9322833806266023
1072.2530982926203,0.08170579555790103,0.06500121138794328,1.9445475694248637,2.702499282914136,4,0.031154213473814214,dispersion,55.148888479733486,19147.56863503386,batch,rushton,0.5862869143742065,3.0655950231285685,0.35630628507529205,1,0.0,45.98454385796642,10295.310957578733,0.9430092110559505
1076.0945812189905,0.042500303189023834,0.06908940642049435,2.712660070051155,2.7548106048673486,4,0.0947048758967629,suspension,23.22664060548086,68667.58213136032,batch,pitched_blade,0.7845034129548635,3.466156186333216,0.7182337969187012,2,1.0293009427337148,28.727256628449634,37643.896898095314,1.0
1042.199866215619,0.025099771891965442,0.05019293206003537,0.7704461519128218,0.6948715809613223,4,0.0,mixing,21.839931456897354,15.345240088570339,batch,pitched_blade,0.2663367436049294,1.8151154093962991,0.14774512259024944,1,0.0,22.102455189452638,10.249522740072923,0.9216582216402264
932.9987844408446,28.090763132818395,0.05204929457836159,2.6043847996340963,2.918878972014221,0,0.0,mixing,1105.6620547913558,60688.930829705336,continuous,anchor,2.4453925665448963,0.5307169029733897,0.13021923998170482,1,0.0,1075.4336958206193,38623.64078656538,0.5130038177800043
988.20069636527,40.614752536800175,0.07074327019004188,2.158550548069688,2.4732279568389433,0,0.0,mixing,801.302726049159,72702.40795785055,batch,anchor,1.925525298594048,0.8004469616015399,0.1079275274034844,1,0.0,672.8639519660255,53754.64628131374,0.4561322762471808
1262.9814621336152,0.017971164276117398,0.0494316549675076,1.9954762221488815,1.8098323939520926,4,0.23870504808358856,suspension,34.760495535374915,3348.986962729821,batch,pitched_blade,0.5329885275496506,2.9468217912786483,0.5888249881215692,1,0.0,26.178467454304947,1766.7764094041218,0.948257663816411
923.1621022739116,0.045253467168114306,0.06343594716767023,0.8769735041731639,0.8987186203272162,4,0.2379297936540649,suspension,19.138707806877214,31.562506948017493,batch,pitched_blade,0.2422326963750708,2.6525412161625903,0.20548960751865147,1,0.0,15.345163625722222,17.717158882559417,0.9447158105127411
1192.3363455648166,25.954868863893218,0.056951443900273103,2.5045409417962032,3.512700959760469,0,0.0,mixing,1153.2745118045564,29492.304339772898,continuous,anchor,2.2211316580068177,0.4436527287480032,0.12522704708981017,1,0.0,1330.560958433044,18682.3175083374,0.4853484530091523
1284.2529053628107,39.30387133445225,0.06433041044363311,2.5850848526925243,2.721300520712776,0,0.0,mixing,2299.51938546458,12748.123943976523,batch,anchor,2.282714095209888,0.2456211963095957,0.12925424263462623,1,0.0,2421.7302259206995,8273.11857225683,0.4880493990045515
1287.775328905744,0.025425666964046984,0.04642090545904611,0.7430330410668005,1.0190916294961903,4,0.042693956438140356,dispersion,17.27120057840077,537.3935868280737,batch,rushton,0.23281756851654373,2.961725768847627,0.19703871781356952,3,0.25289250351852066,12.244236291228798,300.0219583005957,0.9784851011526415
1290.13314801324,0.01288765104360631,0.060394215961298015,2.489968106857991,3.719190596923249,4,0.11196146747963208,suspension,43.07087528458513,270168.9764747843,batch,pitched_blade,1.1055880178180115,3.170722881642915,0.7126861205651907,2,1.6420969645171628,30.595024715416287,186629.25589285677,1.0
929.7873470499013,0.006474096378314543,0.047756742255575524,1.1923518424296768,1.4944652363437265,4,0.0,mixing,17.295362888182456,10.96068353699422,batch,propeller,0.23532425507543966,3.0603400214442074,0.29977488598693014,1,0.0,13.183520700059606,9.594500109500261,0.9307997472287087
1155.6177353124917,0.016724646503401316,0.0666431493494961,1.7907274415021521,2.600579393471185,4,0.04906084054820811,dispersion,51.90428305898447,18301.761068150106,batch,rushton,0.6320091404659806,2.3372249754744514,0.32801640589129344,2,1.0827002562963333,42.127352276221295,14289.347810707275,0.9237099999215614
995.6881291517566,0.0033100582942743343,0.06996361162369683,2.163106320773654,2.149299026685734,4,0.21270955254792556,suspension,24.205756568198012,34514.4039156824,batch,pitched_blade,0.7084768389735839,3.4544224364397533,0.6334920400018943,2,0.7078991327430554,19.453951863202665,19679.854656120016,1.0
1205.6691486735174,0.011188942743009477,0.045171783158130134,1.3332515089552763,1.200640779853453,4,0.1990204893362732,suspension,17.831893690412855,4565.5929849951635,batch,pitched_blade,0.44213259454628123,3.809038361230033,0.3526063238692715,2,0.4637695955875615,12.063842535584838,2886.1476153760896,1.0
1095.1561295873898,0.008396348092625554,0.07189520226735946,2.8546297363081274,3.359099789856078,4,0.01677360876714848,dispersion,45.82263533603674,591908.4399261457,batch,rushton,0.9453947118101408,3.2776291423383896,0.4679341122436863,3,0.9173451583266005,34.92591814419705,361130.942007261,0.9769590697169156
1068.255774023387,0.09526244001876083,0.04577548885447085,0.9344340765801175,1.3224171046005375,4,0.0,mixing,16.20070064379669,446.60325879156034,continuous,pitched_blade,0.35609580476063524,2.481181254080091,0.22276369630191392,3,0.3494694032032367,13.429237305541475,334.6442383935144,0.8824448236934218
1253.1700311766967,0.015491248405601721,0.06430253563584826,0.6572608034285355,0.9666605618931575,4,0.0,mixing,8.222935111953303,21.51924850671141,batch,propeller,0.1945914221262678,3.551572596645414,0.1626763881986271,2,0.4016742513422904,5.970556992388099,13.766368315644046,0.9603684511478808
1145.6769383254364,0.09353140214869726,0.04700607145456964,2.8002419536761947,3.875957177659936,4,0.022386136007661806,dispersion,55.80489268365241,217666.60962329016,batch,rushton,1.0417129250135144,2.951931855634894,0.5524368358934607,1,0.0,61.44995044281705,158234.1183451121,0.9516611352279927
945.0114153239042,0.05958876203731949,0.046722842280844765,2.832994719586075,2.9560089954785735,4,0.0,mixing,58.737813433816605,11709.84154461015,batch,pitched_blade,0.9035492461766926,2.2492220683488706,0.7841932297329544,1,0.0,64.86099199927976,7410.6349447278,0.9233441184473177
1227.6098934877496,0.07585153641934336,0.06268326836228474,1.4477645319269818,1.738579539194375,4,0.014938440793442732,dispersion,29.323171289708736,32293.635597493685,batch,rushton,0.5191916332960081,3.4729264463251925,0.37145089743208226,3,0.42387826250287525,22.191567422608042,25328.61518200728,0.957393137288925
1093.940034161378,0.08793669672820881,0.06884835119719392,2.9021234114100984,3.119969336105432,4,0.02514752826549982,dispersion,65.63572931143865,405942.0015996612,batch,rushton,0.9385153511572681,3.424717726391896,0.5446299970866556,2,1.254481647150843,47.40998105942512,260023.15323156345,0.9395467738751206
1084.9184660712963,0.07808043049934853,0.05996085917540838,1.3899492300337282,2.0176965297614387,4,0.0,mixing,32.6807039790441,863.8842304906238,continuous,pitched_blade,0.4284147999852029,2.4943690500516555,0.40099716187176054,2,0.8294766818053422,23.58177574803326,586.3151583146042,0.9636677083746893
1067.020371073058,41.56857083370502,0.04778410976208532,2.050158844472823,2.37545895061214,0,0.0,mixing,659.5362778089619,77263.04345415805,batch,anchor,1.8784327532520348,0.7406746592613852,0.10250794222364115,1,0.0,637.94331400971,43269.74154046047,0.5382893437422708
1282.1014257621948,0.021073648431874422,0.04716705465563321,2.230360205281179,2.652611972976321,4,0.08283350956283562,suspension,21.023662975776755,299842.2914716979,batch,pitched_blade,0.9049433787858575,4.440447772508536,0.6297380161585526,2,1.0988112317343652,17.672185260786552,173286.9823573013,1.0
1219.2425534614713,0.012406410369683287,0.0680307572133173,1.4339797056387156,1.6269224919301148,4,0.0008592962696133577,dispersion,41.386686148321374,8020.263362308888,batch,rushton,0.5410879180999039,1.9360104300135224,0.3304591412468891,3,0.4492526746609183,33.22728354650162,5346.84058995301,0.9114866275036697
1189.3094422846334,0.0372651925324714,0.04630007809832557,1.5781832834872818,1.6262440517824888,4,0.1130992037139276,suspension,22.969637202409007,5158.414743116276,batch,pitched_blade,0.5205049390002253,3.8877034881110633,0.2544827644153812,1,0.0,19.571228255087636,3386.329383128993,1.0
1167.036488286553,0.043924537465336665,0.06176873482013279,1.976852476757373,2.9167552935477676,4,0.015829817285638093,dispersion,50.68396651066845,96148.78472487633,batch,rushton,0.6788432691907872,3.413554251098582,0.5730702568242773,2,1.1166995203267551,38.46661173367206,54640.974754994175,0.9895873483317664
1248.1752443523314,0.011921488807673752,0.05039466253467248,0.8219549263688493,0.9837610817374199,4,0.0,mixing,12.385707556061888,26.3365936984609,batch,propeller,0.20510158805827403,4.029663813937687,0.1598803542995613,1,0.0,8.610381648969948,14.046406425428863,0.9452593423625221
1008.7974452685405,0.08007835466532236,0.06107482284960027,0.5706837576450925,0.6561763103635277,4,0.02417779348014165,dispersion,12.6493295687805,313.06234718714336,batch,rushton,0.2125785725044701,3.500117952037279,0.16998178751150145,2,0.22447824135154812,9.433228097951915,165.49604781455005,0.949049119883814
1140.1528414909692,26.6681900891789,0.05311589548310041,0.8505433030768959,0.9677732659170847,0,0.0,mixing,1115.0652387804396,265.46648706170754,batch,anchor,0.7631613795851483,0.22496028965132497,0.0425271651538448,1,0.0,795.6179768923463,166.60195493377853,0.5059492197011303
1040.6433449669785,0.015567475294160516,0.06540872716615515,1.105578560665849,1.4545066263254747,4,0.0,mixing,34.26266437724538,177.6374591575899,batch,pitched_blade,0.3781990306182761,1.7221582097202948,0.20385010132379813,2,0.6393481630375591,24.7252132899537,89.09276532675011,0.9299039707177023
1245.409916705102,0.07665870775943034,0.04579869004941765,1.90812770135136,2.7096437955733816,4,0.0339949436965906,dispersion,30.861170252190885,235995.41289268917,continuous,rushton,0.7078499548104423,3.5293169529040447,0.48640428476558173,4,0.5286223169007723,22.20393072693532,173190.5575928645,0.9331088805866777
1295.2563646913982,0.04669315962345735,0.04635853804901625,2.407293879689876,3.4837384772212223,4,0.03201539581867398,dispersion,58.4725397919642,176092.30842657023,batch,rushton,0.936743053208348,2.4479409787638207,0.6204697264294688,2,1.3263560616263617,63.24320859587842,118987.89104513338,0.9568205089237862
1195.201763431841,0.03263792587389719,0.043888995199131545,1.5162445236268935,2.2691174269416243,4,0.12351342238963074,suspension,19.297678565448255,3535.0671437228752,batch,pitched_blade,0.4107144135871401,3.522860317535678,0.2643287891860741,3,0.6121224923284434,13.861869495786484,2251.1528701291363,1.0
985.6728988220219,0.07621398560828525,0.05427510426791634,0.5003800735126364,0.490407223492548,4,0.0027209430251840974,dispersion,13.913056456591137,15.3788459532078,batch,rushton,0.1523842126080864,2.502611841629554,0.1335795990561569,2,0.16165459029315662,12.220945905967493,12.950430490660944,0.9596121948387943
1245.643010056677,0.025130374608880686,0.05496133799873605,0.5459077815317521,0.5226007431757315,4,0.16253057274884247,suspension,7.99972079420254,3.146120076610943,batch,propeller,0.1410640593782554,3.3724226432392954,0.11667394495960393,2,0.22255601660289182,5.6734873251243085,2.1363331566172508,1.0
937.7373304375592,45.845539848019364,0.06682349835892987,2.189436679871769,2.5546386074758267,0,0.0,mixing,974.8838590860219,53075.55706051878,batch,anchor,1.9954856062451902,0.5345778715853001,0.10947183399358845,1,0.0,927.3293907165522,28887.09520506223,0.52839620780421
1295.772349879503,0.022436064217913308,0.041335432197502825,2.5579164093061,2.429285274274888,4,0.24339004805851744,suspension,33.23944883260594,137943.5546908295,batch,pitched_blade,1.0991124147432219,3.0676476780758217,0.5351856698147069,1,0.0,37.5157170171622,75297.34259383354,1.0
1042.1068480346723,0.009779429146607798,0.060987465218109396,1.2477784069907292,1.125938835622879,4,0.18425240539665716,suspension,9.712535347609059,607.5448757674712,batch,propeller,0.34468028986616217,4.849260540836592,0.1874801374220293,2,0.5109835341357508,7.012622027296958,530.5409226734216,1.0
1186.5583708381575,0.003172422911665577,0.04514252826396338,0.8885953339180886,1.133352407841857,4,0.0,mixing,10.342960604283864,388.5782982061793,continuous,pitched_blade,0.35278318766261096,2.350216984170635,0.24977942053502822,3,0.29619450373113726,9.502347569904545,290.01787128391624,0.9609975248019271
1289.9305632538035,0.06127001954394814,0.07041317815937558,2.280318227909504,2.1031139238552132,4,0.0,mixing,50.79562822263332,1437.6644116352936,batch,propeller,0.6446288448877596,2.528805386636192,0.46307813056899066,1,0.0,36.86591276641902,1129.6745020244969,0.9824011170701327
1201.7265540698581,0.030889389667783134,0.04086740666551768,1.8307878619444709,1.654322348686348,4,0.0,mixing,53.35685624181377,3782.2755967748826,batch,pitched_blade,0.7083847616630178,2.2600398792284166,0.3172682797264477,1,0.0,40.98120844480183,2719.858889400035,0.9442958661802224
1002.5107312314467,0.0463599476250324,0.054406776331729696,2.9994444744905935,3.3031468406095774,4,0.0,mixing,34.50281909056462,6800.197689598283,batch,propeller,0.6857713667224971,3.3045643455677522,0.5445333259758224,2,1.4774204555967276,29.609562359679067,4666.025607474184,0.9211521364239116
1102.4735213366055,0.08609993775928294,0.05927785942063013,1.540748063629911,1.6157062801392315,4,0.024887590459913397,dispersion,40.865493653648834,6257.842071665192,batch,rushton,0.4824644402427122,2.574245080995853,0.40774149352441796,2,0.5698487859857664,36.200181682115456,4955.389473216975,0.9796358849430289
1064.7951728909889,0.031486722254822255,0.053308554543020956,0.96018649095828,1.0200544080713974,4,0.018562376696099375,dispersion,19.493627934885428,2995.6384905924465,batch,rushton,0.34012426026036136,3.091823328988414,0.26393701110782947,3,0.2271931866955209,15.319284542357705,1885.209621038867,0.97681198291254
940.1758693642457,0.015589500592234358,0.04536464823525202,2.0569470414874838,2.3530214885283955,4,0.0,mixing,27.40139914660936,356.7158486723914,batch,propeller,0.3339321133946289,4.875891001253137,0.38686240420043705,1,0.0,18.432573386484588,216.78983198878237,0.9262545680542489
1137.7700658633842,0.024140656798666532,0.04841866445206048,1.4951989697122032,2.021775592569793,4,0.16939466948590648,suspension,24.277768556819275,1209.7790667495358,batch,pitched_blade,0.42141129562972013,3.43049066693257,0.4457327649046335,1,0.0,22.367549103608276,789.4262003804819,1.0
1139.0655547998902,0.08065972275231387,0.06019025042802052,2.727679100697814,3.9947757437981144,4,0.0,mixing,37.60773426603316,24453.76042620928,batch,propeller,0.7431292680131527,4.18857693818092,0.7867217776708578,2,1.719554465033094,25.281397278416115,18119.61980257574,0.9355564780741555
930.4726745694009,0.09690021993177643,0.05905009503840748,2.356862611285136,2.86344771117613,4,0.014847643542137901,dispersion,49.888937928215675,82507.77147204071,batch,rushton,0.7747741168996156,2.8447438486947516,0.6227741391566888,3,0.7529850750592748,46.43982112810283,70613.25422936001,0.9329529702491653
1274.8266845446537,3.8932021945522988,0.06420561063651306,1.3197336267882998,1.5768961165695816,4,0.0,mixing,307.41731884833774,1837.4739323697004,continuous,anchor,1.2339621815109691,0.6842849920294933,0.06598668133941499,1,0.0,356.2547408645187,1387.0009938742785,0.4989386525683851
1298.458597810572,13.980995157791401,0.06419144812668562,0.518925856725095,0.6311822254747153,0,0.0,mixing,237.0216902766307,157.72333583667466,batch,anchor,0.4777156595296206,0.4797886971895881,0.02594629283625475,1,0.0,228.6148729580915,102.08846070150626,0.5033637272938165
1069.788463007433,0.03917587037257482,0.04652161592358206,0.9926961171081751,1.2107394654206187,4,0.20207094530031788,suspension,6.818903121967662,1091.1823998047332,continuous,pitched_blade,0.33720563345251586,3.255955113130304,0.2512413737525648,3,0.28893285619254044,7.460885001968139,615.3072130353046,1.0
1141.2509515827173,31.46935105045203,0.04338278303341808,2.9688069498340752,4.404864892662016,0,0.0,mixing,1295.3013876996483,208694.04317161528,batch,anchor,2.6457349024951995,0.7137469701529044,0.14844034749170376,1,0.0,872.130301731978,111140.30232386605,0.48547702208195653
1278.3794529628092,25.421088851773142,0.04227603601469258,1.7173672511065754,1.9385552548755558,0,0.0,mixing,1590.5597314343254,4509.751216520547,batch,anchor,1.4791044550649695,0.3342542112235293,0.08586836255532877,1,0.0,1259.0736014147074,2901.0844204020827,0.5037252910151073
997.0378814223338,0.045766979020042044,0.07042858468213839,2.9420355395054925,4.205682430250711,4,0.15482282355394122,suspension,33.436047466524684,90968.39176203277,batch,pitched_blade,0.7602891600234721,4.268211447950407,0.551052194325826,3,1.2179022732227198,24.40306829096304,78032.33244363793,1.0
1282.596053073474,0.09455921006822424,0.07159843967406415,0.6044393055332005,0.6445622085628925,4,0.027066071763899538,dispersion,18.499237935992756,31.52643696495901,batch,rushton,0.21007261127094495,2.004686311737307,0.1200437364467732,1,0.0,22.190296260969422,19.87746314967309,0.945830980269052
1072.5992275772837,0.03647013257833023,0.05029751745710971,1.88774769956953,1.8712118778259326,4,0.17331323702851398,suspension,25.6477147562128,6083.393254833446,batch,pitched_blade,0.489464307444315,4.387196998937615,0.31728765748346416,1,0.0,20.602809507785416,3145.897403832435,1.0
1065.4082915442157,0.0057289648738990265,0.05322506725745481,2.673313623062047,3.7691401135920004,4,0.010981819384698527,dispersion,115.94927022142906,15878.353084579443,continuous,rushton,0.8300900810769579,1.9574997739760673,0.6571545164573873,1,0.0,81.62719457371179,13924.400121631652,0.959179972955979
1114.3360600135597,0.028577893304594554,0.049104918960722624,2.8330247905660673,3.4737956403316037,4,0.1276466694031279,suspension,26.815974975403005,79124.59909957908,batch,propeller,1.053868340325662,3.221018117041529,0.7988668118102125,2,1.3061337620940063,28.99662234476375,43653.687597735065,1.0
925.5780662386477,0.06608814507093708,0.04954583342458223,1.4002843176277926,1.4880701220634884,4,0.0,mixing,15.293593476994937,344.6766767110472,batch,propeller,0.41011977668574673,2.804631830224556,0.4016860118827858,2,0.5476571437105012,16.27313000925253,214.86254864306204,0.9430610209461903
1082.2047192832845,0.005029917057375437,0.06466170786450454,1.5337300181581368,1.5144519310538993,4,0.0,mixing,19.503531177976118,50.21818293734506,batch,propeller,0.3479821406603112,2.5737045471129454,0.2359732193166366,1,0.0,19.994496865945568,44.61646449189752,0.9349668268145483
1117.5358250042104,0.08112193341870032,0.06726311100004279,2.0258422300573917,2.360277908295021,4,0.020444078923398046,dispersion,54.830628496882184,46009.37378567269,batch,rushton,0.7341671891770154,2.2575975896856275,0.3804177971063659,2,0.9240931761113819,54.20920269271794,23554.48624373644,0.9704959873170513
965.6325875927287,8.698466950670383,0.04761312482042808,2.062068277962523,2.104070732908033,0,0.0,mixing,1513.0687014769696,2913.341487852588,batch,anchor,1.770312867294307,0.34428048588511617,0.10310341389812615,1,0.0,1170.3116208185675,1922.5253092880746,0.5021851422354194
1094.1347312355008,0.0773817291184892,0.06331541165894189,1.3512371784512893,1.7664863264114534,4,0.0,mixing,10.942739046261122,1000.6661334561002,batch,propeller,0.3525382825338397,4.226951630768594,0.23610505893471712,3,0.49197901943473915,9.128648441274677,616.9763340398686,0.9356921308855226
990.4526479158825,0.07816537561731107,0.04688603373160992,0.7431542732549585,0.8097822329822488,4,0.0,mixing,6.910399183994279,33.2581037724994,batch,propeller,0.177456964015993,4.810478961382782,0.12322099673087338,2,0.3460412964993101,6.256176278887955,17.065804065807274,0.9812754358522334
993.7484975348684,0.037349366570755486,0.044641029165111396,2.739118519156344,3.3570150659807747,4,0.18064423231667537,suspension,23.63424095726157,197448.9023571447,batch,pitched_blade,0.7977199937053454,4.87443446842791,0.6580329816600402,3,0.9518510459882183,18.19640010476904,131096.51130818363,1.0
901.4887531462575,0.05137008115855532,0.0626959180223002,2.524111152825388,2.5301415280135084,4,0.04197354276414907,dispersion,44.02788541876684,60968.82081271283,batch,rushton,0.7627254754107597,2.358398880254533,0.7085248367093162,3,0.6315634954926688,51.409634971176565,41216.903883797095,0.9185105316565757
1142.2307990392687,0.04683349007252837,0.04842401206475516,0.8414715204695609,0.9542218938770268,4,0.0,mixing,9.874039929491264,84.56896648584075,batch,propeller,0.23943277967046786,3.805990398185224,0.1875294593810015,2,0.34826116857774864,7.336494519472487,44.30617883660394,0.9405921500123663
1088.091489424306,0.09404453148072482,0.06456050267754883,1.2169275371510357,1.678271481923877,4,0.026648355706295004,dispersion,21.24030571452952,24524.892792800194,batch,rushton,0.42917820092698955,3.90179305599687,0.3536007397635423,3,0.3989499057043593,16.887705298352884,13852.061625732324,0.9704147831628079
1129.370554578616,0.012003903853712205,0.05377934314330066,2.320838373764121,3.06205372497612,4,0.0,mixing,24.222188888307127,259.8245925047351,batch,propeller,0.365064436820899,3.447033305058889,0.6591996238787493,2,1.1856896953253213,18.726986277599472,236.17662039739315,0.9388975066180959
1013.412600632092,0.05459712501861317,0.05276658437514567,2.49595421176192,2.3757913409547475,4,0.0,mixing,22.220436484635403,5110.117332267557,batch,propeller,0.6928961897937057,3.5804505918687015,0.6658978565741562,1,0.0,26.51106140726566,3442.0227838238434,0.95253505522768
960.0330136775308,0.042705582244222544,0.06215580628631658,2.5854368329883375,2.7153048062224134,4,0.0,mixing,44.11988052869145,8573.64173023024,batch,pitched_blade,0.8308150864273834,1.679943830638215,0.44425041355422523,2,1.1795426503421438,51.7264843910011,4422.509876498492,0.9483444180288085
1269.2931922048917,42.05732352377599,0.04860573699814441,1.982972852775464,2.809300337382469,0,0.0,mixing,1058.9743812336478,25050.062243503166,batch,anchor,1.6951577020127333,0.5372942333531154,0.09914864263877321,1,0.0,778.6809486007007,16451.829594076084,0.5288619904856291
1166.584231322899,0.022329366473279825,0.04640020372068939,2.4472584411100256,2.565408576454677,4,0.09554316494210773,suspension,20.500901053846302,350894.5545473591,continuous,pitched_blade,0.9717414110939849,4.9790100472964784,0.6873592195782743,2,0.9698911572457997,18.536697475413725,291243.84031380666,1.0
973.2486930230376,43.02152401672954,0.05925833289632193,2.8373188927679482,4.076011263845821,0,0.0,mixing,2025.4275195285509,53451.673683532965,continuous,anchor,2.6619875124493135,0.3987009927530577,0.1418659446383974,1,0.0,1704.8712044541105,40425.85015340373,0.4810904138622557
1245.47368887724,9.42641471196461,0.06969737322469374,2.3856317171236743,2.6480200870439456,0,0.0,mixing,1680.7276747151152,4170.393377773581,batch,anchor,2.12399380187904,0.34958751784080005,0.11928158585618372,1,0.0,1561.1547765907878,3776.6078851699267,0.5123356052823618
1281.5492706868586,0.07467929252636818,0.052601898576969126,2.8401947983661486,3.1384358607215446,4,0.0,mixing,40.07465832049535,16245.895313502986,continuous,propeller,0.7891427173981104,4.036994704190091,0.7538914765224592,1,0.0,32.613445187426265,12279.319705252128,0.9513135263954117
1230.918298556925,0.06770818893704066,0.05149997713052115,2.512742777319598,3.4654577834251232,4,0.0,mixing,36.23722034357225,1871.2770571366823,batch,propeller,0.6071734165766176,3.0364066213414853,0.5704785377517368,1,0.0,37.174974824298396,1437.3144900537277,0.9438297133348263
1196.7348495238043,0.01845735509301731,0.04334424170216755,2.46540566134517,2.6800138464409207,4,0.061045041483589566,suspension,53.15415467481031,21822.186220926036,batch,pitched_blade,0.9017903355794661,2.501381274109204,0.6387680341522084,1,0.0,53.81235127329166,12720.080172711307,0.9410496186331389
913.8410629783286,0.024938707624160984,0.06809581240577806,1.7584106790909515,2.0174557324055296,4,0.10672475080220632,suspension,32.05731630621346,4884.413283249849,continuous,pitched_blade,0.5167602305767505,3.2203539487020074,0.28568002258790315,2,0.7946851077535871,21.651008917700683,2844.0124624463656,1.0
1085.1757191979802,0.055559977595997,0.06512511003414514,2.732658047373825,3.329124305432977,4,0.04486827476396184,dispersion,45.44878956311116,355106.4997112169,batch,rushton,0.9765876706254643,2.9432862539120452,0.6895955956334261,3,0.9063425752078208,47.955186948889754,305505.9988261531,0.979252989043388
964.3618052238267,0.01829344898080111,0.040168805380288164,2.9881137206228754,3.660057531930077,4,0.0,mixing,23.78409985219557,12046.582792770972,batch,propeller,0.7010772551463365,4.001978242143325,0.5988126065662459,2,1.5787578539593827,26.325736708153617,9300.061838572488,0.9412054580027885
1041.5917337210512,0.02357013228509363,0.05050868876073878,1.6920949417078592,1.6346936057922385,4,0.0,mixing,13.7171524395108,179.73803638778975,batch,propeller,0.2620937488520987,4.925854796796208,0.27286811784760634,2,0.6387948908089328,11.672691127612305,133.2619331544799,0.9563578037891809
1200.4050305774247,2.9982296654185525,0.05133248191603071,0.8009932128435147,1.0074953747414823,4,0.0,mixing,287.05888852563027,222.13805575101054,batch,anchor,0.7226683165633061,0.6165751396821239,0.04004966064217574,1,0.0,204.51570730343872,153.77231845151076,0.4953513663899206
908.3803139726523,0.07572193322909916,0.05019430991260079,2.8136464214136137,3.6852733436390728,4,0.0,mixing,46.62560189745464,12309.723242051523,batch,pitched_blade,0.8531309010726469,2.5193127218874607,0.8216866754295564,1,0.0,56.84866266113658,7236.566660811029,0.9774265524941763
1113.4032893699666,0.01692389956477581,0.05875344530432028,1.6001581787455201,2.0516929895415097,4,0.0,mixing,29.770156807386744,2330.5322217593825,batch,pitched_blade,0.5470719929486706,2.3077223495779444,0.4097409443884251,2,0.8684259991394071,24.392770804599806,1495.3510182186872,0.9956148858085427
1114.7293996931596,8.306045489120583,0.05228049469993224,2.4055922746834946,2.8240539135822016,0,0.0,mixing,3032.7259250050934,2191.425398090508,batch,anchor,2.213304118788645,0.19798667109260673,0.12027961373417473,1,0.0,2717.560209963106,1109.2690485836551,0.5149561977061834
1195.0120227176278,33.2675353674869,0.05680164155378027,2.940699753188645,3.874095827049029,0,0.0,mixing,2900.610752527449,18797.072438878324,batch,anchor,2.543913696590972,0.30623144775906697,0.14703498765943226,1,0.0,2159.22158629108,15610.88485466138,0.5109545801452793
1260.5139223084254,27.889866156527415,0.05832945893785128,0.521778466414202,0.547759741847402,0,0.0,mixing,211.47036260478694,583.3497802535715,batch,anchor,0.4650483260259292,0.64927877955926,0.0260889233207101,1,0.0,173.5764225873013,344.59007335220866,0.5088688461177535
928.6223714747439,45.28258616787726,0.06227975773834502,2.5220950942268248,3.331026825096842,0,0.0,mixing,1359.141252310788,140576.8489675002,batch,anchor,2.303722237479527,0.6813604816655854,0.12610475471134125,1,0.0,973.9118748590852,80839.61591270285,0.4860718022263952
992.6218952954171,0.027250945300129746,0.04717116968174888,1.378320470263382,1.7398058563897068,4,0.1928352450530037,suspension,13.50381345094898,612.4696889645558,batch,propeller,0.39425970873153504,3.2215380348953895,0.39845546159582973,3,0.4814949006451909,10.801033303677308,412.4724509204261,1.0
1025.1811950194208,0.042448645606501606,0.04983448310996871,0.7863449847311859,0.9137103590460974,4,0.0,mixing,14.076649772526046,0.6717242022315644,batch,propeller,0.1210962103748838,3.2522877070900518,0.2326200333714286,1,0.0,10.070193564541999,1.0,0.9384839762783488
1003.5877202000569,0.044003595397509705,0.04884775167198545,2.8036702851265005,3.2023287002900473,4,0.0,mixing,38.14803980488039,423.78293632408577,continuous,propeller,0.45038307751048057,3.4623947086692386,0.574137476549462,1,0.0,31.796127772715653,379.2726712123924,0.9274995431472697
1096.913583614831,0.020825849669649014,0.06291948296020972,2.038054540612207,2.029905269964825,4,0.0010821711254515975,dispersion,25.788262472767222,97172.63459437944,continuous,rushton,0.6139109325226858,4.006729300360297,0.34062038868108363,3,0.6077315955254389,20.340472867201843,81734.2310554004,0.9471051197939501
1276.6336874315205,0.01802882856739793,0.0429274510145898,0.6438892544185172,0.7331779964029904,4,0.0,mixing,6.0989366757547865,7.11624323670763,batch,propeller,0.15695521882902572,4.571297389956281,0.14585169713815443,1,0.0,5.811564701786456,5.050591278060629,0.9830641764683501
942.2300465530712,0.014637524396654385,0.06671350787411864,0.6714355969318224,0.7579220766313244,4,0.008696494431483076,dispersion,6.6925437585250585,714.0734053147464,continuous,rushton,0.2523016816313957,3.9643784663071755,0.1243971952769334,2,0.33105822379914795,7.9354134004839745,538.9186858714098,0.9417111007556457
1020.6399954765566,0.013893653818022555,0.04725261797747092,2.810879467629236,2.7421187054962113,4,0.0,mixing,57.580401461272416,3851.7560312195465,batch,propeller,0.7755959170488443,2.5096800265866688,0.565785428862917,1,0.0,46.16799372523821,2001.986887161217,0.9321656784925075
904.5574364426697,0.04026602953481758,0.040469324585703244,1.7226051999082574,1.7392911689435586,4,0.0,mixing,22.881658007762827,96.63002317895238,batch,propeller,0.2946455777340304,4.203117869785926,0.4481359437509508,1,0.0,17.83095014947054,67.3876028711743,0.9492263106224966
1123.3649459267808,0.011953966757723096,0.06247636842824629,0.7078825199073233,0.7365460737682741,4,0.024448888004655434,dispersion,10.798548890607949,287.2953251049972,continuous,rushton,0.2257624600040119,3.2637626871234913,0.19440925495229175,2,0.27225228301951565,10.48855678294489,212.7707874935177,0.9666006138121945
1265.8212164263582,0.08798461293343371,0.06635892718363387,1.9649586842260818,2.4578164658970865,4,0.0,mixing,17.681126910760213,2124.9838805002482,batch,propeller,0.41291230797927264,4.626667996733483,0.43819469117911386,2,1.110063469213159,14.547584435662094,1387.5983345722523,0.9447289827591265
928.2241551633628,0.048602267772597546,0.06750972527554008,1.7659335866988082,1.8278545784281546,4,0.0,mixing,40.271213415098515,2916.2336287652006,batch,pitched_blade,0.6912606796172925,2.140302663869485,0.5252217004745181,1,0.0,42.64932065542913,1702.1092792500535,0.9326061122734292
1225.7783875437776,0.08623075575167617,0.054458771097276204,2.9045136245580228,2.9714573167747114,4,0.010850917627590113,dispersion,67.59467383695971,182376.1059398903,batch,rushton,0.9178609040790883,3.2743110574220755,0.5088408135247281,1,0.0,63.18965870039401,125980.0040443773,0.957472333201038
1054.7142881641184,1.742381220485762,0.050510002497540764,2.0414759669122873,2.4173011179540937,4,0.0,mixing,1585.772637897642,758.0808664643481,batch,anchor,1.8114593275322057,0.3076098558602303,0.10207379834561436,1,0.0,1071.4692977434077,512.9570445911148,0.4886086543439547
1275.6723576857096,0.07329096981308134,0.04904226713105549,0.5512270858000097,0.6808929195768952,4,0.0,mixing,7.529516138828473,22.06996197160036,batch,pitched_blade,0.19132393534842893,2.256374022395285,0.12404577313452005,3,0.1751504039186549,8.330913434413564,11.392336304388254,0.9476324557439368
1224.6092145507394,5.768828947796943,0.06550947367028516,1.2676586775705407,1.4896844846194925,0,0.0,mixing,625.8345812100795,574.9161471150466,batch,anchor,1.1206787192966503,0.37820048035641274,0.06338293387852705,1,0.0,737.0935352190504,368.7255559473319,0.5018689918877322
1234.858316023834,0.08993764270510465,0.05880030419958257,2.9584819231485846,3.7162048174407163,4,0.0,mixing,77.02131137610515,35146.43280995272,batch,pitched_blade,0.9347447832752974,2.3068379756821953,0.7439367003469746,2,1.3686474919939535,54.574015001200095,25458.56095700938,0.9345624601562047
1115.2092637562882,0.06568360066787474,0.053129614703457645,1.2737397866660736,1.2444475961658206,4,0.04547641846704455,dispersion,20.299103621062272,12125.49123161122,continuous,rushton,0.4681948465693784,3.2432554156174365,0.33295416056204447,3,0.2975784678962708,16.390887549233707,10794.210510913246,0.9486702076495405
1049.7054299916426,0.008913128883515201,0.07028109181220324,0.5108563346684052,0.4915367361682803,4,0.0,mixing,8.28282115218155,10.760102649187926,batch,pitched_blade,0.2028982799174403,2.0192158475832316,0.13302188971932521,2,0.16491024008790114,8.531016508825376,6.717284276811697,0.9555383179416701
918.7196229230792,0.01219642774889754,0.07168548440986645,1.539047042702258,1.7707271644416949,4,0.0,mixing,19.392271366144094,684.8888644259587,batch,propeller,0.41415531762579444,3.344229778983872,0.35621252607858017,2,0.7587497375537843,13.434854369048535,348.20799838589903,0.9573634197511967
1017.1882676117449,45.862169949077604,0.06766921373840314,0.7439029561043643,0.9169300462256816,0,0.0,mixing,562.4597950235619,566.2670800920571,batch,anchor,0.641928313224797,0.33438647697603796,0.037195147805218216,1,0.0,457.41771449257493,348.84277231933237,0.5113834598646565
1033.041850081337,0.07145702359951078,0.062307309563571785,1.6240644847864938,1.9116240383878742,4,0.0,mixing,36.19847552437717,1313.4765211244276,continuous,pitched_blade,0.5402008742059878,1.8042718055020848,0.4408380475276327,2,0.6967205793022563,31.81427292090197,678.7060701381516,0.9512607812501624
1182.2275828427473,0.05457163479657115,0.0652640624706165,1.1901709456352885,1.238591604288823,4,0.0,mixing,28.251674176274605,203.1876951510022,batch,pitched_blade,0.40903717280484814,2.1422562570736883,0.19649092770163717,1,0.0,31.265098491324864,155.82927027090184,0.9564216034790913
919.6124866934452,0.036150170356990335,0.046911182644346475,1.9862958915372935,1.8078714662808937,4,0.17979495297783366,suspension,13.684919511630223,37669.77215286162,batch,propeller,0.7264840392699929,4.585919595560725,0.5160877889335137,2,0.5853085389980293,14.904256551362213,19494.206965024892,1.0
1205.328255698605,0.08567139218917963,0.05923987394790694,1.1262614208002857,1.4135141633659112,4,0.011430407423752405,dispersion,11.471079170668062,27356.470343971872,continuous,rushton,0.4291208508035288,3.7971906917862905,0.29771902000659495,4,0.26403857999118996,13.539492954713523,17836.786139652035,0.947931344481036
1154.0130492069666,0.056011232462606655,0.04863102466751793,2.2524472303404637,2.307256819812635,4,0.0,mixing,51.25595957664645,13887.995025521592,batch,pitched_blade,0.8281163888472973,1.9533632963926486,0.6015771245942627,2,0.8564444235360763,40.988323378253305,7197.503893811849,0.952909792936671
1148.6859520790574,0.08467337097244833,0.06134503225173353,1.9488858890192398,2.077695874410833,4,0.018772693033766188,dispersion,45.22864357319689,24288.437150094276,batch,rushton,0.6400553687846153,3.071552208589704,0.3648651422065162,1,0.0,49.81114448334978,14271.834418236278,0.9849550216917061
1268.1092954293495,0.034856763708168134,0.06796609112178521,0.9453943522748858,1.3893994647693095,4,0.11664734047387744,suspension,12.978112961442818,269.34121789046304,batch,propeller,0.33172649954291844,3.8710341953714726,0.16287995038028322,1,0.0,9.538910534302268,143.61092920152342,0.9782154487364756
1150.7381676941075,49.95458586846408,0.05859475430513032,1.190703540520319,1.122599668176135,0,0.0,mixing,701.190065087978,4804.9129605193375,continuous,anchor,1.058280876448995,0.5120090516542882,0.059535177026015955,1,0.0,546.7618428556437,3893.836571230835,0.5090151677854844
942.948201289687,0.006084350656809311,0.04075262685665473,2.1088476941536287,3.0884367734598834,4,0.004518420020372438,dispersion,30.36939915126989,52374.821237808676,continuous,rushton,0.6607659743239973,2.5564144544153664,0.4762853878078016,4,0.6435208236308885,24.28779838071217,38577.36713116698,0.9166448467528218
956.345585387247,33.630646583832096,0.07089012658724764,2.3820386769207533,2.176009238688441,0,0.0,mixing,966.9501567193835,119694.2945611269,continuous,anchor,2.0921792130680545,0.796951781937311,0.11910193384603768,1,0.0,680.6123666456084,62003.75485373418,0.4979434309130262
1134.854021119649,7.367705606751495,0.04979612801225744,2.755279780997753,4.101768101346952,0,0.0,mixing,1099.387832147265,38341.992508245865,batch,anchor,2.358129920374118,0.6251583558978272,0.13776398904988765,1,0.0,953.6081520439724,19703.47774141647,0.5031834405288615
1218.3976378745217,47.238312378745086,0.06565317449654236,2.5966797208068972,3.262345412148859,0,0.0,mixing,1635.114020265688,81006.1936544825,batch,anchor,2.450942266009435,0.5762787164273129,0.12983398604034488,1,0.0,1144.125497266477,73016.47196645588,0.5052261165528357
1218.0260124182823,0.03593115559964225,0.06424540964616728,1.2204991456091792,1.6831562499609414,4,0.06281013046715551,suspension,14.122409140329466,426.3611301088407,batch,propeller,0.3905733861079391,3.148540598235285,0.2834115977329718,2,0.6706858080136097,13.578347838517969,308.3980139361434,1.0
1013.4501390587053,0.02888705066024502,0.06933929012430046,1.29932761442574,1.6642364770470155,4,0.0395467989775727,dispersion,30.86163177435337,5828.497233011878,batch,rushton,0.48062332783869344,2.309006703850197,0.21976476604094541,2,0.7237750329713296,27.36547627217248,3299.0854620682708,0.9555561948093118
989.7738415896326,0.0962773954575902,0.04757758607227724,0.8965210751469497,0.8634330671892498,4,0.0,mixing,11.241016328161885,4.397873482852042,continuous,propeller,0.1617652653494354,3.4217990291542786,0.14628536784446583,1,0.0,12.169690406532938,3.199255199126565,0.9622248936121685
1075.4681535297998,0.0017261126249059574,0.04946465979873339,1.8811296769094579,2.313795486599557,4,0.0,mixing,20.035374617447996,975.2174748511783,batch,propeller,0.4154263901792906,3.479868839445198,0.5214628503318874,2,0.9345174523133083,13.95891699760938,527.2771571513026,0.9156742769056979
976.5390062510069,0.04809490967227012,0.04079555240946736,1.7225585425261256,2.4217892406141233,4,0.2403376660980664,suspension,10.758665324792283,90076.08107632081,batch,pitched_blade,0.6854688960899549,4.890814335347911,0.3699217838282355,3,0.662932511720385,12.122298179713205,68639.8082297062,1.0
1051.9828623188832,0.010294876621989087,0.06898738078228567,2.0363605615887126,2.3260507294907984,4,0.0,mixing,36.47949791301096,6332.214368532931,batch,pitched_blade,0.7106100289955757,2.4703129506979633,0.46075564859523277,1,0.0,33.18805194225843,3508.0861128278557,0.9366559041016799
923.5969480163228,0.09578594443403288,0.06272059077425078,0.5246226428049229,0.6621724008585308,4,0.022388936589130434,dispersion,12.2562359340535,25.1097555379199,batch,rushton,0.16500312139890067,2.9695957240955555,0.11353974833471313,1,0.0,12.471729323733676,14.955427434354847,0.9485923559240849
1011.2984817334498,0.022671827417543436,0.04226483957936645,2.3489514682234423,3.1796417414532248,4,0.19614781770526973,suspension,15.167029803768187,25932.822941963932,continuous,propeller,0.6018785355376854,4.952495150849457,0.36486746785342317,3,0.9032226957615612,12.58406009822788,13709.30418987939,1.0
1087.171274196877,0.005936044054798542,0.06554476178180504,2.791451910444865,3.917268374681761,4,0.17961446778891776,suspension,21.50851606503418,42744.00663551067,batch,pitched_blade,0.7811617570767031,2.9552031496576006,0.5550388234595351,3,1.08251417364962,26.262880170367826,33009.10070934352,1.0
1074.0766921838108,0.08791321790024964,0.05509438481690326,2.0975117612778877,2.702622865868284,4,0.024721418584393084,dispersion,38.730822970735275,148648.1249207724,batch,rushton,0.7376685407925506,2.6024088006417676,0.4524885101170635,4,0.5705359648272993,34.51813586775522,82492.75331234882,0.917773399200272
1238.6415830271048,0.016544712028680846,0.04442712317760035,1.195928373253798,1.3042734482080858,4,0.2764049664711477,suspension,17.162741104700135,955.7298202744656,batch,pitched_blade,0.31199237166426563,3.696140318974159,0.2977857001051293,2,0.45569990625149576,11.546740628851943,517.8408937733506,1.0
1136.4451512284904,0.07967105991410522,0.054148337226422406,2.997737783560174,3.7750457321451587,4,0.0454117068593448,dispersion,106.54350321139086,299710.5513552816,batch,rushton,1.1037327067459086,2.8163573190040685,0.765878582624989,1,0.0,81.98895360755176,178975.80399499563,0.9572035261435363
1130.1768229374695,0.07065532781143176,0.049554909517588966,2.8621310699317926,3.8255091660057006,4,0.0,mixing,26.29974779172259,18334.847279979356,batch,propeller,0.6290597054341234,3.9121642877883196,0.4927935035549066,3,1.1165913945402453,19.380307544917777,9457.50807700485,0.95154523884347
1090.773714831633,0.0028413373409853083,0.04101886976545876,1.1885062861573723,1.2886465189968945,4,0.03197344425874157,dispersion,28.791871755317388,1569.4304820983496,batch,rushton,0.45247214654358575,2.1670272922413747,0.3004018405756044,1,0.0,30.15172861658277,895.6766692425476,0.926246253472793
936.8118990349714,0.02020503278120354,0.043074768602178334,0.816081058591676,0.7923731439250203,4,0.010800253068367205,dispersion,15.579539748542642,1694.4922196680852,batch,rushton,0.3165603727161754,3.1645918108483557,0.1576450423288785,2,0.2891495849778729,14.355520458027668,956.2934073102724,0.9414864848253499
1117.9701246973993,0.029056360404231717,0.0468386307887676,1.4405724719437965,1.8240815682758322,4,0.07482877212476331,suspension,12.560085996199057,18473.492036716518,batch,pitched_blade,0.6093859967786089,4.940129613337239,0.26057636902307446,1,0.0,15.098600191215326,13966.123585717634,1.0
1224.2375202407588,0.04007235379437805,0.06656024857917162,1.0044598831773155,1.4418166041581968,4,0.0,mixing,24.41077649932177,214.61922089358055,batch,pitched_blade,0.3539577792007841,2.0263646571169547,0.18826263222472203,2,0.6204590835614819,18.387170096067614,133.1169929218433,0.9274569018075517
1227.712423547345,0.0897006313592704,0.04301724282974945,2.1705898494775906,2.0981766500577987,4,0.04706503459097878,dispersion,52.24662512228776,116700.87227016476,batch,rushton,0.7930664153649042,2.717820586110564,0.337558415618228,2,0.9198938164795163,46.76709910129922,76288.05627911667,0.9524080075667942
925.614675645016,26.58973285764804,0.06482978877667675,2.498787966501345,2.8925769618382846,0,0.0,mixing,1509.2030033723715,13172.411887540184,batch,anchor,2.1622258090027793,0.3663836968562091,0.12493939832506724,1,0.0,1397.319463135127,11138.404844452163,0.4700713213244506
927.5899107644182,0.07332050104346476,0.04213253874408733,1.3784556724100114,1.8082469018182588,4,0.02037488791898915,dispersion,18.97587953046911,17219.394703180944,continuous,rushton,0.42522095387595615,3.8510253357565225,0.28733455589636736,3,0.5037978992173598,18.75488274138951,9557.874806173813,0.941430483828277
1078.340695980296,0.055553858400394104,0.057522905919991964,0.8914266695367918,1.114236714694777,4,0.0,mixing,12.994140920421623,227.1008178326082,batch,pitched_blade,0.35158121760632216,2.3315984380928483,0.1649028943053673,2,0.4364961110580678,14.11746203440862,174.39055949533176,0.9639367433090449
972.1068541204553,21.205195121133357,0.04345124070470874,1.343795730514416,1.9876959907330494,0,0.0,mixing,898.3590332132375,1333.2096239452685,continuous,anchor,1.257310751341673,0.2889942721633776,0.0671897865257208,1,0.0,952.8674341165603,1044.5310634273214,0.5308866762078097
1093.1436769700376,0.027807794593202838,0.058046092066062815,1.6862148105539272,1.6416617948487064,4,0.24086926506835443,suspension,21.823356575735303,18566.344884367238,batch,pitched_blade,0.6132007974109882,3.377685971234498,0.4926879398716457,2,0.5448431839351942,20.064407330793202,9302.627704785253,1.0
914.2468900118253,0.04932742321194961,0.05026842667505576,2.6427898459374757,3.1048581174916206,4,0.0320832416004535,dispersion,111.1620291556815,38791.20784175832,batch,rushton,0.8653692348889079,2.549551431352532,0.45411274474654095,1,0.0,75.9092335201634,33215.116119722356,0.9212741020536496
928.691264441005,0.011058653268338822,0.04882461604971919,2.1574295618666794,2.8686731159890972,4,0.0,mixing,41.67551923486993,22901.653754074778,continuous,pitched_blade,0.7713580600752865,2.382802511350572,0.6052418452361962,3,0.7836294517001818,30.459658685744454,11918.208540931475,0.9247802431025043
938.2560778819492,0.08062540036056823,0.043553339255617864,2.079354212393092,2.814763755235561,4,0.0,mixing,44.936194788331726,7826.254742897375,batch,pitched_blade,0.6708556573795651,2.0004115373517677,0.3928082768097662,3,0.8082938719058769,39.44367598478515,3986.7057517405506,0.9659648782111777
1271.7081699016237,0.009056645135655936,0.047699437546004676,0.682484060505419,0.7577705913906807,4,0.003784651435731534,dispersion,15.15251202151707,283.7187367927418,batch,rushton,0.2133591655025641,2.8279747910311253,0.13290280300485796,3,0.20743186845229117,10.319980874656839,158.2668794281731,0.948425945254542
1070.196928079588,0.05049867947432448,0.04954659517009494,2.909481718574299,3.675166480319778,4,0.041262900839141956,dispersion,49.70581961906181,818840.9813827729,batch,rushton,0.9823456621437863,3.532630147396242,0.544421174140557,3,1.0301224914325078,39.9846384932179,587031.2988267693,0.9358113023239681
1135.7248974816098,0.06821645662022831,0.06641464520744526,0.8873701990862675,1.1258511210433502,4,0.04085960776703181,dispersion,10.614177905428846,2845.0879436611513,continuous,rushton,0.2988111409802227,3.5963062228881473,0.14031720056155086,3,0.3307153533233183,12.551987936720304,1755.9885130036828,0.9326859074013251
1007.6990699860963,0.05893320512403144,0.06002956926250671,2.483490305467784,3.17248930507195,4,0.0,mixing,33.377313798373834,1458.2529910810965,batch,propeller,0.5408488266601207,2.6956232045456177,0.4308703557701207,2,1.5067525107028208,30.803570870546103,753.716837076319,0.9903622348719602
1000.4119464168863,0.04915747476321814,0.05895264815645865,0.7918659028872175,0.7880557641715178,4,0.0,mixing,20.116350361756172,34.677895199190196,continuous,pitched_blade,0.26486257570122607,2.399094564220848,0.1899804124992171,1,0.0,20.098636866853575,21.37791312203205,0.921940418856659
1045.336643983481,1.0581150225745586,0.06556630780985467,2.2159330902342536,2.281266856483909,4,0.0,mixing,1055.8932496086754,2487.775147740168,batch,anchor,2.037383615441089,0.4586006696655726,0.11079665451171268,1,0.0,817.023549588987,1608.8083917888937,0.487533498040548
1287.8126459651648,0.08642968336137102,0.047103341772036345,0.694745964999141,0.929559671180363,4,0.031049745674484215,dispersion,13.646502655615567,992.9676864758565,batch,rushton,0.23909613983402314,3.7025681115334526,0.10450208992684598,3,0.2544641055549371,10.025856770872966,626.2335652814519,0.9398361167023226
934.6193288637759,0.026253510240793913,0.04292632687630745,2.374796962855389,2.2465378140685326,4,0.04612818675486088,dispersion,32.81869298484521,465388.7383568509,continuous,rushton,0.93066166450046,3.679260821909879,0.4014459001321505,2,0.8893569692042081,32.245703982225685,297069.74851427827,0.9531085778276689
1190.2952285311533,0.07522355512704781,0.07186157515135855,1.6039277878306453,2.1476669134808057,4,0.0,mixing,65.75011800451671,747.7380796855914,batch,pitched_blade,0.6044402028406679,1.6783610434604848,0.2663665197681512,1,0.0,51.92429317404554,475.8873898315236,0.968680308734506
910.8458997173964,16.12304719212561,0.0691206477190717,0.737373883189278,0.6647505708101049,0,0.0,mixing,286.64122678601694,657.6870658131443,continuous,anchor,0.6718591475676288,0.5806460330948724,0.0368686941594639,1,0.0,282.9047985145045,470.5855006204239,0.49563866874825707
1060.1398593496378,0.027263824984463017,0.07041784665327161,1.0771882085646463,0.9979885696975668,4,0.0010738955929536277,dispersion,13.53358873040174,6395.623877725348,continuous,rushton,0.3670785257046379,3.7865664234274257,0.2747348468639927,3,0.2616305205750166,13.154008262897873,5344.00883331991,0.9496434822928423
1195.8957647995915,0.05318453023166488,0.04217840228325394,2.1870063296490434,2.2760627341792166,4,0.0,mixing,27.572330989966336,2228.6852426495657,continuous,propeller,0.5227047709679146,4.007267241798689,0.45146153515436777,1,0.0,24.45143913189492,1303.9777604937801,0.9711631740264972
1136.7344496383664,0.020540754481254784,0.06007328556669819,0.5771212926448375,0.8117904329114771,4,0.0,mixing,5.381959444294287,0.6566192293815075,batch,propeller,0.09182974537359527,3.945071771813252,0.09351107646661541,2,0.3438483175179866,4.323780032290875,1.0,0.9278554147870492
941.2899175829494,0.019747170396275947,0.07022866813695325,1.2687363913161276,1.6652269546378127,4,0.0,mixing,25.862211227468123,971.917713523415,batch,pitched_blade,0.4962052031292264,2.028920275211271,0.21008191351776,3,0.5167253272663918,21.153050945069435,751.6702760666121,0.9543885843058186
1183.7614295187348,0.026570535121139112,0.043708136558502565,1.112623979129533,1.5273759224923062,4,0.0,mixing,14.542719517604455,66.60774740510365,continuous,propeller,0.25610506329484795,3.021546390352824,0.2523262527126327,2,0.5985343119188602,13.499959430168243,34.47255191193612,0.9343677080950504
949.4374253553453,29.779200468329204,0.05308100413542984,1.1355728441571737,1.152242743352101,0,0.0,mixing,1422.7945909961795,1281.228605901149,batch,anchor,1.025585535327292,0.2840159947408718,0.05677864220785869,1,0.0,955.8620659809183,721.2644956490668,0.4932556266554416
942.7787615390769,0.01769718881430281,0.06333072935061312,2.286449237169659,3.2369241144012766,4,0.0,mixing,13.807246122834611,10794.231017525743,batch,propeller,0.56968169211352,4.737989454382978,0.38781401339914007,3,0.9102930009925293,12.35860785023154,8082.521802630283,0.9707569051163245
991.9172756405133,0.02800572681656013,0.04619584314941179,1.4641622285303273,1.8260899679879996,4,0.1654277629728364,suspension,10.054300004064054,2040.9039713195584,continuous,pitched_blade,0.3860710338195872,3.5372966553761893,0.30345036282958465,3,0.5580635905583016,12.152396929042292,1306.346114876508,1.0
946.4715514878352,21.20097613389495,0.04068026901328128,0.9632420465379289,1.349327999266325,0,0.0,mixing,296.42430477664317,3789.6577414249296,batch,anchor,0.9104811833292955,0.7936867151146884,0.048162102326896446,1,0.0,248.81855658382722,2989.668193285857,0.4989146267706694
1219.4063968341181,0.017042882604014195,0.06964103751922449,1.4961298250598503,1.4118493259703835,4,0.2676801363393436,suspension,19.114908504662566,11760.995280357973,batch,pitched_blade,0.5397396523190877,3.58023129714907,0.30337647818357727,2,0.6009098943283067,13.508055120679542,6827.276853411254,1.0
1162.6246638105738,0.0415069120429153,0.04000087887467711,1.2324969937434473,1.8388232579927328,4,0.0019399708530953741,dispersion,16.649230813313288,22652.677156695914,batch,rushton,0.4856388410302257,3.4576000283124206,0.25816842084268204,2,0.7173350997538707,19.275106647603973,11754.798458246252,0.9693614905023223
1032.2839410782394,30.366873782801935,0.0505194912801603,2.067580858134471,2.6033681034433194,0,0.0,mixing,779.9565885639629,55034.28872820569,batch,anchor,1.7716062710408451,0.8130249882940196,0.10337904290672356,1,0.0,597.5870761850476,35491.24296061927,0.5115710844652065
1235.496547344497,0.06814939601080935,0.05213381438944187,2.326982574937016,3.177238330201831,4,0.0,mixing,16.755399333045887,12740.425555898953,batch,propeller,0.6666223488216204,3.2304998977118755,0.49729935431517264,3,0.8458296282483536,18.894713989183458,7413.772736705055,0.947869495415225
1199.8007067691096,0.007762220732883603,0.05032491753266892,1.5620871789591395,1.9393425149255379,4,0.0,mixing,36.57516159112487,889.1722038361426,batch,pitched_blade,0.4777652084782909,2.082429367188255,0.3395043600981122,2,0.726598063214867,24.452927721572625,624.2441789607147,0.960690856098524
966.8659262639576,0.09808398296436165,0.05242221150316333,1.937941929739897,2.440854229282307,4,0.006383713361357457,dispersion,37.28393283684959,89151.78462001741,batch,rushton,0.613848033972322,3.1209749959399984,0.3243115427965123,4,0.4963020618248856,27.52709360015384,45016.14047554271,0.9490459457316591
1048.0353482853525,0.013569484945462042,0.04467171916028512,2.7479022304106695,3.261885578063533,4,0.14982412077286733,suspension,36.721582870791764,14142.748869041248,continuous,pitched_blade,0.7052405698525657,2.660016779288305,0.7577276427155782,2,1.2494848229934428,38.00015706576534,8244.03635722548,1.0
1209.5563995874954,0.068292124221502,0.05061658018511261,0.741583075995212,1.0522248819936295,4,0.0,mixing,14.82266211344719,161.2350408475313,batch,pitched_blade,0.29334073795136006,2.1272175610973303,0.17135003284350428,3,0.29437599453120716,11.806331629152398,89.70808111014735,0.9718878576346024
1108.3018658401684,0.04497867232075232,0.05964645513588851,2.5262681198921433,3.057452734727349,4,0.03882057574957245,dispersion,53.07501584580666,210663.5092279209,batch,rushton,0.7949226100862768,2.757037104604081,0.7263332846987424,3,0.7408379981111947,46.016844702099014,107728.88724416845,0.9611644379689047
1224.0638021010752,11.61609834911698,0.043472707248383605,1.033125263814532,1.3154206644274276,0,0.0,mixing,305.6544357543984,2897.786262894724,batch,anchor,0.9513919166930715,0.7249502756848952,0.05165626319072661,1,0.0,307.845935813712,1653.2814251407008,0.4869715916220134
990.4488576211892,0.09660091881392892,0.043285655756060276,1.665610573668471,2.405179338303503,4,0.0,mixing,18.62126741102818,834.8285682490948,batch,propeller,0.4246497948070886,3.3042869898513323,0.2585596737295497,3,0.7437900585863796,16.68133502373245,682.8512553677618,0.9349006022953601
1211.50784229402,0.07038408572032212,0.07049639511207446,2.525743984132359,3.0513054278111165,4,0.0,mixing,29.323170006826658,6202.766278832558,batch,propeller,0.6519508949940763,3.2482095122393257,0.7200900561897687,2,1.1359865948195884,23.503820498809258,4337.769405677439,0.9376696195608124
994.281295429747,0.008487875579680833,0.06535395521951654,1.5711141311233798,1.719907595981229,4,0.0852318363366323,suspension,17.156401139267178,11819.678161424896,batch,propeller,0.645407081322749,4.725592215704852,0.40392424190397935,1,0.0,11.915283710786122,6074.3367275268565,1.0
1278.1440076689669,0.010008715460468293,0.062105414240612986,0.7252756119715321,0.654595956780736,4,0.15020941779621888,suspension,6.991965943210295,468.6205308635975,batch,propeller,0.3223615700019722,4.798232226115315,0.1763628333288065,1,0.0,5.165373318668648,251.65134432389897,0.986302154633935
1139.1913060211282,44.849108832208444,0.06107908833712859,0.9175073023742295,0.8753221774994298,0,0.0,mixing,485.25044152006893,3342.737267570113,batch,anchor,0.8618328550601497,0.5044128278766596,0.04587536511871148,1,0.0,435.18272983634114,2025.9783014764582,0.4841815662291124
1037.5501621882431,0.050521970241332335,0.05464970262602426,0.7486731741094167,1.0774330395048923,4,0.0,mixing,7.540692941600505,15.444234397133231,batch,propeller,0.1672635416882018,4.159318535841731,0.15475383511411242,3,0.28474574264019503,6.417440750835513,12.33794262384273,0.9223582647757569
1263.842808727003,0.05945131516285564,0.058118106616947746,1.214734603541027,1.4661630463990718,4,0.0,mixing,22.40141723918796,145.21361232839948,batch,propeller,0.3554458816191989,2.690553643520993,0.32643271777057425,2,0.5749457505539715,15.470912657559955,128.53562938912577,0.9505251653981972
908.2736750968661,0.08654158624883987,0.051349447593352776,0.5923446726713767,0.6264685027685936,4,0.0,mixing,11.694418175541593,0.5766783689406348,batch,propeller,0.09727545811142423,2.7313951088567863,0.15062990247372632,2,0.22893249505869542,8.110108257297606,1.0,0.9626725779654501
1028.4721499285417,0.07289938606560237,0.06501715071648889,2.6395765695265085,2.951944174308735,4,0.0017734475021008113,dispersion,43.82359257053838,401803.9733905587,batch,rushton,0.8171748282086998,3.4879442634772433,0.4240518156269429,3,0.8180125955998674,35.74834720096806,238075.183771515,0.9514710108649065
1110.6607808867768,37.39596160785104,0.06337092713651517,2.013773330535107,2.5210728344855435,0,0.0,mixing,537.5893875277955,54055.53659196664,batch,anchor,1.7857640167243087,0.723133377680458,0.10068866652675534,1,0.0,571.0260795131618,34595.78886596676,0.5072896469523642
1239.3954078276756,8.90437160800527,0.05040124586358573,1.1857515337492326,1.1690046791638429,0,0.0,mixing,946.6337345162301,326.2408767746487,batch,anchor,1.0558868453671142,0.24454073329786333,0.05928757668746163,1,0.0,1094.8797303703554,165.23399136481515,0.5176908475333076
1255.456198718636,0.05170076765638807,0.06831251334701569,2.5696736979116865,3.257199860275841,4,0.013872640063733406,dispersion,45.49579733149417,681582.4112082103,batch,rushton,0.9741752721823621,2.816648742790021,0.7437635294288054,4,0.6581869233808804,36.183716590926835,441957.5340166008,0.9433369101798672
972.3118954920732,0.09077439122502275,0.06410556650990985,2.5506782633956515,2.5993533928871555,4,0.008331060293015936,dispersion,45.152516614500975,216090.0775566706,continuous,rushton,0.8928456138167817,4.007470429881019,0.41694664275224264,1,0.0,56.11188724497539,170247.210600394,0.9645291398325145
1057.5591960595948,0.033152147260408826,0.06182302968732252,2.984315881293549,4.072312964743499,4,0.021926922360149155,dispersion,50.84356759321166,782127.9339627954,continuous,rushton,1.0606178976214637,3.1018439521534438,0.7166238991277956,3,1.0826076311455395,47.12103877262347,549286.0540696179,0.9561862554583865
1202.5459177810678,45.5802166185877,0.06673364237478278,1.4326296358724826,1.9472246739691896,0,0.0,mixing,395.5319431897687,19563.05505369175,continuous,anchor,1.264565241151171,0.7960127502205024,0.07163148179362414,1,0.0,415.7286319784607,16599.129282922764,0.5005963070717322
1029.967699013039,46.082886704433044,0.043369934958867,2.0823945740195575,2.738994960886478,0,0.0,mixing,508.69236880733877,102000.39260909615,batch,anchor,1.9570215094070684,0.7292363513685146,0.10411972870097788,1,0.0,610.707583838576,53418.41562893061,0.49265970601075126
1105.5125582165635,9.354003657594655,0.06918461556507263,1.421724485737243,1.7072128811513076,0,0.0,mixing,547.6824514478385,2634.4333377029125,batch,anchor,1.3494864835536422,0.4598340314160402,0.07108622428686216,1,0.0,593.3326959106773,1568.108158763704,0.48649035070435526
1079.4368324040997,0.0749905096526405,0.07007024993065225,1.8965062728410675,1.9289700399746734,4,0.0,mixing,23.492871338084353,3306.373672110547,batch,propeller,0.567995838760553,4.147634157638373,0.49441657875469025,1,0.0,17.870712082647866,2136.245476886505,0.9423201137453673
978.1726762462332,0.04273676833704688,0.042392409786175395,1.1076910783705103,1.1267104617306376,4,0.26412402986801253,suspension,12.308463373087772,308.0348127615621,batch,propeller,0.30868806474531335,4.054877492502131,0.26949790820816655,2,0.4223424852220547,8.222136279444197,204.74581829346863,1.0
1039.1777748414233,0.07805095142161227,0.045475733299360804,0.5352642470660893,0.6120907138359948,4,0.0,mixing,13.114636632581249,6.539280311915512,continuous,pitched_blade,0.16688130058934542,2.1947435005257114,0.08603807988258994,2,0.25512110097030666,10.214663490025494,3.983124222232416,0.9381140444200285
1213.3779917933687,0.06765184566541123,0.06335375129973694,2.0951919481572405,2.0420239381906575,4,0.0,mixing,43.37883721242638,12615.852967866233,batch,pitched_blade,0.7616345527146464,2.3738502307684146,0.4847517754179199,2,0.8497855474897547,36.52871896276007,9329.41766188854,0.9272115850177458
1207.7025857309382,0.049289643950759236,0.053448059252242844,2.5272039555846897,2.584949120136841,4,0.24279559644169113,suspension,42.779813418894285,10575.756557108354,continuous,pitched_blade,0.6675029874614472,3.0882735336127722,0.6464219287643204,1,0.0,40.4691729621397,5621.386398042815,0.9963728899568883
1199.9737724662666,0.0046591796731582456,0.04888093928210091,2.810982388109393,2.9066237753405226,4,0.17217384453696033,suspension,21.769371788281656,474901.9717031612,batch,pitched_blade,1.1410614075368888,3.979970466173179,0.7853900007957368,2,1.0781230612987422,20.587980056482547,376385.7064326525,1.0
1096.250655655659,0.011799771969289129,0.04791544830322507,1.6288350940898533,1.610442927567843,4,0.0,mixing,14.42237521996265,1573.663132825055,batch,propeller,0.47892214496870134,3.689890678595958,0.28605212415828285,2,0.6571031035820176,12.397766962598155,1159.0124575219213,0.9449981891934025
1088.1906177524777,0.04982820557471046,0.05521163316351588,1.7974269712842113,1.6795595193413237,4,0.016962113537885754,dispersion,45.33675205824774,39673.241170049914,batch,rushton,0.6417144699131715,3.0331270324519837,0.35696729139019523,2,0.6774026872020485,38.650839767676054,27324.560165637493,0.948962160399558
1052.709001377073,0.09939617451172433,0.04221794237612198,1.8883478421530018,2.420305720967632,4,0.0,mixing,18.489659877101346,5499.505881027,batch,propeller,0.544808584692655,3.927910077239919,0.48527160170854694,2,0.9296581922313034,16.159185202115708,2911.3412453264655,0.9249375821117148
1042.4930527452218,0.0455859694022128,0.05165796398617854,2.0400337650248836,2.176641712960369,4,0.029838818859569117,dispersion,54.09369042258414,34557.93807265806,batch,rushton,0.6903364020988296,2.47810074217202,0.3372282405521529,2,0.9056489235071821,44.76297562777858,22445.835255977963,0.9840762956523921
1030.8669002757206,0.0261644903362057,0.05277694839226324,2.497798991144921,2.556072860659205,4,0.27009248691804477,suspension,31.263093770504835,74144.27485741198,batch,propeller,1.061347118540227,4.285659790176045,0.576578869095893,1,0.0,25.1157807261467,61996.462629649905,1.0
983.5052811025431,0.04209255814520515,0.05067878560194676,1.7760573691191124,2.658498466914937,4,0.0006812000651144735,dispersion,45.870053123333015,16317.635487747295,batch,rushton,0.6053279215819597,2.5338380478349376,0.4036555071218714,2,1.1175025245200096,38.773252387503476,12287.086918476021,0.9536884684224906
1106.1864810994057,0.0848341167801743,0.057491275964765,1.1279428956084712,1.6274354408117546,4,0.0,mixing,9.757455938739463,293.93649823921345,continuous,propeller,0.29216543355647584,4.029178946220418,0.2813889872150555,3,0.4048076352980807,6.928673510931959,210.05664442962217,0.9651897357560144
910.1441716039895,41.19417480447558,0.062221039399788736,1.6290187888349077,1.6356091756506537,0,0.0,mixing,654.4110663262506,32745.99040019041,batch,anchor,1.4848970175777547,0.6588378692598391,0.08145093944174539,1,0.0,699.623857363595,17590.629028570587,0.5060617990967244
1243.775609783787,38.28652324583066,0.05694137590505913,1.098943849018378,1.2828053774374237,0,0.0,mixing,388.01645186431347,7622.162860315626,batch,anchor,1.0124635746121609,0.7588868192214819,0.054947192450918905,1,0.0,326.6612607069681,6023.116613313103,0.47579432048283626
942.068659487031,0.05491809003692459,0.06943926158427272,1.1222815716940775,1.6034711009239502,4,0.0,mixing,22.069777506438832,1235.5810444228662,batch,pitched_blade,0.43591683486571486,2.351958696310832,0.2015708434819202,3,0.502599338293648,16.40092548995326,647.9171811937033,0.9376141875463982
1202.1889743409197,0.036838088017245835,0.04167117121164516,1.1564575782297966,1.409196339769433,4,0.05959480775550251,suspension,12.744138512543534,184.35802935928905,batch,propeller,0.3134813692035479,3.3707634009753678,0.30187103301318635,2,0.5996596888883419,10.569809029327702,133.357384847729,1.0
1005.1376627922338,0.09096124519685657,0.0702516251678002,1.629363052627561,2.214761398366057,4,0.0,mixing,27.367171668171085,1550.6388834787374,batch,pitched_blade,0.5032491653116947,2.2223181454401293,0.43993169984753827,2,0.8166720654963356,32.302150815098436,801.2176826019862,0.9100659796835943
1193.8276661851696,0.061265817757777646,0.04395190704665334,1.964585571922098,2.5490442555637065,4,0.025778371862117917,dispersion,40.492885057585035,49541.85354491793,continuous,rushton,0.6720116490282071,2.588897388981229,0.5714191595156383,2,0.9693083765648095,43.36936024950539,26019.38285631224,0.9457666721822224
1124.3884152993346,0.008932401092569563,0.051944952145668064,2.030426574795401,2.1033839069599507,4,0.14431082813894303,suspension,30.013952560154877,47999.2898503602,continuous,pitched_blade,0.7403312422141548,4.32858622224666,0.5686198233029025,1,0.0,21.14939189320675,26315.582181036534,1.0
950.7388425843075,39.83719851403203,0.04045363692219731,0.8414904811355166,0.911845203516285,0,0.0,mixing,391.8348542180896,1729.9336980478827,batch,anchor,0.7983485295634607,0.46139663265150394,0.042074524056775836,1,0.0,430.52511700769554,1142.0591638154876,0.5049394618236781
1046.0556081895197,0.04969550445416368,0.05020171814531262,1.88481313857609,2.7641300023705493,4,0.2574256315935383,suspension,10.631556646549484,67657.56154956143,batch,pitched_blade,0.6873858598842952,4.822643134640074,0.36979744915224194,2,1.2717870902078106,12.725673834303223,46946.36349878545,1.0
1196.2928617771852,35.96388028586722,0.05820329460135538,0.6247363667379625,0.680601512059921,0,0.0,mixing,292.3902459828106,614.552866631941,batch,anchor,0.591400866059016,0.4518435015680905,0.031236818336898127,1,0.0,305.63716133042783,363.48637177096026,0.47773554818070313
1202.9756979881554,0.009947844674504918,0.06087673063875958,2.605878868559083,3.759593850898585,4,0.003988704819137607,dispersion,40.381196297378644,200486.59360077023,batch,rushton,0.8171151093050053,2.7614520879985047,0.717456153798025,3,1.0969918538296588,38.60851788815565,129786.84417224076,0.9200458631777959
1247.9198460437801,38.3587330221468,0.042843111385014884,0.74409268516003,0.8003254430683987,0,0.0,mixing,888.9990608292469,110.91823346832821,continuous,anchor,0.6758156634771879,0.16887559149825565,0.0372046342580015,1,0.0,814.4430215114661,98.41934083476555,0.5226849614892045
959.4465936535055,0.024020440615731865,0.06813478342589716,2.013213229371053,2.1186858473004353,4,0.0,mixing,57.80011563480328,3518.356425763446,batch,pitched_blade,0.734570490995794,2.133404195559371,0.3706054367519244,1,0.0,44.614433368673836,2307.524917518293,0.940338518566395
910.4912667410297,0.023243964208844777,0.05355745709405017,2.373079279372122,2.653178121716207,4,0.018222454607317983,dispersion,26.35268944179185,806117.6529378418,continuous,rushton,0.8873168266712451,4.10328751400413,0.6506003975445327,4,0.535989007627989,21.916213278269893,542186.8149567174,0.9748790701912649
949.9446834404109,0.05963836077313213,0.0590809660518606,2.853745224083224,3.5992044694078795,4,0.03158124273226723,dispersion,87.68745167032003,270075.26836121135,batch,rushton,1.1044047825552257,2.723023500101364,0.5886802986038338,1,0.0,78.061610095515,135241.0671227234,0.9371277635831826
1150.1125974751808,0.04010294104911009,0.06244497554087379,0.580329519411057,0.7040599321390428,4,0.0,mixing,6.45028565540307,0.4415042536497257,batch,propeller,0.09192840136644657,3.36189908322352,0.12526386237809084,1,0.0,7.475860569253067,1.0,0.9669682605938992
1270.112405325687,0.026765797657043785,0.052814736676749255,1.4612518910605108,1.851336246448199,4,0.0,mixing,19.686211777848957,3985.434524336577,continuous,pitched_blade,0.5350844362520153,2.5111336375411013,0.2623815440541514,3,0.5733523133712822,17.97693125443616,3154.111481326417,0.9516694126109411
1075.71552146486,0.06390352076083113,0.06902899234440839,2.0179121114452565,3.0203836759278144,4,0.0,mixing,37.799871884220465,177.96241193531324,batch,propeller,0.39948414926741077,2.8125455447403502,0.36806853077258217,1,0.0,34.956542979434325,112.44267712765446,0.9035232094643113
1067.6473134994042,0.026784756465108583,0.06670832654838053,1.3964567336303553,1.5683071814438834,4,0.2241911608486628,suspension,10.945713939676336,7606.567297470612,batch,pitched_blade,0.526753033277719,3.7663339536514777,0.22094683606104323,2,0.7276477111555705,12.954747606316175,5821.007646260462,1.0
977.7219304279977,0.018950986605363082,0.06984761478531591,0.9057999613147714,1.3203980610316206,4,0.0076827898570054455,dispersion,17.02401259564791,998.8336859680812,continuous,rushton,0.3513390639659156,1.991008611241902,0.14585490633540346,3,0.3582599786607404,20.7213281556877,522.7299371296762,0.9272467576779463
1162.6060731792613,0.09666174402269236,0.06172169457543571,1.7094153721416523,1.7824907549609512,4,0.0,mixing,26.39147616618149,408.5014099233677,batch,propeller,0.4204166192714393,3.6812177951659364,0.463430942912957,1,0.0,22.54097425858993,342.59902552097674,0.9382107626307071
1299.0857340096632,16.294807344005413,0.041556901553430815,1.7399881706045308,2.450497040774902,0,0.0,mixing,1243.4871041066992,3749.169985905561,batch,anchor,1.5592446574111531,0.3606709652669758,0.08699940853022654,1,0.0,1061.4054887121702,2274.0549245268408,0.48622504487467444
1287.8701578730415,0.08046811499710287,0.05573263213142145,2.259996809035354,2.4542374163780285,4,0.027445267013986918,dispersion,94.41999716714368,64765.64548974984,batch,rushton,0.8965100315873896,2.400742877097711,0.35443226847246884,1,0.0,75.17480001412243,51870.78146445439,0.9315402330124338
1068.8183669629993,0.037404581492607385,0.05175126542017566,2.3023587059477535,3.4504615368424325,4,0.0,mixing,30.664512998732533,1291.220196545858,batch,propeller,0.4838541141297093,3.2342477819546054,0.5011716464153579,2,1.5551121520612123,23.907311743826526,878.5530247167893,0.9462628098776842
1159.727594747772,0.08575152848866238,0.04472874081419936,1.2773199657621235,1.4131063798444947,4,0.0,mixing,42.92729746012599,142.9427380674922,batch,pitched_blade,0.41131796200305437,1.6731192755424908,0.2927387019267213,1,0.0,40.65647502287923,78.92661106550753,0.97371436203706
1050.4607684139007,5.482414963393965,0.05491009850638283,0.8470733119880048,0.9115254059393711,0,0.0,mixing,494.3058284513463,213.42742733534004,batch,anchor,0.7431824492531454,0.42339772169412293,0.04235366559940024,1,0.0,414.6502312501766,129.6493719803613,0.535362458527691
1124.8859784243189,0.08500300224102939,0.05523536701123571,2.32497933846693,2.2765994819566133,4,0.0,mixing,50.78544100962078,8763.320474155093,continuous,pitched_blade,0.7800804712103787,2.541708773059539,0.5122878626466127,1,0.0,55.50843480295158,6437.852409499001,0.9769853121638685
1095.7265769002818,0.011380312750253734,0.05706627540046726,2.9610456858831844,4.069883992817782,4,0.15451041138472732,suspension,17.39153425380677,308417.85200110567,continuous,pitched_blade,0.9051412775913977,4.407648122718935,0.8829630613645392,3,1.0835089569804568,20.292370928805024,190436.388423332,1.0
1277.7744443720158,0.049089051335398044,0.05851566252289486,0.7366691266762286,0.6763850848482119,4,0.08739902353030933,suspension,4.479750510682962,506.35576741484357,continuous,propeller,0.31921301595926244,4.599584269942352,0.17106206864480866,2,0.26595359760509407,5.393157478081316,377.97992654256984,1.0
1062.0372991937693,0.03727774775470272,0.07031665054259906,2.4262400538716866,2.700848643105409,4,0.016404146468335896,dispersion,38.92186583439281,255018.32888134726,batch,rushton,0.836138907823081,3.542197239317993,0.48122819496861924,2,1.0022449392235335,41.38570293718855,178728.8420496544,0.9621932796719364
1119.2692769832634,0.0755549367704461,0.0603681122113867,2.7049794956579585,3.1701444593977763,4,0.013693066237788827,dispersion,98.39128604847853,269633.5119780242,batch,rushton,0.9903259648298349,2.4076218387659667,0.7039666142625132,2,1.1961964006371397,68.71527400028364,138261.15108534473,0.9483460722646678
1262.772738986077,0.03046032085749605,0.043240977442987376,1.7124339705812648,2.5188573261562257,4,0.04772132592726982,dispersion,39.91323475623509,26114.916950404328,batch,rushton,0.5788314986692923,3.1035408554542077,0.37430745746297156,2,1.1618555547180975,30.81234338592009,21437.66471468139,0.9321862839069027
994.1837391340067,0.09603499991791808,0.0697456908050439,0.5354167502718681,0.5262193844925759,4,0.0,mixing,8.675789262045035,7.08215540146572,continuous,propeller,0.14839626774234788,4.027764371442978,0.1283614293485083,1,0.0,6.689105088265863,3.7217603740738103,0.9643222046473071
1174.2393822804745,0.011032747841513368,0.06759106854348632,2.128695732460377,2.2632333444576185,4,0.0,mixing,32.359425408780496,5773.935909482622,batch,pitched_blade,0.6861228294978792,2.008968790833815,0.49678207588545115,2,0.816096249871647,40.1066073572476,3263.8429318849676,0.9284391224028233
991.2183250054329,5.0933062472180515,0.04530233133032178,2.098175938767345,2.3129551819171885,0,0.0,mixing,634.8923618378633,7281.380646876328,batch,anchor,1.89213784357403,0.5168055786560709,0.10490879693836726,1,0.0,775.2704082547936,4498.660668176548,0.4936685969294857
1072.0262628114842,9.784130134599188,0.04363334464383417,2.155386090473713,2.6042859465013755,0,0.0,mixing,2077.053028046215,2973.54274336841,batch,anchor,1.9634839476745136,0.25289374848405005,0.10776930452368566,1,0.0,1841.6429066117644,1651.3054452914193,0.45434139211341973
940.423321382079,0.09278766479640779,0.07184960443205869,2.251383689784327,2.6308037256608126,4,0.0,mixing,46.80114556108069,1416.6630610735374,batch,propeller,0.6149302291902651,2.973606498791588,0.6216493431907935,1,0.0,36.79324231455812,999.8234342372243,0.9165400009998955
1199.7678227200986,0.04919301787467277,0.06758489793595947,2.8203180135118253,2.9981861158169023,4,0.2225363168425526,suspension,54.47000715473672,85638.43704907072,batch,propeller,1.2185604580226943,2.6031074445554663,0.6358287217367979,2,1.2557359372526775,36.44629592226193,54010.39498319964,1.0
955.6217601447225,0.014665704106254604,0.04920199361681507,2.7008242899958983,3.4138705587850975,4,0.28342517132773504,suspension,26.124450428860364,197971.86169075992,batch,pitched_blade,0.9280592799833077,3.9278663472508764,0.5088091028251973,2,1.3451851060739521,24.013780309444837,112504.9084308477,1.0
931.6829227795916,0.036629006994441826,0.07058629258080912,0.952264351031263,1.3353227312249052,4,0.10681114408464502,suspension,16.91247944099707,131.12880721926334,batch,pitched_blade,0.2598310641959173,4.182140198810362,0.2201509568859098,1,0.0,11.45195919393299,101.35250194944051,1.0
1208.8927532074385,0.019255402676039753,0.05073048250181538,2.2358417662018644,3.0254981572975064,4,0.02652511060959968,dispersion,43.0457837976654,43934.626271266985,batch,rushton,0.6816892397888341,3.6101510968117423,0.5113300208413599,1,0.0,44.99289587871447,38343.79732352606,0.9458945410717282
936.2520260793776,0.03247651611945435,0.04823778224505319,1.3562807213530093,1.5660577060312322,4,0.15474428394304096,suspension,29.58867869895,851.2965216187494,batch,pitched_blade,0.3891610422683316,3.470157997906115,0.20467408050527158,1,0.0,19.948870464250223,457.666286830788,0.9906911181363132
1178.7698096560378,0.01217599798994004,0.06469320017505843,1.1902423094508359,1.5386376687530543,4,0.019537636551672916,dispersion,13.625269320516038,6971.056376880204,batch,rushton,0.39796959894508166,3.0615175241160264,0.3331150076523519,3,0.4356692056947944,16.274189849911206,4667.459551226574,0.9287032697500545
1019.7462879461473,0.06220243395113196,0.04256191809974666,2.2705945313479643,2.7515338080013056,4,0.0,mixing,35.33963236290976,6827.930197857768,batch,propeller,0.6293072048876301,3.5479643758284953,0.5372208829232092,2,1.1522951039534166,24.642192334183,4314.078388407943,0.9307517689276038
1087.8416499470468,0.08955335038467975,0.05577374920635962,2.717715434846913,3.23910587975111,4,0.0,mixing,56.81735357402225,32343.35074765263,batch,pitched_blade,1.0475137194234598,2.5360196511678237,0.49417366665233997,1,0.0,66.11847363083356,25195.706353042147,0.9444373259342909
1106.684676651303,0.008569688434238533,0.0573717255002419,1.6578799207767503,1.684554411486594,4,0.0004886597607531407,dispersion,28.095451975876806,36125.867235095575,batch,rushton,0.6451938352801735,2.886219948900428,0.3839663654873154,2,0.6670198261034207,26.76248399248248,22407.172763508595,0.945502652932914
1110.858212487392,0.03510173561861612,0.04497253781770544,1.9723333119446147,2.3001833678253085,4,0.1696998787558589,suspension,14.912775202976418,70141.63137833701,batch,pitched_blade,0.7697460320425225,3.810271437173239,0.515798485479057,2,0.8879655586940208,16.894897401449594,41206.894530261416,1.0
1074.7509728816258,0.03463503740010045,0.06509804305975463,2.755829179608851,3.8903380290056178,4,0.0,mixing,43.07360097403365,52010.64052253279,continuous,pitched_blade,1.01078024417137,2.40604570598362,0.6999333618335508,2,1.507115462031987,45.9152638238134,34325.80018519626,0.96178014433853
945.3830933505118,0.006962721111299918,0.0419849152606766,1.8320737968005396,2.459989006357906,4,0.21784879814695807,suspension,15.121523761349845,3148.310405812234,batch,pitched_blade,0.4931522377924731,3.144079908793096,0.469293885301324,2,1.0146278443567762,18.346788797219666,2303.291248090936,1.0
1128.8815338929749,0.07475077388940296,0.06498519046184534,2.5728694452066483,3.4445616779236676,4,0.0,mixing,65.77963535289234,15162.13086082491,batch,pitched_blade,0.7766137937049268,2.572238076693475,0.5703295744786842,2,1.4593482444388552,46.683290775434784,12297.339839128272,0.9448830062558823
1044.3932206735126,0.03894876780026196,0.04953321996530831,0.99650021028278,0.9338637984721552,4,0.035079789225394384,dispersion,33.02534697076483,540.4169969498745,continuous,rushton,0.29929454319625687,3.101673981004543,0.23342598492420386,1,0.0,22.210170195949594,345.2825952652944,0.9497575125548735
1298.0857932738722,0.015408880590896856,0.06750825470028725,2.9068387817008388,3.720831587537303,4,0.19109165267113704,suspension,20.17835334608389,702887.8437519483,batch,propeller,1.253813666246742,4.034132511535666,0.692528321797267,3,0.9768574517262633,21.309875958108144,378205.4763994548,1.0
1272.134449413344,0.060702733385252686,0.07069873369562639,1.4747664377586298,1.967608411648789,4,0.03154071361479598,dispersion,33.42209642309455,5999.76801287801,batch,rushton,0.47866621069203646,1.9928768410488764,0.23456799424746574,3,0.5967098208411421,35.17805223680712,3588.9162129134666,0.9601858782408971
1237.2213934858319,34.45264375629787,0.06409849330377995,1.9971597541492736,2.6315892795772844,0,0.0,mixing,1066.5618723235038,8130.674383961121,batch,anchor,1.7428402076446454,0.3398811487927001,0.09985798770746368,1,0.0,1287.8984114339066,5627.347974036955,0.520758769013627
1091.843503079739,0.030299530515056974,0.059840542242266134,2.459345456795039,3.4263258377823242,4,0.06976655093516053,suspension,19.203174190903795,106943.51912854724,batch,pitched_blade,0.7530256787215754,4.310229563632317,0.7055390806352491,3,0.8375186629541359,19.503613520796073,81537.54283983847,1.0
938.5909031636588,0.09523504991648037,0.06112459593554042,0.5850969435831586,0.5346329548412607,4,0.0,mixing,7.417138392077984,1.4322074138946579,batch,propeller,0.087910621605882,4.820781137742446,0.14850756976429325,1,0.0,5.911354840892757,1.0,0.9361439060469018
1033.5546908223414,0.031242054898909088,0.06115834804652602,1.7537065052186094,1.7573413747474322,4,0.17170903868303183,suspension,18.543964104221896,2965.7838109690188,batch,propeller,0.5977367660765701,2.8786728758766458,0.45434004801987976,2,0.592229375981416,18.364752301740573,1682.3217546183432,1.0
1216.1662206599572,0.018333540224202468,0.06857776992699544,1.9626443709646308,1.9900848474139807,4,0.09143398356412509,suspension,31.014784083728202,14425.31931810863,continuous,pitched_blade,0.6478954428347049,3.6568211938509676,0.37821725321917554,1,0.0,23.495704651944674,8277.061237313474,0.9650441336827383
958.7442422535146,0.039595668135253594,0.050258787883182915,0.6773576061495569,1.0006077302237717,4,0.245450786997853,suspension,9.894945910327918,73.00185497020853,continuous,propeller,0.2911559586358434,3.01096198757812,0.1463643335061639,2,0.41518780672666733,8.106766437641152,54.66497769278613,1.0
1168.5800362418563,0.012409364366491045,0.050257695460698824,2.5821977319010716,3.822143984137281,4,0.19881783069546982,suspension,33.430307289369026,97777.99925867919,continuous,pitched_blade,0.8181417248361627,3.477873453781002,0.6459791865779357,2,1.6030759565387283,24.370416606390688,53113.78461248131,1.0
996.6397671611472,0.09551267897285372,0.06324017654102611,0.9959537148241258,0.9097892809083689,4,0.014264983229173434,dispersion,16.874583521391074,1060.3928575333798,batch,rushton,0.3651632290036385,3.1429506046579094,0.17919932033969918,1,0.0,20.164019931988673,951.3811911954953,0.9753100954476036
941.747369463567,0.01761249992143527,0.04367572259750386,2.3115219520350148,3.1984516919328474,4,0.0,mixing,26.836627824070916,2857.9147443577995,batch,propeller,0.574449060851001,3.0841312562157426,0.43997316427704003,3,0.8514083353577253,21.256661435722506,2371.3814914793957,0.9345940627119262
1009.5077468987821,0.027147205534687406,0.04539029862555552,2.5098779164226865,2.593901046391186,4,0.05832896994529953,suspension,26.666109934678076,389523.11972491245,continuous,pitched_blade,1.0331675325682292,4.606887281752193,0.46480311284120673,2,1.0702951688130722,19.163611543706526,305949.8547620214,1.0
1214.019862443513,0.03965506394596493,0.07011913873141484,2.1217255113047986,2.954580348152519,4,0.1941867779581723,suspension,11.388458018556692,55166.42290081413,batch,propeller,0.7815552199050544,3.99519835498506,0.3214132854172774,3,0.9159829005483656,12.805357814090454,32576.597886175834,1.0
1121.9085118986786,0.06433864408403409,0.0509881267078143,2.303545704750965,2.1049151616498576,4,0.04497527181172593,dispersion,52.36567963127788,233923.44084497224,batch,rushton,0.8082500169021005,3.573604791726768,0.5498621343176986,2,0.8415300717788919,37.49989694261387,174706.55685549637,0.9124330909758993
1087.0448513531355,0.09434988600506204,0.04824656644538794,0.6382148244312992,0.5969092661025641,4,0.015877799021328604,dispersion,22.4581835825868,53.76902621441302,batch,rushton,0.20429781408460992,2.1793222726304426,0.10343528988416732,2,0.24975533165263356,20.56760276663008,37.59155527389435,0.9144089410720757
1211.3126303931663,10.774873922911247,0.05925267174282749,1.5370845496979062,2.1798853604564186,0,0.0,mixing,407.7971566196482,6147.8282759011745,batch,anchor,1.391576945460933,0.639945816714243,0.07685422748489532,1,0.0,463.8588369347192,3754.0927557232008,0.5298501105682419
1197.5485977032035,0.03944835792571263,0.04579871928947901,2.321111887289817,2.5559366185105086,4,0.23146320315514002,suspension,41.90097424110575,71703.33055825082,batch,pitched_blade,0.85220774449716,3.4424457152962518,0.43312519021567575,2,1.1409866641352828,29.815425012975954,57499.48491608518,1.0
1026.4875866216792,0.02319562761982718,0.06485733100830911,2.733446053155313,3.2039181944504254,4,0.1371131519248014,suspension,35.890317224977444,218468.49181624406,batch,pitched_blade,1.0302475170784582,4.145005813641291,0.5577537245434396,2,1.3703466543637977,26.24807340922045,183911.5321010334,1.0
1029.151926337066,0.028672237023289318,0.05036241531486497,0.8039000754949985,1.0902983836697362,4,0.1716843911755247,suspension,8.64907661746501,1881.9817141653125,batch,pitched_blade,0.33378384917121656,4.410869106360676,0.21201421537263168,2,0.4532771481737118,6.846358220887624,1062.6149481935495,1.0
1014.776709642454,0.016211101215475185,0.07082688978520585,1.0003372973835103,1.4569555144789315,4,0.0593865391516991,suspension,6.507336543235529,578.1981937286896,batch,propeller,0.337988139655739,4.762888239034019,0.18509614797132248,2,0.588738397461447,6.062832012075504,441.5894220170825,1.0
964.9934019584464,0.06483417665048237,0.04042486430979975,1.7206817697769143,2.1427659811927526,4,0.03864427490396027,dispersion,26.15594805938293,97528.87030161559,batch,rushton,0.6816844634540936,3.644000412454615,0.47756705382042824,2,0.8406743860617002,28.520307157376795,65910.26742992738,0.9509703362363047
1008.1180902725305,0.08874985841111561,0.05361358952075303,0.5056288208390876,0.6304543585261391,4,0.00931427693553234,dispersion,18.159061644719227,25.961227882456114,batch,rushton,0.17381219464680336,2.0403283026956087,0.09397915753726437,2,0.2553953569153879,12.39206548206826,14.448651582897181,0.9566562901384911
1025.9300870380844,0.04362169817007498,0.04263135642324769,1.3733866729725748,1.5669284882996959,4,0.02822926774649457,dispersion,19.909947813792748,47831.11912835828,batch,rushton,0.5101347044370943,3.931423276300535,0.32460512066914815,4,0.3186242867447862,13.963956583395634,35290.667776711685,0.9219441405253127
1224.6867738510582,0.06134431981754562,0.04860462436601583,1.3578944199077665,1.7569011427658923,4,0.0,mixing,17.205130770834693,726.4879799101326,continuous,propeller,0.40691340200194337,3.277389975188522,0.24416996524978962,2,0.7509058654328475,12.617394323429991,421.77272267305034,0.9453919979558016
1172.3857465625556,0.04004116428309087,0.04158156998508329,0.7724542158827006,1.0578284977412333,4,0.038534977836153506,dispersion,15.45600336216759,617.5509339135698,continuous,rushton,0.2555489672399803,2.710892159575022,0.12492484589781916,3,0.31871882693360915,13.294423232183581,351.3075361382135,0.9548164215710557
959.5004988762837,16.925304547433406,0.04093070610217051,1.7805695312215861,2.5648463835582405,0,0.0,mixing,680.248807438194,11962.893877962297,batch,anchor,1.5520248017768574,0.687532749104944,0.08902847656107932,1,0.0,629.3113071656429,8474.774202217235,0.465725446214626
1146.491706192605,0.060989926750000346,0.07078211770812048,1.530793706701001,1.6003731848144354,4,0.0,mixing,68.72492731966038,373.13690374938454,batch,pitched_blade,0.49152949934387113,1.7522613930236006,0.4249007340143389,1,0.0,49.84162154894398,197.73658914944022,0.9669189335234396
960.0366716859767,0.016348419749087264,0.054257618896955705,2.1271634375355615,2.37752240583356,4,0.0,mixing,38.74269172301371,13663.279739941943,continuous,pitched_blade,0.8118504718711096,2.330590102334954,0.33171153143351667,2,0.9377353835729868,28.576776645644568,9845.184198744722,0.9340259952725001
922.7895942134044,0.008133033098817147,0.05972489719176942,2.7445110854118515,2.5908739978109754,4,0.16025268115702213,suspension,30.09506515459418,108309.26833559283,batch,propeller,1.2319891918746557,4.175614119625465,0.5150127173695696,1,0.0,23.800049209564385,96818.81488810568,1.0
969.9111544560961,0.0041127185217505625,0.050632864528636,1.0648130699034666,1.0389446466847176,4,0.005621124856550386,dispersion,24.12575017699274,761.1945128711482,batch,rushton,0.3697094806433591,2.2022984871474525,0.27529171025373655,2,0.39357547784502256,21.818546031274202,659.5953515338607,0.9918884625449268
1296.407005731779,0.012108946417028667,0.07045140182156999,2.38654407464114,3.124371367614989,4,0.04896330707919319,dispersion,56.242596771040084,180733.84900069248,continuous,rushton,0.9316020294430623,2.648041490957167,0.6697646041706626,2,1.1300988185610492,44.09549781563564,153535.6048006912,0.9274763768410234
1149.6659935725413,25.795163234647234,0.06724401302243166,1.7716463094801622,2.0884054610606335,0,0.0,mixing,471.3342313991601,24614.80644944371,batch,anchor,1.6123209386173158,0.6448821632050302,0.08858231547400812,1,0.0,542.3336347253739,13856.105774766154,0.5199431374159944
1152.5487773010072,0.07295858018605109,0.050848703903711476,0.949237846613858,0.8550029221179728,4,0.0,mixing,9.453255505832807,50.87546735117315,batch,propeller,0.20509233996653695,4.370024362187466,0.14451670653831628,2,0.36175175068682236,7.609823496538318,30.63510088587486,0.9582532057915377
975.0569167154438,0.06206757687798584,0.06701598463133121,1.9453519170857478,2.3644092379480504,4,0.0,mixing,31.980167744245477,346.0420186884639,batch,propeller,0.3932536608750795,4.047874542900348,0.560551434769086,1,0.0,23.194440515073566,247.19225731083404,0.9279716106765231
1143.1606785417591,0.03908481591587197,0.04019207456756914,1.1896018393468728,1.6645914663100672,4,0.14032849416518672,suspension,9.890710706878007,164.39419916379566,batch,propeller,0.3121610572932436,3.4758905619209273,0.33863573508903816,2,0.7117325900258885,10.787931697991239,136.83635376052789,1.0
1168.66162984824,0.007212525215705137,0.06512614796331131,1.7265438043348251,1.8781293918961306,4,0.03832066350088852,dispersion,34.387453591380776,32551.58098698183,batch,rushton,0.6233314533932822,3.715609478074989,0.4680554314460065,1,0.0,28.45543652582269,23211.00101618211,0.9200810288523237
1298.2428899695929,0.039717965686645304,0.06419686769283338,2.417376224309135,2.5283526282451794,4,0.2248545127494374,suspension,22.890025347861737,184116.292618388,batch,pitched_blade,0.8731543507123153,3.8736603258433293,0.7156164129412816,2,0.970769284321471,23.367188905136555,98447.91149632019,1.0
944.3934850568672,0.03256125799274845,0.05751291176231714,2.6382169645949327,2.3989736872209226,4,0.03522286227923156,dispersion,70.90395361436521,166818.69922155523,batch,rushton,0.8216256913362681,3.999079520566961,0.6849296990225864,1,0.0,48.132482498272985,116500.51348108744,0.9119114796294021
1298.982144046208,0.031251031985759084,0.04666688127976394,0.9197639699480626,1.3549101581329543,4,0.0,mixing,6.908297948014775,9.333213587511388,batch,propeller,0.17203977560655695,2.8362641644036066,0.1466093998575844,3,0.41430724013881226,8.357263663896502,6.275432513303301,0.9731607254465025
1124.3302996697657,46.313646181761456,0.059000795724087576,2.804305287732616,3.0451164742231462,0,0.0,mixing,928.9910438976704,176269.2969256274,batch,anchor,2.5796997060470073,0.6418049216671758,0.1402152643866308,1,0.0,890.5805180146767,106459.22443897929,0.5066426748282383
1211.117062725699,0.03349162760742366,0.04277752283043136,1.987314757365707,2.53231905463582,4,0.0,mixing,55.14712177560086,7107.321523313137,batch,pitched_blade,0.7938335826811208,2.0346048581363556,0.3392194479263684,1,0.0,49.39870144598705,3788.3060195894245,0.9514940524244808
1110.9418105649474,0.05717998258377404,0.047509508131316935,1.8420310415022558,2.5988565567863304,4,0.005788258531107477,dispersion,56.69002644142277,8729.591456385315,batch,rushton,0.6474762894130491,2.070738305041789,0.5140617279423751,1,0.0,66.48259443989295,4921.540131624928,0.9296173888600081
1002.6816897199787,0.05391352066199801,0.06852527844306522,2.6076890438134086,3.257962645072231,4,0.0,mixing,64.58101048571564,28230.800405294114,batch,pitched_blade,0.9260795049722822,2.0790874091202207,0.5031988122895527,2,1.4927341129537834,50.57675592532579,15336.208877633699,0.9577717518767256
1202.4714913485652,0.0491816613869291,0.05415772304104349,2.404652835199214,2.5303622991092785,4,0.0,mixing,19.873115206603472,19153.316463267864,batch,propeller,0.7061526567067357,4.249147866700656,0.48078948476777833,2,1.1263849655666551,20.574558528298883,13864.29238357616,0.9367731389514629
959.6864505081323,0.038724462957415696,0.06094845467881561,0.697545070482632,1.0354196982127155,4,0.017307761940412388,dispersion,16.198168115528464,125.29331437179093,continuous,rushton,0.2576118031983983,2.1413994031767674,0.11300940692549225,2,0.46503610889916586,18.18181885338027,101.77642221372417,0.9639162813876944
1219.3795373269177,16.579683223819192,0.04726649951227874,1.531536923647506,1.7960500084309885,0,0.0,mixing,1671.403762953297,769.0985732039292,continuous,anchor,1.316766330313699,0.19666842219530853,0.07657684618237531,1,0.0,1587.6100605996228,423.3225938672644,0.49655709280861365
1285.7170976503187,0.03042602419247609,0.04530434634150318,2.0673633673774248,2.7486777045817377,4,0.0,mixing,18.510103714905533,356.40716994348634,batch,propeller,0.3525349099494749,3.21636523266185,0.4087866146657088,2,1.0930360882837313,21.702433283701517,225.23529381639688,0.9092134612282448
937.3028225492988,0.04948164746505739,0.06700146665970816,1.7610951869107754,1.6277381675295095,4,0.018406947195273016,dispersion,38.28666844670211,50798.05579598805,continuous,rushton,0.5662055876284249,4.163269232010637,0.28491198059980033,2,0.6435944881284377,26.112015284874246,35384.978222485326,0.9407026028346585
1239.452787188377,23.68525910988742,0.06882202455734245,0.9450034933847999,0.9595795229591615,0,0.0,mixing,572.5790665158324,447.920252773118,batch,anchor,0.8305506204006169,0.3152941561601174,0.04725017466924,1,0.0,714.204110756877,365.81004941815087,0.4932480678526437
1064.2601127850992,0.006814905477419461,0.046272822120741935,2.939747777132421,3.613641089582077,4,0.1426029718320359,suspension,35.67134217166909,77919.21467870848,continuous,pitched_blade,0.9492685750301646,2.793341375249238,0.6280148788734288,2,1.5611395160466062,31.065827565770974,43024.81166601834,1.0
1051.2716240133284,0.035743640007982046,0.06893904714579796,1.884435669766224,1.7182884348100391,4,0.20622811635976573,suspension,21.91565182012215,95706.29952283957,batch,pitched_blade,0.7647006865961624,4.970919058147431,0.5625486619751409,2,0.5398562919077606,14.72833510386289,83962.64659449107,1.0
966.8371288388938,0.026655303866329604,0.058227008402665814,2.795632366740929,2.9502336413067423,4,0.2518575191190899,suspension,40.01267913488254,176235.72154654036,batch,pitched_blade,1.0051349444451911,4.156965869776309,0.5336890381645212,1,0.0,27.55862510480391,94015.12554597158,0.9871029577334904
1294.8980227364682,0.03170499108846384,0.06479860784953935,2.533905750770119,3.3514995212905703,4,0.1623204373774947,suspension,31.4857185624188,124878.76566704058,batch,pitched_blade,0.8868845866178686,3.072339899481248,0.7139269759744233,3,0.7941702057329141,27.701916390066813,79580.35013794148,1.0
1131.164206907994,0.07994874678631253,0.052084152165587407,2.929945239659701,4.06497705832848,4,0.0,mixing,49.498431768212996,4265.8501460617745,batch,propeller,0.651406200194074,2.891720039843387,0.6361021447832989,2,1.8369798650808766,35.34224931758156,3013.1894275116465,0.9402253804374804
1261.8850862985255,0.07709142197356042,0.058405433705556314,1.492128619554904,2.184960809475234,4,0.0,mixing,28.780984319349393,1191.007293468,batch,pitched_blade,0.4705662517809706,2.171003411543902,0.4103412406602272,2,0.937500356244716,24.94743381944208,682.3179559231645,0.9766844707200731
1277.6224047280607,4.533906116029906,0.0635608588031644,1.6443335513943298,1.870342147000609,4,0.0,mixing,411.75096705752213,7067.027773597812,batch,anchor,1.4356658572798624,0.8299612004819064,0.0822166775697165,1,0.0,387.2397646332734,4229.794523678285,0.5012228375444401
1120.0453683839694,43.67443850307623,0.07048598062494599,0.7799072519381862,0.9683778523424245,0,0.0,mixing,419.12171018873073,786.4481746087652,continuous,anchor,0.7138722508606852,0.3838412202634502,0.03899536259690931,1,0.0,458.31291436837756,691.7019680390675,0.4926470046908234
1066.7080715578193,0.042440041895972405,0.06412445226198776,2.136110151613171,2.8672791953073307,4,0.11372256175981031,suspension,15.79725754543452,306376.2712691094,continuous,pitched_blade,0.9381773532079114,4.917881517244829,0.3447681438002638,2,1.3669408262839617,17.593544064091134,227388.39091523318,1.0
1062.1008280103129,0.018247024654875193,0.044306759191208814,1.2510598173054799,1.5848177465823263,4,0.17690432436472714,suspension,11.97377763292907,18803.302976069892,batch,pitched_blade,0.517057121862334,4.611640423149043,0.24460121081095032,3,0.45856597719585723,8.666011700204491,14375.846687695608,1.0
1151.3762761327544,0.07920591224777956,0.05175055498485638,2.843670686461376,3.054070093466521,4,0.0,mixing,75.7017677842433,33141.18020314713,batch,pitched_blade,1.0635329922953882,2.185521254292547,0.5627505222522485,1,0.0,66.012951843702,17435.07865849134,0.9312263225354027
1193.7815329370512,0.07821103459867738,0.04687468419055418,0.6942805429826949,0.6838840320202771,4,0.0,mixing,20.534901844408825,6.285762213013647,batch,pitched_blade,0.22774377542365246,1.8047494860992683,0.141747759247435,1,0.0,20.33639665059563,5.376005400932055,0.8780473856660237
1109.2561568704828,0.03118674784267487,0.05953597253708569,2.4231531993122717,3.4981889964635937,4,0.18054845931069646,suspension,27.63889639721612,76826.68915265641,batch,pitched_blade,1.0147604106495614,2.5240395438200256,0.5830279514820258,2,1.3704847071355868,33.732540463921865,46783.21213223958,1.0
1000.8831358031938,0.047117444573304745,0.04503495860814145,1.4456677204833255,1.8502095049844915,4,0.011555317004059797,dispersion,26.618808220475746,33898.37692375007,batch,rushton,0.5690480623012563,3.306764836935721,0.3376357146871533,3,0.5013771686494127,24.795779809009474,28303.0691353656,0.9618893756215099
1212.0071077406474,0.03270402737341724,0.04806821236957202,0.761412683884227,0.9240909277101212,4,0.29964691038908864,suspension,10.420356735358945,709.2019296478741,batch,pitched_blade,0.31084265323022675,3.311819245092904,0.13253769324547776,3,0.24099985782794275,7.456840095141767,493.39423590901043,1.0
1262.9378174397948,0.009867389356695056,0.05614217927438138,2.084528121398014,2.3332945173265394,4,0.0,mixing,19.278062497531135,1657.2452715949562,batch,propeller,0.4403206879323093,3.7703083145711234,0.35845948419263085,2,1.0376506639392855,16.158153247862433,984.9067284814286,0.9372332687756543
1252.0508607277502,0.09762863913197678,0.07056163506801696,0.5804354511256883,0.7716761987148817,4,0.01597807359911141,dispersion,14.141736822529113,97.63589627752404,continuous,rushton,0.1887516707427845,3.643961322691634,0.154731020076923,1,0.0,12.238890869559105,62.80123166781036,0.9447612929539678
1120.190768831944,0.07312192444706901,0.05020799593843501,2.9198827136113357,3.6900033539244794,4,0.002514910107870261,dispersion,48.92858003506323,1349389.431039043,batch,rushton,1.122889160234892,3.6740671478711247,0.5645926366070642,2,1.4933247510844048,40.30929112990959,874788.016858153,0.948266813108534
1017.4532847381481,35.359197922136794,0.06854587349271797,0.9066434760559828,1.197812390114992,0,0.0,mixing,1049.2306416834083,278.50957282957097,batch,anchor,0.8203643597387885,0.22111821250652194,0.04533217380279914,1,0.0,856.0071469717362,249.99430127842106,0.47668718466407317
1013.754114809748,4.0483519757408235,0.05859608364354718,0.5499248555714091,0.6889019142062508,4,0.0,mixing,242.6710149696282,96.711345594871,continuous,anchor,0.4819833093027969,0.6243528195406216,0.02749624277857046,1,0.0,180.9728156861909,57.672160469042296,0.5023356704500742
1073.743059773098,29.247418732834916,0.05072599962651876,1.4366073876289571,2.1444485219705736,0,0.0,mixing,728.3871255805229,5418.6674518318205,continuous,anchor,1.3077442415468812,0.39046723694938235,0.07183036938144786,1,0.0,908.6310221912703,2879.5867171575246,0.4988361161553462
1168.4464030602194,0.04758823261530116,0.04086718245970498,0.8737106107257543,1.1155018622506871,4,0.06695188015364457,suspension,9.359525331449293,884.942409685668,batch,pitched_blade,0.3503156795175914,4.082860698730207,0.21530172757883081,1,0.0,10.591645240556828,498.1846652454163,1.0
1019.9035866556136,39.780237575922456,0.06518714126557601,1.7279502691880113,1.684150928970191,0,0.0,mixing,490.4038972845218,35828.55571043321,batch,anchor,1.549169454274518,0.7640445421769038,0.08639751345940057,1,0.0,556.0232207728717,25436.940544591915,0.4738549638445488
1057.5221965075339,0.038890083934136385,0.0667440540045091,0.7105871715339478,0.7472128361775593,4,0.01061691809918014,dispersion,15.953284508411999,829.0787426327748,batch,rushton,0.2627298938991582,3.325686117676603,0.19805884172747656,2,0.26100242679510854,12.319557862091418,448.06869765671905,0.9710617020386973
1255.0642648806256,34.8264168607706,0.06496768312341752,1.517858494254015,1.6766802561050822,0,0.0,mixing,1367.4235920224853,1944.0241530829678,batch,anchor,1.3999861089016772,0.2288843156056796,0.07589292471270076,1,0.0,1624.2984346460846,1315.4153236941868,0.4796186737383829
1265.3131097426904,0.002436628359198137,0.050069691210907354,2.6113057537204276,3.5986645929277805,4,0.2744136400065307,suspension,12.838318820614049,76839.75014949558,batch,pitched_blade,0.6944540835345637,4.937177503351783,0.5313790053528069,2,1.6186711948478962,13.778464836650151,68953.36773491574,1.0
939.8498610086219,0.043740631534084674,0.05743769785179707,2.938154086040708,3.1659533722441107,4,0.021881346691307643,dispersion,118.322795660072,238704.89135077226,batch,rushton,1.1412262240699473,2.691834850822439,0.5078302534883671,1,0.0,93.92487572395603,165972.3725084652,0.9061695161065185
1253.7862756789468,0.09916792930246052,0.06837027307640745,0.806157001216363,0.759176686242544,4,0.017119626488059616,dispersion,9.928828521800048,2053.549239933006,continuous,rushton,0.31174830418218896,3.6001476938174943,0.18099357526323578,2,0.28662506460501397,11.251593200465226,1591.694246830108,0.9760925895750635
1200.6045874081224,0.006074751699040706,0.06679011865225193,0.7316366031837023,0.6862147011475821,4,0.08075665192246502,suspension,4.629886800353345,59.728002708629404,batch,propeller,0.1911624612030932,4.872601409380915,0.12849839018705725,2,0.29656690762840965,3.910456238709173,33.755768731036234,1.0
1000.2951884035859,0.006637709856681891,0.07194235170549085,0.8305422028461549,1.1258729035887918,4,0.25823739990629513,suspension,6.04789817946911,41.6025318789612,continuous,propeller,0.25961395982526686,2.7533348179221573,0.24555631072317416,3,0.3085111222042442,6.670563397193348,37.307661306838696,1.0
1177.5360514893164,0.052549828561549494,0.07030994422897166,2.7735641132956594,4.136734659534575,4,0.01590384770973466,dispersion,73.95397157497209,118198.24880731413,continuous,rushton,0.83774392403639,2.6606806420841145,0.46230923531099244,2,1.734906880286672,61.18052840574917,83206.37743175364,0.9484865964338518
1201.2091218861024,0.08095883824958602,0.0680888437989463,2.324608615935409,2.618655438086907,4,0.03895712916232217,dispersion,44.15046075536289,438497.3289979982,continuous,rushton,0.8489078134155494,3.1894891541482187,0.5233631509514824,4,0.49467942299385076,30.165335845710548,324099.26677251415,0.9373105678068157
973.1683707067854,0.0455569372379443,0.04897409940929349,0.8584019983720634,1.0736387042252922,4,0.2503357703998464,suspension,15.47580884007686,381.73454710039437,batch,pitched_blade,0.32271629018728987,2.9339550186624592,0.17878734235206487,2,0.4508000543271812,10.80594394267069,210.73474776632477,1.0
1163.9874497002718,0.0968225891470173,0.06310001537129252,0.5083313568124138,0.529770895474766,4,0.0,mixing,11.88151943896494,8.739328764356198,batch,pitched_blade,0.19781885413709968,2.092396180864299,0.1413379252507095,1,0.0,11.976373058777245,4.493823245887676,0.952617610822569
1100.9958932018642,0.02522903884390686,0.05973632474897561,2.3185259632249196,2.4107235097456616,4,0.0,mixing,21.483110230419282,1663.5264581190595,batch,propeller,0.4345030134367265,3.834774618933951,0.5318694599246068,2,1.0049963109239421,17.50218889210045,920.8392465658811,0.9677529619752709
1225.4626094928826,0.013877007354142483,0.0692955375447491,2.038702925715929,2.4373658860819853,4,0.05164230694128448,suspension,17.225758620638288,2117.6587736959505,batch,propeller,0.5494279508562132,3.988616549394601,0.46317257218554275,1,0.0,21.42702472679829,1706.6955848389202,0.9850395261531649
1117.1130626585546,0.0729273839117552,0.04589868889316839,2.67072872271164,3.619178192188817,4,0.0,mixing,50.54363435379856,1891.4762169058686,batch,propeller,0.599450215691381,2.77794218697879,0.7369396620699971,2,1.30887072479317,34.51049594386898,1525.190588093243,0.9742666421035939
1285.220837367744,0.028366421375443696,0.06515427830814223,2.959035534591817,2.866346068467261,4,0.0,mixing,118.68466388240472,21596.643258663913,batch,pitched_blade,1.0946743013917466,1.8260606637251537,0.44914822137591054,1,0.0,81.76561489302885,13665.425805077008,0.9626006342541902
1299.2392105742863,0.09495374761105743,0.06745331625464672,2.445160578348422,2.674391072652097,4,0.0,mixing,36.884618933592456,822.2249375699971,batch,propeller,0.5542131052227417,2.70649831571411,0.5024511583665532,1,0.0,36.24030098367171,621.1410628615905,0.9688885165157112
1030.0640261472774,0.0031512616974271636,0.04831515553262973,1.2521907204875258,1.4777103257890765,4,0.0,mixing,22.85103880099944,109.17351707616127,batch,pitched_blade,0.3982563187350899,1.9667732903295592,0.20193607901436395,1,0.0,26.233906944323763,90.9137420156618,0.9558295116419449
1139.1561009779332,0.098138730545488,0.05556083873695493,2.838277416307188,4.237306419604057,4,0.025447784723165084,dispersion,88.40657229939342,185430.17597825546,batch,rushton,0.9775089587406728,2.2176361803894187,0.5783869427800132,2,1.9715458139616353,74.2256015980242,104405.64831054531,0.9243284186989057
1005.8641512632987,0.03919879606666138,0.04155133877433736,0.7480671960935463,0.881419837570085,4,0.0,mixing,22.638031947017318,13.979263557314233,batch,pitched_blade,0.2279832261642679,2.488653096297758,0.18581773946883012,1,0.0,15.365199509732806,11.633823958659518,0.9573860063361005
1027.6699129843962,0.08347644212717119,0.041934547071656655,0.8195767272166478,1.1545350149409657,4,0.04524393365701681,dispersion,12.121908790770137,1934.5647539848924,batch,rushton,0.31416206547911263,3.214968142877551,0.12778990489363404,3,0.34198668600643484,12.686616771361159,1522.786198935528,0.9349692492584589
1023.9193684144049,44.811475388220224,0.06489470130821177,1.7189773728304552,1.7443992466770695,0,0.0,mixing,3131.7056325629374,3853.729695719338,continuous,anchor,1.6326845512505939,0.19802149215223633,0.08594886864152276,1,0.0,2129.4990883973423,1950.7408152260923,0.4944391150658485
1196.486241008165,0.011959827353767959,0.07048867904002537,0.7837196626283103,0.8755142228095514,4,0.25247558263574077,suspension,12.037244830501322,801.1856963573516,batch,pitched_blade,0.351941293339218,3.302441663128205,0.19202982037216682,2,0.35389721472337016,8.188015035118081,610.8812352463761,1.0
1095.7934367423081,0.0849987225299284,0.0637941398755345,2.6968262530371843,2.8566425726132225,4,0.0005342326066336168,dispersion,75.18667975933684,609931.3562394273,batch,rushton,1.0704773842353141,2.8847561837177897,0.4854026264273401,3,0.7943901986546994,50.50248608568965,432708.55518634146,0.9699929359201307
1230.928856783667,0.03967707278972075,0.05210945012846485,0.5112000687472522,0.6365469193165979,4,0.0,mixing,3.7229909114186293,15.475883566121626,continuous,propeller,0.14736744533320095,4.457874747420865,0.10656568328289412,3,0.1823746718006215,3.5250239280792655,9.99727431042256,0.9704996480891044
1160.523161402463,0.009183462705635099,0.04979063362626772,2.8841424503329183,3.955507535302326,4,0.0,mixing,53.55258487700947,35993.900383266155,continuous,pitched_blade,0.9806862097273785,2.3605652249984046,0.7004214372348094,2,1.4778970923436832,39.83583037032791,29941.97856815575,0.9325662093662295
1190.835078072388,16.39984383364216,0.04542384180678083,1.7381829101379591,2.082018073325048,0,0.0,mixing,845.494463032912,8104.475578445586,batch,anchor,1.4943505684514045,0.5322126112532525,0.08690914550689796,1,0.0,702.2988995575855,4493.730528481839,0.5305385542576231
1264.2123379668067,0.0023132705178758204,0.05405429542846612,2.852614967420639,2.7693520691023443,4,0.012368426156663765,dispersion,37.584613201134886,969726.6828027793,batch,rushton,0.8596679205906411,4.022351745793143,0.6248904321485447,3,0.6441097827428927,26.223144594141818,541403.8571896711,0.9405904583086564
1143.2623915838706,0.006054889292887708,0.07021083500872753,2.1980418838509763,2.516183024986519,4,0.15910373263247546,suspension,19.218805773878387,81236.45059782748,continuous,pitched_blade,0.8552246333119624,4.014218628970463,0.4760965040900912,1,0.0,21.83429056403491,43765.92227456579,0.9964835215298435
1128.5368597802908,0.04522642230368854,0.0443625530046247,1.6535373946147671,1.7283681553757477,4,0.02419326440717581,dispersion,29.69316159919383,27843.776589818306,batch,rushton,0.516533944561119,4.012267445691584,0.46197422219725026,2,0.6549770539986945,25.067196963495057,23460.88813492756,0.9254489124675963
943.2668163374168,0.05601591931035425,0.0715273138870455,1.3244181914445672,1.2698965189023497,4,0.0,mixing,40.6605927137348,393.5079591892123,batch,pitched_blade,0.5221623577566782,1.9022090650050507,0.3269089717822709,1,0.0,33.26990959218008,285.34353147680844,0.9366118821242291
1095.0757687352152,0.04898781006054789,0.06983141127764514,1.7533782874140171,2.09652154171602,4,0.0,mixing,57.58251442989337,1145.2039366208348,batch,pitched_blade,0.6455481372220643,1.694739854316626,0.4149951224150977,1,0.0,53.28943219318045,664.2111487591994,0.9517693211675404
1206.2841310596104,0.0642506209313526,0.07058614043327219,2.3031015927842753,3.184470306388294,4,0.017578971586963033,dispersion,47.807712748518654,131783.85191003577,continuous,rushton,0.7864254266928038,2.7324424621427776,0.5793105370407337,2,1.2882174321420998,41.182911718584315,67851.37030790457,0.9555394963131248
968.6424432519577,16.60792038083602,0.05346325845122625,1.7064646309146227,2.1460090949879715,0,0.0,mixing,859.9554340432564,13412.430584995662,batch,anchor,1.5815924235549774,0.5894382601879485,0.08532323154573114,1,0.0,631.1011588224906,7696.132793136004,0.5377970327033701
1163.2318186214932,0.07893784400479185,0.04269522240894386,1.0672117400046006,1.340508797828124,4,0.0,mixing,11.19210027942139,133.4936336127485,batch,propeller,0.23647919814339743,4.501573656326913,0.1653789769751469,2,0.5379030498026228,8.686155580319562,70.56129740475897,0.9632610460157388
1291.2336250590222,0.037123808042648906,0.06002264885541728,0.687119941090552,1.014164529677809,4,0.1707593674705985,suspension,11.820456695033219,14.27264993738343,batch,propeller,0.21613701586796968,2.989352622030945,0.154377176207689,1,0.0,11.090775170727488,8.646008391763367,0.9397038416713779
1101.7843870496959,0.06881197745293745,0.04284985176388133,1.2752438567697906,1.7617516670120474,4,0.0,mixing,7.474776839673318,919.257805029531,batch,propeller,0.37014540940669993,4.344355908142635,0.24955491900698265,3,0.49821003296484284,9.203972871403094,791.9719426959743,0.9527021226147714
1118.7578522351141,0.005194371298211466,0.056156657692721754,0.7321108628347657,0.7563351155849052,4,0.24365581991675495,suspension,11.719573635707334,25.756120736656445,batch,propeller,0.2844363675539777,2.7315331287659594,0.15445676066208372,1,0.0,8.43005319097884,20.180902836636925,0.9581804189139879
966.1519572751993,0.0038349194939063433,0.05037934641127592,2.5813466541016385,3.6382353504815224,4,0.0,mixing,32.52236807871672,26661.144787375382,batch,pitched_blade,0.8664244302475612,2.314519759592422,0.6436635079149827,2,1.3738747411030994,33.42110666014694,13365.641313650409,0.9479925486058765
1280.4105076024894,0.040225405514230185,0.05859969915046653,0.8750221082493934,0.9288316917017079,4,0.2763223483663787,suspension,9.823421444059717,720.8642078655704,batch,pitched_blade,0.3277556872113382,4.420742775898749,0.24185902234563064,1,0.0,9.489706604591422,497.7368518332259,0.9759077682672741
971.0671796544317,10.875677694082226,0.0673333111107725,1.115856972642995,1.5852860237211384,0,0.0,mixing,437.7797132006621,842.0397782393082,batch,anchor,1.0201115280979007,0.45440540561868814,0.055792848632149755,1,0.0,526.6134373968459,728.7162886424898,0.508121837785453
1183.8850493556317,0.01426185799484938,0.04774644758927512,2.2502062671708303,3.142824224713562,4,0.2903444738371766,suspension,20.784029709677487,387004.5395716719,continuous,pitched_blade,0.91201905251877,4.951928758468677,0.44571734098250115,2,1.2252815471373415,15.779188344795806,263855.59461131337,1.0
1110.9399963535604,0.06212075020073852,0.05975454812738923,2.1421285769778757,2.742631409483225,4,0.0,mixing,40.72138555779473,39786.98509134238,batch,pitched_blade,0.8170254240711957,2.5626632439630583,0.4883820244289687,3,0.7823669403737601,28.27531122774794,23301.266342176725,0.9165761215076809
1046.355344203544,0.012369599456998715,0.06588081405572085,2.2801754662015807,2.866802885543693,4,0.03020315137576638,dispersion,31.237703256206192,289849.68043781706,continuous,rushton,0.7466286510947497,3.7013449984804083,0.4654737559372869,3,0.763089793753732,27.874296051399785,156958.86666254484,0.9262747172243344
935.2937664911909,0.01977175307163719,0.0508091198641469,1.9953519139225515,2.972021754690394,4,0.03316325239264969,dispersion,51.96483911141343,41528.7949549734,batch,rushton,0.6879367611511834,2.1539485205642213,0.4091301498346656,3,0.7992777169731181,38.01357204298584,21890.69327766091,0.9382755440180873
1237.1566007366882,42.64667192578168,0.0716376752454122,1.7350898849927818,2.4674393396357472,0,0.0,mixing,1976.2419849680957,3833.616621451308,batch,anchor,1.5974325864107692,0.24234362312892835,0.0867544942496391,1,0.0,1564.376951900372,2789.4789930306815,0.4903236357453563
1039.3930570825296,23.32215097090953,0.05409933952241672,2.856899018016051,4.0881889350663885,0,0.0,mixing,1529.4961811633943,26892.152208926633,batch,anchor,2.4839119919605688,0.3523119542470923,0.14284495090080257,1,0.0,1723.916144830085,13505.406764201478,0.4854496565030617
1182.1325512155695,0.06365191086772486,0.05090027490780813,1.676227249855109,1.6482589356788524,4,0.0,mixing,19.82913944756765,4898.97849462019,continuous,propeller,0.49323502168457495,4.370326357240325,0.4635254971071226,2,0.6313114115164109,13.248223243364153,3049.873616548779,0.934783168373905
934.127591650928,0.0840820345332267,0.06964009494956408,2.3597666221737175,2.621541029800296,4,0.026792400666880448,dispersion,46.0552108752241,179749.63683688786,batch,rushton,0.853239762376069,2.8464552657705138,0.5792824752748051,3,0.6200119233767805,40.04653840681468,115948.55955621561,0.9532140278477337
1180.2752002942939,0.00267829506452492,0.0620128329644158,1.751144440021075,2.3751482782403204,4,0.21292952533736637,suspension,12.227855329076501,183042.31355028553,batch,pitched_blade,0.699305031167428,4.904220455864393,0.4975449366518386,3,0.5727692707553091,8.184000231597294,93300.21257207605,1.0
1253.6057281584256,0.013625223698039726,0.06314995823444507,1.5890183878022124,1.4673546367952688,4,0.09706251821492946,suspension,14.70688825622019,3772.760397038766,batch,pitched_blade,0.4205765137344193,3.8112688391561287,0.2648826997114921,2,0.646200316551563,14.370983915910148,2166.042755755323,1.0
1081.2705820809936,0.09664965923847252,0.04362983993393584,1.8752439926060482,1.8498011614753733,4,0.0,mixing,47.13628232068863,7002.383242689803,batch,pitched_blade,0.6976619273454319,2.0612976943031245,0.42210289855889505,2,0.6728387169959674,38.43166253008639,3979.7528517833425,0.9482976199243214
967.0549015829589,0.04393919685305782,0.06563701386801281,1.7533595919459786,1.60752932409346,4,0.09272106929290454,suspension,16.817694803037778,38395.98489066401,batch,pitched_blade,0.6299748387413672,4.445679695923699,0.356076893572869,2,0.580257416379222,15.641683098310521,19339.62324921229,1.0
992.0543114873966,0.04305828274638091,0.04538299525172783,2.729644001868909,3.681809744999534,4,0.16721337949543397,suspension,24.286669104971203,50674.52458682575,batch,pitched_blade,0.748972975804317,3.616916413991722,0.5827301849369673,2,1.460282805190781,29.50069412016969,26871.327201124084,1.0
1207.4267009177097,0.0515599587773785,0.05576372276064205,1.1403182054316636,1.2956909601872413,4,0.0,mixing,23.08961095742254,166.52965850789073,batch,pitched_blade,0.3588809954772952,2.238398173636114,0.24713050898316605,1,0.0,21.250574624686152,86.33418943165346,0.9900940766780965
1271.3218140169831,0.0441131960044425,0.040610096928491934,1.6316074172801025,2.091055953075076,4,0.28961898970825967,suspension,33.170719619039396,1642.120731610437,batch,pitched_blade,0.44009594087202714,3.1565119721282033,0.3638788411590036,1,0.0,22.473085112173187,900.8781066658227,0.9888999456068992
1230.9049309936968,0.044042544551052304,0.06576767229072944,1.0985335824187512,1.562410030580042,4,0.16710649169342096,suspension,10.26189745724301,437.27901966656054,batch,propeller,0.3349888887857057,3.9517981904859303,0.24511499600492212,2,0.6729549808320926,8.820440218068738,306.16776235570853,1.0
1102.2482128748013,0.0010576253447589243,0.04864402882360011,2.450027500542287,3.1279579289057913,4,0.0,mixing,20.428632444810592,2886.646465671471,batch,propeller,0.5961126257753834,3.309166437955725,0.49867627705940715,1,0.0,20.95759881953586,1501.127793167579,0.9577543418281899
1101.2838080127142,0.008315895171102133,0.0549990466933163,1.3274381687082237,1.3568184437608128,4,0.002732021444948907,dispersion,27.880484721581364,1523.0489496876369,continuous,rushton,0.4097285975890239,1.9716505196160636,0.24134697090716198,3,0.4078676737920575,26.435907025881903,1185.7205096012053,0.913276172266002
1110.7780887175886,33.31732198876198,0.056039388097149624,2.9935036508439836,3.4908375964918,0,0.0,mixing,957.8374287674769,222387.81018252467,batch,anchor,2.6410635298784397,0.816050995074993,0.1496751825421992,1,0.0,813.6355098563947,156983.70517898144,0.4845950634759373
1049.6264038323638,0.03897352750621668,0.05712618596890489,2.0259178518745617,2.7662992115646787,4,0.10221569522602984,suspension,51.46283886797129,2651.1861779818614,batch,pitched_blade,0.609279031514063,2.563144030207788,0.4490296445311483,1,0.0,37.143949106264984,1858.7446133334256,0.9336759279529374
1227.2432239918019,0.09705654159039653,0.05657792283351473,1.5134271374452353,2.154817166726587,4,0.0,mixing,23.935753906468182,69.71441806676172,batch,propeller,0.2515071478539435,4.2190860087886985,0.4085917938406844,1,0.0,18.21258979240902,41.04348421715226,0.9572122426744442
1134.1079919147865,0.030701988812792614,0.0658296878533893,2.3379001299633546,2.861349501175919,4,0.009078198453091291,dispersion,18.100280300412656,1649679.1575152902,continuous,rushton,0.9119240428616505,4.088108820364692,0.5427057391350635,4,0.6091222072773446,22.46732272972894,878780.213658598,0.9631581143045602
906.8984974815518,4.455384913580861,0.0680326541397689,1.080511007363085,1.3242144968615297,4,0.0,mixing,283.4339614157874,1148.5995865437558,batch,anchor,1.0066618140886223,0.6878783406540744,0.054025550368154256,1,0.0,308.957354360762,767.816646260374,0.5026124905199169
1062.207611783348,0.009877108274271015,0.0472668426065981,1.8658023576863219,1.9445523538307725,4,0.0,mixing,12.86022519009977,3294.7307123418454,batch,propeller,0.5000709771801173,4.525233047984516,0.3329530255650867,2,0.827184536992607,11.722927304847115,2661.3920285015297,0.9295022752500643
1110.969075475869,49.119645317652854,0.05721147546822916,0.5990199689421228,0.8217201918061657,0,0.0,mixing,281.19007279996464,1020.3032286364577,batch,anchor,0.5302409755706273,0.6686049397659798,0.029950998447106143,1,0.0,212.48813684003898,837.372493533301,0.5093144398166881
1119.1536674912845,0.048120787294061704,0.044381942885174594,1.7816930307404069,2.1735166228227856,4,0.29695911972509753,suspension,23.390091245076032,47785.99843338227,batch,pitched_blade,0.6293516435002237,4.921961997439987,0.3486640160714958,2,0.9849643828506124,15.937559785827121,36386.49166930752,1.0
1199.3011658520056,0.08022487979466358,0.047042208022658405,2.916499982197738,2.7039917069596697,4,0.0,mixing,35.25834801568584,30129.43172169887,batch,propeller,0.7506102007213473,4.991088140780647,0.8727537815394318,1,0.0,27.033578161672747,17546.12409275654,0.9589883892683366
1234.0099080822615,0.057058036455951915,0.05520241908983468,0.9002566482951284,0.8458701425082248,4,0.016376732738716083,dispersion,17.984972762279703,2978.5252353813717,batch,rushton,0.306632418220066,3.3381487820575946,0.14638906929264914,3,0.22469606691648247,12.195563074847326,1753.3117800936936,0.9235636294151228
990.4279087050398,0.019279012196476285,0.05808018483017319,2.3987245531791546,3.4021987819256005,4,0.24977711161371663,suspension,27.12660972396318,550790.141959839,continuous,pitched_blade,1.078253717174731,4.5134268412355825,0.4057432064146144,2,1.453108819271396,21.405088994804686,365302.71934242215,1.0
1109.556802720496,0.03596678130311909,0.06922178456140872,1.6817737259655903,2.454896605685788,4,0.0,mixing,14.571610745264964,5263.175353207409,continuous,propeller,0.4702847449440527,4.851150856263008,0.4505070128194182,2,1.03301328310158,11.900301944498034,2922.813431919813,0.9647300513904544
931.5579123955966,0.060661524080449065,0.07124175075222186,0.5431271467987968,0.6582666911249195,4,0.0,mixing,8.933428748823214,17.311565814515518,continuous,pitched_blade,0.2164049212553953,1.965235234081019,0.1188388178199786,3,0.17614153366806082,9.927727019824657,12.010502347911276,0.908899166294449
1173.2898485862363,43.402495470581904,0.04912233011558312,2.0622508724422364,3.0320705587556716,0,0.0,mixing,936.4330701064493,34774.369211340905,batch,anchor,1.820132741004131,0.5253557145652828,0.10311254362211182,1,0.0,996.3578717000786,20070.339739701376,0.5057647337159673
1206.7647004179717,47.37849462752528,0.05900500626851855,2.409263988264387,3.4499599490862103,0,0.0,mixing,854.3576072656663,118107.11454863376,batch,anchor,2.134937511720888,0.7073327873969216,0.12046319941321935,1,0.0,792.805418049148,75835.6023368711,0.4818232755358287
979.8121933095259,0.02033075510322149,0.05251551952193734,0.7278791388181134,0.9803196541179579,4,0.08820606297707602,suspension,4.8743527861473375,797.922269973294,batch,propeller,0.32054613019498557,4.890737482926197,0.11824321860223569,3,0.2814275756918866,4.171708640519871,505.03423304341976,1.0
1057.8891170316647,0.04813595793836785,0.05345486653547827,1.463670047037908,1.993650642796353,4,0.11184592285059076,suspension,22.337483733533436,7635.15041922855,batch,pitched_blade,0.5425590639642031,3.694532844021874,0.25527733683194836,2,0.9300530396010469,15.266626443031853,6622.937417166178,1.0
1146.1453706791028,0.0074915331535203005,0.06816380356970544,1.8762708609541432,2.0763260138003905,4,0.28718923492167414,suspension,29.05093252428132,5770.567256568464,continuous,pitched_blade,0.5963971088721703,3.6386077287309786,0.519158723229477,1,0.0,21.49282097490505,5120.226831452827,0.9837263592890592
1075.3167724150271,0.01040933760279068,0.0688957076504067,0.8327576027950357,1.03731168900891,4,0.0,mixing,3.147241985863014,29.18399033740749,batch,propeller,0.17358957898958746,4.524159249179633,0.24875657873591153,3,0.24303064826824394,3.9095319494132617,23.89874932664547,0.9869766872025265
1148.8996894918264,0.059973760389116594,0.04123831173793184,1.00549998764231,1.4487421012322663,4,0.0034071396387907018,dispersion,26.30049841341424,5135.86262389637,batch,rushton,0.34662234725831614,3.6746958206784752,0.16753254335372167,2,0.6903402665167617,18.143366974698775,2582.2583438631605,0.9681976593486963
1155.665213689135,0.05467969930755294,0.04469541333451157,1.4320728496420805,2.0519856579361258,4,0.0,mixing,22.063399053716758,771.5086491284615,batch,pitched_blade,0.4666882100368838,1.754362434538895,0.24701010496423753,3,0.5623623718119577,27.057816862287083,423.6997449865243,0.9293819825402152
1158.7687051414348,0.048642349219485334,0.055377475096403575,0.94597047998859,1.1791177490021587,4,0.1466675522694516,suspension,6.78751067029984,1202.2592888548788,batch,pitched_blade,0.28886457317521114,4.7693478496009165,0.20797991760335047,3,0.3223058044741786,6.623148489037472,930.5040162964142,1.0
1030.8291272074277,0.07799127838420886,0.06999652078519887,1.0236638550371215,1.3193573228891426,4,0.02980708249903427,dispersion,10.436602496561024,7535.063628344671,continuous,rushton,0.37750046252325226,3.2245163062529056,0.17845969745534349,3,0.3677488174495818,12.886141297251873,3824.1107253892383,0.9593123751101142
1183.653864208727,0.01792825628986317,0.06776714183857005,1.358608229164342,1.9365374623438734,4,0.03499672256736817,dispersion,17.068147579069738,17965.80722249714,continuous,rushton,0.4800412653053747,3.6397542284318813,0.2531168030202863,2,0.8986382534927024,16.86964700732883,12896.429584506017,0.9220386037765494
1048.5273064967105,0.08365213049525386,0.07069813524632948,2.17616120210935,2.6752837727920094,4,0.0,mixing,40.331746108858376,20821.440209305754,batch,pitched_blade,0.8587994761032082,2.513732202912408,0.5640210671677404,2,1.1137557361925055,37.57858076974188,16269.055572524641,0.9525441302640926
1103.0999459057455,0.06692509471894512,0.0479001237102509,2.910982635840393,2.6968158582816715,4,0.0,mixing,26.277435764758913,3194.0536086566744,batch,propeller,0.5446221287397998,4.510904283825526,0.5202776010088834,1,0.0,25.818077306431817,2123.0029273225396,0.9792623089435054
1197.2586621557716,0.0489087415168306,0.06569693083910733,0.6727494137211949,0.9069601517123504,4,0.1452742810657554,suspension,9.131265056003134,230.21904833526622,continuous,pitched_blade,0.22720031327405682,4.345934312492411,0.13796193805182988,2,0.38560282536430573,6.1458557565411525,153.1860133519677,1.0
1079.7481760600851,0.044777832067052055,0.05345146157080549,1.7180087071853485,1.823097191669904,4,0.05867048631162168,suspension,11.328545812402693,21257.72201407865,continuous,propeller,0.7170015725164081,4.050004673337432,0.4007255256195689,2,0.7217316809544836,12.14001034387983,12305.289714249191,1.0
1068.2696522390265,8.118754082833075,0.07098200005238857,2.6988871045978726,3.9823998742504103,0,0.0,mixing,850.5410583025906,16931.37808258024,batch,anchor,2.50983136739057,0.3909372390362692,0.13494435522989365,1,0.0,1054.5547521079018,8548.952781273281,0.5175106572724527
1131.6314388480196,9.963519020939053,0.05981036639780468,1.2221704538838933,1.5012734290656553,0,0.0,mixing,1285.9790467653238,414.94980636938413,batch,anchor,1.1414820882523469,0.2530591101214281,0.06110852269419467,1,0.0,1085.2760219100685,292.5749404148417,0.5100618820759631
1084.2290603051006,0.01580479591545276,0.042552193031261724,2.8481129137528205,2.9786623858096832,4,0.09537622003581243,suspension,38.3940479332081,252431.76916298128,batch,pitched_blade,1.136694675328791,2.8962771907655713,0.7063098169830229,2,1.2229696370873342,35.82231338596968,129621.24963705282,1.0
1096.9823685333938,24.693360075807302,0.04276467277582173,0.7678222930263776,1.0770007804119142,0,0.0,mixing,492.6295042057096,813.1965902520251,batch,anchor,0.6733866307799106,0.515340788336815,0.038391114651318885,1,0.0,361.2171541839814,539.4615564808589,0.4958337077974747
1070.0845759318202,0.0014858531221181865,0.06323450740084241,2.8075404501938515,3.564291250685965,4,0.024150986725662515,dispersion,41.062159538304826,506053.1771001046,batch,rushton,0.9788208302459548,3.653722546477466,0.6179027120558437,2,1.3833764790192802,28.172094484038332,401905.5941336643,0.9692879186703482
921.8390742522752,0.013234570223736152,0.056109224128612675,1.7802496833571053,2.210077591873116,4,0.008069872712824389,dispersion,32.156965187671304,15831.047256074718,batch,rushton,0.5718223837572332,2.5269535523699167,0.30490598771196786,2,1.0413136163834722,33.3554154818764,8137.138603949436,0.9624803577366416
1236.7340139408448,0.025339379172123373,0.06379738406095307,2.577449664232096,3.6095764418877576,4,0.11459191369266987,suspension,54.025348244663356,8594.745057115477,batch,pitched_blade,0.6689066374242851,2.982402951340829,0.4561459654925126,1,0.0,40.817977989635274,5128.373299209329,1.0
1024.0737881813707,0.006693338543347682,0.06969967703302171,1.7512908826003417,2.0235412988395045,4,0.20941997321607242,suspension,18.469944523590435,2799.333649030637,continuous,pitched_blade,0.4526062510554291,4.378784512157029,0.3879029683325488,1,0.0,18.52046307248072,2144.8545158764778,0.9967239819512574
1233.640342760359,0.011816696677165447,0.05819787392384352,1.8757521829527537,1.7095364292304709,4,0.14424959358427292,suspension,20.569164449376363,39392.58252532364,batch,pitched_blade,0.7896427107297497,3.3140883135338153,0.4174195616596718,2,0.5819665288530417,22.108543015717068,34107.76365577686,1.0
1158.8416815584428,37.97959132055823,0.04709605883490523,1.360965414249618,1.2676320503038527,0,0.0,mixing,532.7624360398466,14778.420595270605,batch,anchor,1.2262616167425202,0.6542977648506022,0.0680482707124809,1,0.0,447.6789670080396,9352.321327114856,0.47456188883699874
1286.1080993426208,0.031873596283777964,0.04405769243525161,1.5069572435862042,1.7917770898116323,4,0.003852495777768028,dispersion,25.418465744293215,17760.978544879148,batch,rushton,0.5060389686581076,2.9889764910694425,0.2743996428047852,3,0.5318885111501834,24.099443226628885,15512.732679899033,0.9442472931643476
959.9905924793591,0.03490660648025178,0.05431661253122437,2.1334292505369508,2.366589170473082,4,0.19341117523091778,suspension,25.68649262078815,2400.0475872834277,continuous,pitched_blade,0.5372339989342741,3.158125591158982,0.46570509043430774,1,0.0,30.15005583389265,1604.3289267350049,0.9864487953021442
1182.5266945219637,12.476379750097708,0.05363155498373456,1.2586964992545284,1.3613393722314853,0,0.0,mixing,827.343784023068,910.6908188878176,batch,anchor,1.1633349976297758,0.30062397406365754,0.06293482496272643,1,0.0,869.6797200054075,509.7282977740264,0.5217184082472972
921.7685474303236,0.03724903830833407,0.06708669236167605,2.818209579253033,2.5875335880589216,4,0.029224319543038797,dispersion,52.81569139414486,1348027.7950513975,batch,rushton,1.1182704751132502,3.0983202016961986,0.6227023303648415,3,0.69632411763861,39.71127986290515,687351.3157993312,0.918688018974134
1230.8606699434154,2.6203306991098905,0.061322904471025765,0.9310851127789104,0.9839370462947435,4,0.0,mixing,284.69766057965995,574.9573614869387,continuous,anchor,0.8606544649879733,0.6980884395310232,0.046554255638945524,1,0.0,222.96520099981544,309.45519570071747,0.5061912008067037
1206.9661124733657,0.09274627189777573,0.06050479784798814,2.432152609641107,2.9603499301649148,4,0.0,mixing,44.8883178795202,34921.63667471127,continuous,pitched_blade,0.8046236228542033,2.3872998027856576,0.6768225621858085,3,0.72195941189605,36.25262230395743,20619.370281064912,0.9446863539194709
1263.7722717914885,0.06753842200980878,0.07180118783229535,1.5748324579249258,2.017374924536159,4,0.0,mixing,24.022046912730485,408.82893063041826,batch,propeller,0.4141102657227362,2.67491647704836,0.2691543136919716,2,0.9136273034512675,22.154045155520453,248.95823787241494,0.9808969240320609
1057.8794297740678,0.04553110484405513,0.06898943883301185,0.7585050529432307,0.7983852339169103,4,0.005103578682215365,dispersion,11.06379232491187,813.1122381261665,batch,rushton,0.24574134915070814,3.7092106253206274,0.12249925474021693,3,0.24113061619029366,8.345928671385096,612.1581643401524,0.9496721932080998
1176.3902286906673,0.03243607393962291,0.06852057385039576,2.096586667559481,2.9216024172674655,4,0.06848767998660861,suspension,13.93897501401932,31870.376335066107,batch,pitched_blade,0.5810452206844274,4.193918142465962,0.42554977683129414,3,0.871165902867755,13.348600558950546,19128.049349429337,1.0
1282.690446075716,0.03933761172045366,0.060553264368531506,2.254648343999312,3.075314427324578,4,0.2766741245214624,suspension,60.11031426768419,73953.7513120138,batch,pitched_blade,0.9351211208333743,3.1864115234173993,0.5375549001695797,1,0.0,42.29965315665005,37495.338040258,1.0
1125.0164210922937,0.06251855217345541,0.04100434198890556,1.1596019054918756,1.3602299295442015,4,0.0,mixing,15.504409294463748,108.28825060044404,batch,propeller,0.3455413644344011,3.0185613972391283,0.2182256095442384,1,0.0,18.200961967934845,66.41755163764797,0.9461326304737737
1234.384532433607,0.04561574217669903,0.043262158474800826,2.1181176822925045,2.347374407701862,4,0.25734577662069336,suspension,29.09336093278626,10808.159781093455,batch,propeller,0.7924614163876542,3.3826161187340102,0.5059529629449797,1,0.0,29.06524600781883,7532.925031245026,0.9883308445746205
1180.9497749797383,0.019111679269520798,0.05326328845850606,0.7802011679683416,0.8952040696483747,4,0.0,mixing,11.106927977515875,1.628167283288452,continuous,propeller,0.13309859770019075,3.7061645648816466,0.23183800796052945,1,0.0,9.592725123251805,1.1595448802758737,0.9439153416244015
1239.9617048061518,20.429146084535173,0.05868391758467914,1.074267424510445,1.084896503138794,0,0.0,mixing,313.4891057245539,4430.538185395941,batch,anchor,0.9984828311613504,0.7553243713874831,0.053713371225522256,1,0.0,349.64904472242586,3252.1591985002106,0.5256346346587033
932.4624689710681,34.14320801278828,0.05198096899788886,2.960012336503347,4.248463665486642,0,0.0,mixing,1014.697371213949,211688.05574685123,batch,anchor,2.6823270185301795,0.6848887556725534,0.14800061682516735,1,0.0,908.8403517588919,106534.19466562214,0.5103134341687651
1003.4731689548977,0.048940378753991945,0.04220708023425963,1.8382652978491147,1.7329065319018477,4,0.1324060722955589,suspension,16.853912404734118,1514.7084646129265,batch,propeller,0.45981636137224685,4.765029734174058,0.3263320575570019,1,0.0,17.231488174080745,1115.484680769673,0.9801535058497142
951.7676422842284,0.07535099338302442,0.06678788409389545,1.834446443370956,2.2865019901068573,4,0.014272963734963014,dispersion,35.58997934860684,43507.166959372174,batch,rushton,0.6725909271837842,2.859238382108065,0.32177740677731914,3,0.6511121804065774,31.140842371498962,38702.76763120829,0.9629235988951306
1169.974023744811,0.019606554132980625,0.060525909544823994,1.7215330326956053,1.928524535542963,4,0.0,mixing,13.382103145798535,382.79950298775134,batch,propeller,0.3446559885559853,4.740495252109777,0.36838513051780303,1,0.0,15.568508513239305,274.5682908774111,0.9314166435716115
1015.094141752941,0.06462458737926872,0.04014058802021787,2.4312229787132296,3.1890339623579522,4,0.028220017199821718,dispersion,56.5342528741292,248111.24200338774,batch,rushton,0.789393855558065,3.565690249243128,0.5742950138786718,2,1.2699769260030833,41.79405322107246,141350.2888930771,0.9318086963265887
911.2758796679407,0.054348435565352515,0.06188238473680009,2.255785891557352,2.9888104190889795,4,0.0,mixing,58.02127410993335,9563.933511188749,batch,pitched_blade,0.7705688650883556,2.425001313554752,0.5778719166769496,2,1.2177992607673105,38.70464326261523,8177.548025216735,0.9897100242570173
1253.674375240138,0.06652209686962052,0.06542396821764473,1.7008715214643626,2.2260581578995207,4,0.0,mixing,13.098526398608488,620.4238181975705,batch,propeller,0.328429547967876,4.548555386411783,0.3207297154746533,2,0.9839784155504586,14.393157095592825,355.2532502115552,0.9511823376959812
1086.8799442080774,0.055376266552776984,0.060496204557524136,0.5575571705618749,0.6401570925437265,4,0.011653992309618378,dispersion,13.631216071138988,213.3012110139589,batch,rushton,0.21270343561901273,2.6417009049023763,0.13713108915302613,3,0.1627545330240205,9.927261862665606,108.83079177336161,0.9529482255427791
1152.998739646489,0.09346593110802838,0.07042758440112237,2.82836054087402,3.292457702407639,4,0.0,mixing,81.84297394699472,16942.060649195882,batch,pitched_blade,0.9516480877671188,1.7461410835949387,0.6602175996596503,2,1.394941551068215,61.532720255123884,10944.859385668378,0.9545467066819313
1220.2630461386243,38.255791302336384,0.06956550980551275,2.2953131383262653,3.1835735462804595,0,0.0,mixing,1256.4374310545197,32727.456539277428,batch,anchor,1.9970441456062975,0.5530541070213348,0.11476565691631327,1,0.0,960.394229354822,29215.867557446618,0.46583618333740917
1141.357904012941,0.07747020022945428,0.05445143065863448,1.9485722058992971,2.673106330817228,4,0.0,mixing,13.829753658691999,7357.713845529777,batch,propeller,0.5427417648563245,4.665765519500434,0.3693666719089042,2,1.2650827024961195,14.520456918843264,4724.264294053535,0.9329302871682484
997.4493512891277,15.688544635999616,0.056005820445240356,2.038301704593068,1.9686409531970923,0,0.0,mixing,1160.136390173711,15398.139259824093,batch,anchor,1.8157838728510856,0.561068408674878,0.10191508522965341,1,0.0,801.3267277944383,9027.61878167177,0.47341895208448603
1149.5411125995129,0.09817707804624183,0.06668714944126594,0.9274270232968091,0.9871847962100879,4,0.0,mixing,25.95559859815274,108.6058416303962,batch,pitched_blade,0.3580763373250091,2.323603924320409,0.2373640990965373,1,0.0,22.08883585895421,87.180749406084,0.9248646881178253
1064.2547953022154,0.07415853868972239,0.07072084679635063,0.6715051884788849,0.8814860300073369,4,0.0,mixing,7.938532731786337,6.229688720770593,batch,propeller,0.14848635377884575,3.2354212781338045,0.10620930626287116,3,0.2781154346139825,6.159349124092078,3.443569349221577,0.9560660133142287
1247.2503399651102,0.09324889304979304,0.04740119206659316,1.2875992145886368,1.4793710293983224,4,0.0,mixing,14.582371571556987,159.8019592854996,continuous,propeller,0.2835079462494648,4.906906143440038,0.31062185040510876,1,0.0,11.905016922089738,119.49157297815697,0.941793473437639
1232.8151731643297,35.06568566193321,0.041121084200305545,1.2586564328838354,1.5382462034450084,0,0.0,mixing,548.5761574011826,13823.020726040204,batch,anchor,1.1751575974231145,0.6498963505190223,0.06293282164419177,1,0.0,433.34549723725377,7113.77424931973,0.5109817675826348
1235.8935997988601,0.04905482261092035,0.05909224312557112,0.9846288304170104,1.120288957694936,4,0.011860596644351767,dispersion,20.318956636713445,1952.423548927448,batch,rushton,0.3585317136341312,2.624678904768401,0.23630934239775492,2,0.41635259790009344,19.25303155897517,1224.910055982736,0.9584043648172441
1195.084591719518,0.07818877872055668,0.04670135963838686,1.0827048468285514,1.053396756269249,4,0.016770611112766877,dispersion,18.82189788060096,9611.830197177622,batch,rushton,0.414711403939247,3.318860680458551,0.25358286898979737,3,0.2858151159098176,15.448068307621217,7293.466370434316,0.9634203266775615
924.073083489013,27.751203161878696,0.05922653615732964,2.794538902583061,3.382892642503548,0,0.0,mixing,1344.4773381101236,78260.01172552787,batch,anchor,2.5792841329393075,0.6093233838596679,0.13972694512915304,1,0.0,1071.0145917614411,57032.75841919593,0.48657311632897066
1173.1656596105338,0.026217711621891383,0.04856531752931356,2.625383688939371,3.6132019508656477,4,0.2005442220411855,suspension,49.44647273090621,261666.4477833472,batch,pitched_blade,1.1392283440059279,2.8684699561866864,0.40714361223366724,2,1.5425191656434953,34.17700137522369,148562.2158339397,1.0
1177.675770944646,0.04636081575913555,0.04196663792015876,1.6335670208312383,2.3391727656817416,4,0.15720266783028863,suspension,19.790591608259835,18594.60328199781,batch,pitched_blade,0.5105940985852273,4.63752948513701,0.3479864890071922,2,1.0861049422941607,15.710733464490302,10795.91017677648,1.0
987.4245406913392,0.05660163859020539,0.06966770663266264,1.1082123600366809,1.2775756569481465,4,0.0308694940228692,dispersion,12.383073320981895,10885.805307990997,batch,rushton,0.3911326440717476,3.7437570698410507,0.1850221573447806,3,0.3605995529479625,13.100151455907463,6425.8258451974425,0.9575880670486062
1139.0669208844683,0.01586995423206039,0.05610419601423437,0.5048981664304254,0.5560189794559054,4,0.0,mixing,8.328531747858854,4.112824481593954,batch,pitched_blade,0.1581861180049629,2.532395704651985,0.1331715545792669,1,0.0,9.693558307410905,2.2670788073831427,0.9233373661884967
1217.8210088790902,0.029965855789963115,0.06042881929026394,0.6392625129849214,0.857784300099264,4,0.2614151271317419,suspension,10.338408997328347,24.048756905696855,batch,pitched_blade,0.16241795932406253,3.2807252804809965,0.11435938523397415,2,0.3873865833926411,7.2208047357542995,13.172182879066282,1.0
1060.7246217992247,0.08865713473998392,0.05062614642688201,1.8104999224462435,2.580979461947708,4,0.0,mixing,36.20772052150647,1130.9141328464418,batch,propeller,0.5177599827814207,2.6793189172332315,0.5162986376301183,2,1.0219398116627576,26.461809570640547,714.4849158485907,0.9503849475053391
1126.9248056877254,0.012963909386227108,0.06205333899444884,1.3880190085010669,1.2596930003276263,4,0.03842885978565189,dispersion,18.43512222804036,36044.69103321926,batch,rushton,0.5057489962110613,3.297356476405697,0.41605573984853106,3,0.27904421655060074,19.663745002780434,18299.928894808007,0.9317911590375443
1162.13020237197,0.009802671465331557,0.04385056923160498,0.5588861533345884,0.7990846046487379,4,0.0,mixing,2.9969917434447204,5.178162606143468,batch,propeller,0.12886815957065267,3.7235910607131344,0.1602166741931219,3,0.23088183759396186,3.4053133034832777,2.6836042913978746,0.9143560437530116
977.9784893729279,48.71953691465872,0.04268756872919525,0.9148807041526923,1.0605159099393362,0,0.0,mixing,407.01692398296433,2600.0550038992824,continuous,anchor,0.8010853266479262,0.4941130643327341,0.04574403520763462,1,0.0,456.14541250234146,1778.1153343438361,0.49498516199569925
925.8958993888459,0.04157389345060434,0.06689418947608995,2.5370315638468255,3.7797214073890038,4,0.25049020395785154,suspension,23.841456159787143,207257.9256563124,batch,pitched_blade,0.8290028315013799,4.921094110034661,0.6402061462759538,2,1.5263868649156869,24.561846795814464,105193.39291329251,1.0
1016.7239238841809,0.01899926385384419,0.07030161901039984,1.9995621102340158,1.9361646976202511,4,0.2680151101995975,suspension,22.658661831753843,39622.67013486434,continuous,pitched_blade,0.8041789306599276,4.168844222895755,0.35852511704627504,1,0.0,21.224428259536555,35126.463276889706,0.9786615925853596
1093.1876370846865,18.404116298678467,0.05142899446157726,2.214036092081104,2.8831479764790444,0,0.0,mixing,2684.717013260434,4732.701326074812,batch,anchor,2.0613174212516694,0.21452773294312463,0.11070180460405521,1,0.0,2353.594187306611,2433.0920618183663,0.49864379342678256
1248.1217665320191,0.07823663502933967,0.06683345878105748,1.529592563938526,1.9569252487530069,4,0.0,mixing,31.123462344672678,2183.3670436655448,batch,pitched_blade,0.5195490137868117,2.385333541146188,0.27157170078585646,2,0.9031640048076219,22.85677618926102,1552.0147887434941,0.9692863427752504
900.9141228461589,0.053005465091297284,0.048296523231114385,2.000788525701397,1.9608532392083264,4,0.0,mixing,35.80797883039103,5538.694857394585,batch,pitched_blade,0.7922226566721947,1.7759444745206707,0.48446229902876686,2,0.7385495552722225,41.65591178829864,3466.902520946645,0.9539762865623543
1160.1651233280393,0.08629468302778734,0.04717831737433622,2.2726331298382014,2.409886664036828,4,0.017349929448030845,dispersion,31.53331959464629,203547.8860962982,batch,rushton,0.7264698254464395,3.8522809127277973,0.46090732350988883,3,0.6256185149827538,35.05702893267124,168411.7422089607,0.9526977297159164
1156.0037976874464,0.0048669452205866775,0.04343912299138387,2.049581073015098,2.574796527946926,4,0.12210812355537239,suspension,16.232297900526586,178774.60571540447,batch,pitched_blade,0.8242591578762071,4.080662657342649,0.47732546935496994,3,0.6750114632071679,13.855791347312064,110846.50813729428,1.0
951.328780157884,0.08906221514343736,0.06301908256756221,0.5895190453409928,0.8812295977270368,4,0.0015223431134736842,dispersion,12.746864628339187,102.08798482089284,batch,rushton,0.1952453189151785,2.940558467643426,0.1376367781826665,2,0.3875220262263609,11.924341109456655,61.502475511606335,0.9647080208938628
901.5426023817973,0.039550686340070244,0.043259142220799025,0.6562650794231285,0.9617789842122226,4,0.1958899883580723,suspension,4.955995749521962,220.3970594545036,batch,pitched_blade,0.22785464941978817,4.448965009451839,0.13518701681102296,2,0.3964859954790665,6.097139306542908,128.42260287617339,1.0
1183.3104093306995,0.023253795709759457,0.05913088555515726,2.137490208295325,2.0641667484264232,4,0.09302763818594668,suspension,39.22167208423327,12982.022001220497,batch,pitched_blade,0.6127493841639763,3.9921762664012514,0.35091675632703534,1,0.0,28.85608392752824,8141.789663804751,0.9623835792151818
949.799638569895,0.09730760688137421,0.04476935832382578,0.7165456586954467,0.7100280895505375,4,0.0,mixing,6.790653011187693,17.02761410057087,batch,propeller,0.19217169957794505,3.494883887372678,0.15250898435162294,2,0.2951915735891315,8.375759357083854,10.591106083575704,0.9337480244531182
1169.34400093073,0.015192615761034374,0.062024035107084784,0.6582215844661106,0.8520265320157425,4,0.25513553223574004,suspension,6.754150560767585,458.1799393912415,batch,pitched_blade,0.26533912339446136,4.4756034037131185,0.1770832920839638,2,0.3602506533180945,4.957216410734997,335.94330951479833,1.0
931.7816419804216,0.03765698755153762,0.05952771043885349,2.6992627772226787,2.5625278275842196,4,0.0,mixing,44.30641960626712,36249.20837854376,batch,pitched_blade,0.9995051555167502,2.2269512970524676,0.5058406576540556,2,1.0832934267348264,41.143939167005,24984.353215141127,0.9489780459899211
932.3101534813711,0.004281477539002881,0.04167612277601346,2.5193940420236736,3.6808098064625128,4,0.0,mixing,22.070514938367456,998.6983470075296,batch,propeller,0.4484800220262817,3.3209216566248614,0.7290816960580518,3,0.9324875124048813,17.283128871299375,823.9730510294886,0.9504589397308201
1208.3129857828367,0.07708053268978678,0.045888900927334525,1.270304182069044,1.2365895597793723,4,0.014874441671645068,dispersion,31.360860790058165,1794.6143552564924,batch,rushton,0.40986542220315525,2.00389685905924,0.3527704784364485,2,0.40199131261376336,37.783533425115735,1085.866848453674,0.9569411917252835
1022.3455076694104,0.007398322321294993,0.04325823832687152,1.8643908893995733,2.3405004809011727,4,0.2076445124258483,suspension,25.7384609516895,3401.047174542406,batch,pitched_blade,0.481941309370384,3.9162334025975665,0.5396406138623193,1,0.0,17.685778367432768,2085.8837551804245,0.9993405362200919
901.015376332438,0.02418275015171412,0.04921144876507212,0.7132658414425126,1.0561996341074138,4,0.017308851363950717,dispersion,15.072406759485004,400.4612263354759,batch,rushton,0.24735257707403616,3.8435849975703404,0.19737749883480274,1,0.0,12.117953294610338,209.6868420725649,0.946560385657876
1293.0769462974677,0.051884611324902415,0.06820792620078317,2.4519266311095276,3.504177128807554,4,0.0,mixing,31.11978142950874,1131.647846822861,batch,propeller,0.4038171845450824,3.701611586294977,0.37630039889087447,2,1.7075226482995223,25.733893579036184,660.9149556516563,0.9547929169920498
1225.420789796698,0.04027643606329968,0.049521675761395406,1.876783038739708,2.789990781710993,4,0.0,mixing,14.591366853775224,508.6188431156822,batch,propeller,0.2933062365048227,4.931140150687067,0.33733671939374504,3,0.8713534054213212,10.58091871111869,454.5900975685862,0.9735395192179774
914.2555118498823,0.006819417827455771,0.0642260207737868,2.801662060315195,4.073107210109316,4,0.06977144192238487,suspension,38.31704256168282,42278.307040972875,batch,propeller,1.1992264294201496,2.541768674986512,0.7865546788911832,2,1.7723640195182901,28.459644087115628,31915.044826116005,1.0
1193.7431631299983,0.05454252909262524,0.07060702157497498,2.876791974714387,3.2831145985377863,4,0.0,mixing,52.41416711757573,4983.75670017485,batch,propeller,0.7933949440181912,2.5948295625983198,0.7294781067740261,1,0.0,52.48643423968971,2879.4073953746506,0.9393769260361744
959.5278943666872,0.031708535281689175,0.04903894997871158,1.7751336575199523,2.2037620225352086,4,0.1385516544011388,suspension,17.99031045035055,25149.1263835389,batch,pitched_blade,0.6335813389345927,4.848409992151615,0.42502781734392403,1,0.0,16.60499869088193,14738.395337575348,0.9839657541797472
1034.6054433520312,0.04538251469858084,0.06944810693525207,2.3425141243439467,2.9527093431559397,4,0.24095225971238365,suspension,21.978765415516015,17796.10028356088,continuous,propeller,0.6690609555159021,4.5427708335195645,0.6261455116311512,2,1.1618391221815765,16.67061114294599,13897.839284068665,1.0
1244.6939165457147,0.02236495214584572,0.0692473874065806,1.6102623689376168,1.547403040890759,4,0.27297874065399225,suspension,33.17031451093535,1167.9451846449958,batch,pitched_blade,0.42304277536304535,2.9700165399582406,0.47806734182906574,1,0.0,24.58274313075956,591.1299293323716,0.946856826493987
1037.134229622189,22.894381959642157,0.0490955995231982,1.7023240401428625,2.539131557615114,0,0.0,mixing,640.741035194824,16020.737912091561,continuous,anchor,1.4920328325691194,0.7744541475178488,0.08511620200714314,1,0.0,514.9702980443112,13837.296008675177,0.4843257906550708
1270.9593376800744,0.022650397722789713,0.040431529488852994,1.1959957099688594,1.5700931344697924,4,0.0,mixing,26.167407967782328,407.0230088720574,continuous,pitched_blade,0.4341572316683626,1.7235210686397846,0.268019752900848,2,0.6326412779794485,27.62939966543635,212.93183610880254,0.951885339041878
1222.341678823585,0.0476997961033987,0.05681464566857248,1.5499568972045428,2.1540793051078655,4,0.14148742009353193,suspension,12.824939272338312,8986.929925765196,continuous,propeller,0.5266714309412585,4.620029379488406,0.32270588566394426,3,0.6599655272735527,9.097067777485186,7211.581192701389,1.0
1194.8703154445855,0.03042740868051747,0.06946805044798435,1.982981134171503,2.6129293338870623,4,0.13465109127900116,suspension,18.054726566117072,32870.06034117658,continuous,pitched_blade,0.5965981243672324,3.7242273184801795,0.48497711424595785,3,0.7656734723817458,16.21069924715634,16451.54692427068,1.0
1233.4237383940392,13.335647802848792,0.06911133688789928,1.794015177153418,2.4295472177107564,0,0.0,mixing,507.72119771209066,12504.747532866615,batch,anchor,1.5387019885950886,0.7037894228811343,0.08970075885767091,1,0.0,527.1108662498217,8228.311856237025,0.4598709541492007
1237.4047730593481,0.024009298502918493,0.0471846395381603,0.6168971363312035,0.7412747430942256,4,0.0,mixing,8.99551004285119,3.2673406086733583,batch,propeller,0.1448630036790611,4.308823218226782,0.11108680418681056,1,0.0,6.129787406884719,2.792836823195768,0.9686088951749532
1274.0726988783817,0.032452131416186324,0.04789532216603635,1.5100596333903171,1.9656700661913287,4,0.23289089692043802,suspension,20.5053961627499,45748.79774169856,batch,pitched_blade,0.660553499191682,3.8468027607248985,0.37811034093729773,2,0.7385800195218831,14.777810743732857,25165.284765505894,1.0
1021.325987670661,0.008724427226577087,0.052410808974930174,2.5468629986902873,3.7774213882221646,4,0.005035188418695225,dispersion,87.25117497680802,51353.06108261832,batch,rushton,0.8886568743247537,2.2045861265375706,0.39937615278811267,1,0.0,72.01062994307645,30093.422737232875,0.9244654976100368
1219.886377459257,0.006823359970024791,0.040706552330371105,2.9284571148690293,4.345675016477236,4,0.026104423839214498,dispersion,25.87735521620186,709096.9951719717,continuous,rushton,0.9106267740288632,3.6286475982687327,0.8244874594441464,3,1.0665719716476014,26.72974592081257,502204.6245675712,0.9229471568186023
1276.288239411297,0.04592311106699359,0.05352119849588875,0.5462164145913233,0.5700054934155369,4,0.27392710197037834,suspension,7.09689453290351,20.61477975665046,batch,propeller,0.2092109282012154,3.057219895150891,0.1078686654878865,2,0.23578890883476702,5.417911091296334,14.923960984867394,1.0
1226.3788616843276,0.028025406653586563,0.06217853300477488,1.3124127032991793,1.296101639860875,4,0.013650607594832982,dispersion,19.694407399637445,15187.722312628559,continuous,rushton,0.4113466925724794,3.7558426231077826,0.24806173489039685,3,0.37382862246933973,15.586465894687132,11024.129382845687,0.9271969842042154
1150.1335871466702,0.03760817684562209,0.04611284970503953,1.3784967777604304,1.8612392040572674,4,0.0,mixing,23.542081467898303,26.786054078430762,continuous,propeller,0.2744742840648524,2.5235368402505918,0.2630476780097412,2,0.8062248788549807,17.226253286235682,23.33405246442047,0.9352598584520063
924.6707666611104,25.27585127214585,0.07127569808633319,2.6370326228279315,3.0387444433150996,0,0.0,mixing,1362.4902908826255,27773.67871777146,batch,anchor,2.363205121821059,0.40824273670278,0.13185163114139659,1,0.0,1381.9901880031955,17347.198740181007,0.4748650318925708
1113.3032238023588,47.35247096144529,0.06373787154807542,1.1078236708151388,1.3180311733163521,0,0.0,mixing,416.36084644705824,7196.15322897062,continuous,anchor,0.9802741069018585,0.5706912391521892,0.05539118354075694,1,0.0,501.5611868186779,3795.8421733916607,0.5072057103575642
907.2011219274261,0.03528049537505537,0.050979378218559565,2.5297717418915915,2.8144817397962156,4,0.03604451682046597,dispersion,57.187261605520334,100357.36562550128,batch,rushton,0.865621977140245,2.422151136838153,0.5119573045660749,3,0.799049713938345,47.33621285707315,85215.2664084029,0.9317738940099235
1085.4459799804704,0.0832488708924739,0.04849640542479459,1.5898909970858293,1.8621737965665643,4,0.0,mixing,32.56320455068672,2318.9357790049644,batch,pitched_blade,0.5688266719965333,2.021734085984109,0.3487670225695208,2,0.76876224838704,33.436065470214125,1190.3775994233756,0.9509386525212651
903.5298893151672,0.046843398516351054,0.056568443632225074,0.7854563516929576,1.0415023981384166,4,0.22205252856479762,suspension,15.949854927617459,140.42636087330337,continuous,pitched_blade,0.2542806239848096,3.091757833208812,0.12270564835474596,2,0.4701604498809733,10.667344850881939,76.68966552280784,1.0
1163.068664010554,0.0430368205257258,0.04227731441524256,1.2054034392893573,1.2796928934208702,4,0.24025481439008622,suspension,10.197952993708677,2341.01891915128,batch,pitched_blade,0.3695770236414852,4.926563551013168,0.20854294198662723,1,0.0,10.782433078883852,1212.2815143508935,0.9840355185025641
976.422243318842,0.0548932136738643,0.054022761614957976,2.003621932086255,1.8913035362008848,4,0.0,mixing,47.33191166634576,2330.68681341483,batch,pitched_blade,0.6684945076967213,1.9044471106535599,0.48494489044587347,2,0.772487582721753,37.47375130198099,2047.9047360383745,0.9238268198216791
1285.751147991078,0.0413726168902614,0.07149284506526385,1.9300482568032256,1.8237251238812595,4,0.17512716301951603,suspension,29.578471197085165,26117.145656225443,batch,propeller,0.7716607332369746,4.270743232012259,0.3664724400552803,1,0.0,20.676887816618557,15179.980989394096,0.9901800458952589
1168.1985643134954,0.03579543452532858,0.059760303741470525,1.2174653359369396,1.2796444771253637,4,0.17098601980308403,suspension,8.936425277139051,1484.4727387316027,batch,propeller,0.36343996320319405,4.827889085583091,0.29832201166392686,2,0.44579511029266394,8.261870901487056,792.8519338790553,1.0
1205.3069426087259,0.020173545837936957,0.06118226926059285,0.6279552535801978,0.6386302046185592,4,0.14984831664675263,suspension,8.759275043637023,225.74637195428866,batch,pitched_blade,0.26940277720001576,4.030571459839762,0.17255590975072294,1,0.0,7.11451196472458,139.1144572262884,1.0
1040.2106709145414,0.014864163223765263,0.0597626049269671,1.8432837722282231,1.7354321402045172,4,0.014808732226816113,dispersion,40.86715056633681,26519.710834511152,batch,rushton,0.7044631621599243,2.0171045022950485,0.4021294045909831,2,0.690745058890606,47.03671896295635,13721.005633062405,0.9502084508868143
972.0975252378977,16.6743026906059,0.05620282554372724,0.9148079057697005,1.2365660780684875,0,0.0,mixing,456.10765292857457,711.1034054667158,batch,anchor,0.8597607777638335,0.4015294897150768,0.04574039528848503,1,0.0,497.85897417571,426.0051267903567,0.5358571967324607
1287.9720276907951,0.04193616328484136,0.043676675116612045,2.144096356210575,2.6835810519970487,4,0.0,mixing,13.445498108382965,10924.874319104292,batch,propeller,0.5171192050098272,4.318178599746089,0.3807731675507601,3,0.6964851242163607,14.775984353685429,5566.649617804248,0.9703813096482838
1122.6833475394974,0.01705606869376811,0.0656257514182391,1.3845516812349468,1.991199604619389,4,0.08326901376131828,suspension,15.005708199277233,2909.6501481209893,continuous,pitched_blade,0.47247592886479756,3.0880295903242834,0.3308185239500443,2,0.835324483550712,15.897218072588924,2079.0591701871017,1.0
1010.1925028273788,0.040695861923332396,0.0570568023167148,2.5691887733530185,3.513481116895627,4,0.0,mixing,71.83196606987187,5906.5704431129025,continuous,pitched_blade,0.8433356610997801,1.6861172721613509,0.6169739862275706,2,1.3328125527587578,52.89335022492698,4390.402364355225,0.9438492972997898
1175.957434211459,31.905222530266542,0.04060531689999367,1.2400709428424115,1.1920495515250455,0,0.0,mixing,1612.7816392269124,948.1939954113274,continuous,anchor,1.107822623839028,0.23723621315116641,0.06200354714212058,1,0.0,1086.396958507758,637.8371763553453,0.5221549521053017
1138.1873132621997,0.09528352303036719,0.04547737059328416,0.829391706992632,0.7607038069348168,4,0.043077461120194394,dispersion,31.314589540919517,380.3134503262699,batch,rushton,0.2785970549613397,2.275382857091024,0.24364987203758964,2,0.27723929151369764,23.136751834094095,202.18922443852688,0.9282237517061703
956.6030311220832,0.06544599860083775,0.06619551896193007,2.335024449461543,2.4463291762064956,4,0.03863385081366591,dispersion,64.08419281423133,173229.4985367486,continuous,rushton,0.7672116145397392,3.843515363786493,0.41250220149534694,2,1.0459382498551877,42.85411019755291,128358.23278227309,0.9397420691032797
1242.1597595942928,0.0021251503881413412,0.06567989507378118,0.7644138738894555,0.9968624793022756,4,0.1759222632965628,suspension,5.334243800533929,173.52755299204082,batch,pitched_blade,0.19617894572347697,4.766826159532277,0.18618492279112936,3,0.26806009783780727,3.7209728318701796,145.88805466906553,1.0
1108.6545212441117,0.07314207605654653,0.043124546760208916,2.8221050322124923,3.3543418217847325,4,0.030100522518520835,dispersion,91.02760533530409,254417.64309592985,batch,rushton,1.1041249323695843,2.330427113025231,0.825033292006207,2,1.1633253679671316,63.609727507295126,206486.82542495118,0.9550080253656964
1289.3888751660336,17.537408146656524,0.058653051696755686,1.2468406469817024,1.3608130774682001,0,0.0,mixing,628.948989672731,2648.055475409314,batch,anchor,1.1486121893068457,0.5328552883261879,0.06234203234908512,1,0.0,481.256733800294,2097.9285656842685,0.5173559120705561
1141.107427361291,0.03533490475300378,0.06139330973865042,0.8857381455830586,1.048351558800397,4,0.13108379011817944,suspension,14.095657309326077,905.214580328474,batch,pitched_blade,0.34313379163818264,4.287309652441615,0.2596365857997203,1,0.0,9.55804643650484,562.4444174687197,1.0
1169.2004719573197,0.01278704938070864,0.06786480196254464,1.6029914395319462,2.2904922007747595,4,0.10734785628998368,suspension,12.102937413467378,20718.871132683344,batch,pitched_blade,0.5422547347310347,4.562269800000945,0.388499107456544,2,0.8692036308651755,11.46807105390242,11800.46349943241,1.0
1100.1397312455956,43.918691817479456,0.06905489386868437,0.659063190593425,0.8668830978674826,0,0.0,mixing,363.3814390057854,681.0771442684306,batch,anchor,0.5959855343738472,0.40301334889211843,0.032953159529671254,1,0.0,393.72904697101194,411.08211512269804,0.47565382694797176
1277.5319369333329,47.61660799093029,0.07176417316552122,2.3471884410920287,2.9558625301181864,0,0.0,mixing,664.5382059070347,155988.22046837234,batch,anchor,2.070087192761852,0.7981205049441568,0.11735942205460144,1,0.0,645.3611111144022,87163.7447913298,0.5088762294546316
1240.2677408146874,0.018010500832241677,0.06703599328487196,0.8043660500645701,1.0137475023085456,4,0.0,mixing,10.495169489862642,13.185876996109506,batch,propeller,0.16073500168168814,4.841790341129386,0.17742217777704947,1,0.0,7.864825337944122,7.2027050676153355,0.9528902160275491
954.6603412672102,0.04159305134712084,0.056211080564432386,2.962508197849966,3.725195405609711,4,0.2052283619238912,suspension,32.37426873877468,10261.335393006086,continuous,propeller,0.7991106613815904,2.6065621145867306,0.8182447772599423,2,1.3228106211058634,37.88665645355596,5765.709006390731,1.0
946.5645485850265,0.04087433220260441,0.05701959245426214,2.4057645374928085,3.322800714647967,4,0.045202193038452916,dispersion,42.39993190474375,69551.27934792537,batch,rushton,0.8212651015395808,1.9726346832577524,0.5894074122124636,3,0.8457998292270412,52.65357660792128,38697.67319986143,0.9754023334741011
1285.8768245217207,0.038884140156310254,0.06943517685698505,1.782714330769793,2.4838909073523827,4,0.03547866490034159,dispersion,43.62381754444915,13679.482547746964,continuous,rushton,0.591800012520621,2.9762761307572463,0.5152081803951483,1,0.0,47.98800583415532,11994.067495967201,0.9495056785385853
1106.1767433862706,0.002968674064831022,0.06888585407838432,1.8684882183683054,2.7528359179784823,4,0.0,mixing,34.25795831765536,2088.2109083697997,batch,pitched_blade,0.6015245064417929,1.8508028978819497,0.3026195755331052,3,0.8329693983286577,25.262290277368958,1770.75235280105,0.9321504156115087
1160.1502966037465,0.04551810362214768,0.04261734466431852,1.4221167977268432,1.4349260235653396,4,0.08223675171641386,suspension,16.70304796526462,747.1361396137678,batch,propeller,0.4308705888715746,3.1527727125209766,0.274346513602471,2,0.6133149174189928,15.995718706079064,518.9735490714623,1.0
1142.8210956651965,0.010437982418928713,0.04195059831280173,0.9696306817523219,1.2246642555969904,4,0.17011159923979702,suspension,6.346264066681978,872.2284325057792,batch,pitched_blade,0.310207024163557,4.466641864341856,0.1618839709284974,2,0.5177753609125265,7.3447347983452556,720.8757246170269,1.0
1229.4189900784413,0.04705272443660523,0.04121372363788768,1.1177908039567972,1.5643474674140867,4,0.0,mixing,20.440110722299263,683.3401257963325,batch,pitched_blade,0.42095942712262585,2.013401694866458,0.31787596832482895,3,0.4280229318835101,20.01282477003668,503.44189395014814,0.9394064534715778
1116.127055497259,0.03125159313454984,0.07096220018722517,1.9659897635593653,1.952754413643616,4,0.1233652937006786,suspension,29.38130197252493,14497.826144832967,batch,pitched_blade,0.665635225739643,3.9413469076360514,0.42911752303335354,1,0.0,23.69056151184301,12143.875012988896,1.0
1260.26413551251,0.01758510016672575,0.05660337394300768,2.793828125185979,3.63786224382213,4,0.03984576662520656,dispersion,51.15280861135988,556645.1963371523,batch,rushton,0.8892373294972166,2.8447243610347384,0.499360619223955,4,0.7329583406955498,35.14033252250286,297722.64605435834,0.9206140714505665
1150.7608089588807,0.005577568903431389,0.0485480227894955,0.5725941920392246,0.5787619679406261,4,0.2928015934522505,suspension,6.338363092040977,71.68475254989377,batch,pitched_blade,0.22994795601355308,3.166658722922606,0.15160917719614586,2,0.22650745917646942,5.753082141310215,63.89071198841087,1.0
1119.069773281755,0.06910365367281616,0.046054865314350435,0.7221141660084867,0.9100293284840256,4,0.0,mixing,10.383483571918335,71.94170368810265,batch,pitched_blade,0.24517546527764006,2.507392410290898,0.18961108475422117,2,0.3562118892527691,11.44576356797429,38.64608843528358,0.913150398863367
1150.1329369168893,0.08886103111071803,0.044202090091925016,2.539968749017002,3.283135401555031,4,0.0,mixing,16.3478136996878,48301.979480644084,batch,propeller,0.7478187802088584,4.632909338810369,0.5201989308595902,3,0.91806248477316,17.207458511345486,33059.85423208581,0.9766141476604604
1269.8830325668414,0.003312251281693756,0.04256279428939962,2.525258333506316,3.647588613334426,4,0.14068375190215254,suspension,17.680259986285716,140449.53720670549,batch,pitched_blade,0.7756380065260017,4.75490442760677,0.5332195279907226,2,1.4773118323379648,16.74300084388937,85358.88955741613,1.0
939.9303369384576,0.09849229011776495,0.04338753410286907,1.0900341034402845,1.068750933762707,4,0.0,mixing,46.36944457320369,48.23661097152425,batch,pitched_blade,0.3669774346724001,1.855739140045333,0.18623858788153752,1,0.0,34.22827344320173,43.17585731357774,0.9556313837744128
911.1084907312087,0.016387868626756518,0.05762119350113837,0.6712935572981014,0.7970021534572281,4,0.0,mixing,24.351234808384515,4.7462223294061525,batch,pitched_blade,0.233988018998821,1.7396830851958462,0.1456128872542453,1,0.0,17.86073432832222,3.6966110695001393,0.9646917197677967
1226.2864779131537,34.27023136305473,0.05974742821970046,1.4052555352295444,1.8660598535705162,0,0.0,mixing,454.08083805390265,10269.352220290244,batch,anchor,1.2739611552096415,0.5790479543084803,0.07026277676147723,1,0.0,494.66788473498497,6720.6347660424235,0.4891696296884904
954.8899359446627,0.09679829548952816,0.05488940258251445,1.7159896770320118,2.3398070177680115,4,0.0,mixing,21.34664575196867,70.5367010271032,batch,propeller,0.30674812194265205,2.5529552809392464,0.49407406315839686,2,0.8905337777484651,20.589782036266627,36.159125273908145,0.9190621389025999
1237.2638615325866,0.09569976337144426,0.06992710886065266,1.8330455849932514,2.6060314396948887,4,0.0,mixing,14.67741247813004,5664.311554727377,batch,propeller,0.5193932175160685,4.39547952379564,0.34237197922592716,2,1.1906056012051653,14.199534013697201,3254.441426766111,0.9389856449111756
937.8335931269899,15.428829877775046,0.0635290801315518,0.8319049652839234,0.7700193292546237,0,0.0,mixing,404.8787967535,512.2223014257584,batch,anchor,0.7343439727993479,0.5066287893032879,0.04159524826419617,1,0.0,346.87712178530563,391.29648603589175,0.5362065385865302
1246.040241923247,0.045740928101285515,0.06821884074515686,2.2684326473515637,3.3353715707212337,4,0.009183212554085862,dispersion,22.9786034189671,536987.9055166343,batch,rushton,0.8978236654472697,4.156885176762337,0.6250406372404758,2,1.2336624375511598,28.41366186198422,455803.69837497955,0.9527215306687676
1032.7763097151603,0.0652483430194309,0.058043417879038786,2.619247661368256,2.4480728572922974,4,0.00016827599895459234,dispersion,34.02041589285898,1733572.1990227085,batch,rushton,1.014448922701243,4.112801652778489,0.6059004400606306,3,0.6471754954219796,30.298751450841497,953976.705755274,0.9315884675734305
965.4114178245337,48.896398839839016,0.06541675071798461,0.7446747116360226,0.9976647267251643,0,0.0,mixing,463.76311637643545,830.8910819493259,batch,anchor,0.6713754153644023,0.37465745635975684,0.03723373558180113,1,0.0,470.7234702495494,508.77848691804894,0.48503554961217404
946.8601829215182,0.05138696706424597,0.05097659228500304,1.948944588903035,1.846893069694779,4,0.029272853286455347,dispersion,82.50446504738218,8006.8073065986155,batch,rushton,0.5912661932545248,2.4503477371187397,0.3568332371480378,1,0.0,61.63059369793671,4460.232121465149,0.9308213918039581
1114.6788096440318,0.0572722432429213,0.04808512198411445,2.771027878974606,3.4896137397725777,4,0.0,mixing,110.8827197406364,8216.41632396969,continuous,pitched_blade,0.8891153847373777,1.912629230905426,0.4482133701433193,1,0.0,78.9312426940169,4643.301505445446,0.9396675168568697
1242.550661256235,0.06035458520040127,0.06175935541981239,2.0466634099932226,2.95475703278732,4,0.0,mixing,52.47388756636755,2552.3259436707813,continuous,pitched_blade,0.6502174977215515,1.7407014441967366,0.5557247054805741,2,1.1028499996162784,45.4140043095147,1769.2537896285555,0.9171259495299465
1117.3416983197744,0.06076618992250002,0.06981324647908466,2.825215447970779,3.2919567981310762,4,0.0,mixing,50.3623409922129,83261.29759674684,batch,pitched_blade,1.113246718674219,2.342504397287637,0.7763869075325897,2,1.1515782293999954,49.4130562108946,50189.45261387759,0.9250705011419924
1135.079316459156,27.68958362151195,0.0715518823160585,0.9858984659320928,1.1855064703448375,0,0.0,mixing,389.9327861862779,3053.727283932551,batch,anchor,0.8553409788999824,0.6254720695860897,0.04929492329660465,1,0.0,352.491259736207,1927.4002524965251,0.5343951112093588
937.1687212931461,3.310921691669246,0.06245810099117609,1.0101192624804067,1.184188615112105,4,0.0,mixing,391.09281214038606,185.75944362404346,batch,anchor,0.9583087496018067,0.37124325649536805,0.05050596312402034,1,0.0,453.7495502941756,125.93339507349954,0.5087363304106948
924.8875364024921,0.003318982783171247,0.04908585885175449,1.4938606302581672,1.8681795010488091,4,0.04359560208511274,dispersion,33.822946728050475,4883.869831515355,continuous,rushton,0.5543055700413002,2.519597409296202,0.3541057354572164,1,0.0,32.289517581874,3697.8780147071857,0.9508680918589099
976.5303931057524,0.08554407884313367,0.04090556288274834,1.6787679308477714,1.7405990169515824,4,0.0,mixing,27.875063271540306,45.770197340334555,batch,propeller,0.2785287609827339,2.7691737397774143,0.42709774153205154,2,0.6749678793629289,21.997208153410956,28.687911735303175,0.9364980624925516
1244.7021222668743,0.01048633299526255,0.06980983707367817,0.9245734007662225,1.2021910255608392,4,0.0,mixing,14.332475787653708,409.520970965425,batch,pitched_blade,0.3227999876396598,2.5163181035941014,0.1561956772801737,3,0.3237318304071186,10.936949558187708,232.8411012503359,0.9725630556408146
1272.3827568506917,0.09939879216105235,0.05544324031368564,1.3075862630827473,1.664360928484964,4,0.0,mixing,13.112970494570188,60.263010864545144,continuous,propeller,0.20949060515273318,3.7971386821549484,0.285159058247955,3,0.45721729515072634,11.804875778265659,39.49029885166024,0.9614245117496223
1149.0995543183506,0.045120379856858565,0.04909854379632484,0.7668763810698951,0.880940939233699,4,0.09273240612060292,suspension,11.936364837028057,48.16674534550391,batch,pitched_blade,0.1997850338495172,3.2822235817125778,0.19086242181005852,2,0.31636422364998185,7.984849260012419,29.147090265102918,1.0
1168.073402376273,0.06614873597560748,0.055856045736301194,0.9486418537499273,1.094946660937857,4,0.03542849672373072,dispersion,14.935252877696291,4215.599886325677,continuous,rushton,0.313489071841038,3.710701546256636,0.25764245110469913,3,0.2756114790090191,14.023228865236335,2662.5170671121787,0.9265411054966439
1100.6308190553295,0.06407047174079608,0.05306645385598771,1.9800209816342895,2.7324051951743535,4,0.02178563366149997,dispersion,54.06202720468149,28413.55410896863,batch,rushton,0.6181193683549977,3.4857019730206864,0.5150065159430383,1,0.0,43.594650262170816,19094.402218593954,0.9711486653884124
948.6453869761763,0.026980275282401524,0.052296644614746174,1.2059809968210573,1.3703660529599562,4,0.253426571242495,suspension,15.74909181878764,1342.539980169671,batch,propeller,0.4294187250037801,4.640164325285635,0.23282904331083779,1,0.0,10.904904845887325,687.2533392918779,1.0
1264.859519683044,0.05848154901309499,0.05815007706141914,2.5376700983195697,2.882821415174656,4,0.0,mixing,21.743321807885174,17755.47217931124,continuous,propeller,0.7047694670515616,3.7288468838155255,0.7251525042854247,2,1.0558751156392094,22.55630650446148,10153.298705027897,0.9684573272776151
1196.0487535653522,0.02831470929262098,0.07113681243228107,0.5927364256357194,0.5804632461396557,4,0.2719048106174899,suspension,14.042805178084693,83.3136822392588,batch,pitched_blade,0.2603446489642841,2.99232396810035,0.0920693076730971,1,0.0,9.888878294553715,50.18916947490763,1.0
1095.1269405518779,0.017937275328013504,0.04609966864561854,1.949522579935789,2.2238668398008254,4,0.14078581019557418,suspension,20.611970190042012,9082.9613970293,batch,propeller,0.7316601657851618,3.1303111294644577,0.5039263398123991,2,0.8156381383892519,18.150273851496227,5661.696956037758,1.0
1096.60440968761,0.043227526529516044,0.040817581832640164,2.9081310621534087,3.108009655517407,4,0.19631418314010946,suspension,24.992941975917468,660194.6890454805,batch,pitched_blade,1.1126148083823115,4.7849538281793,0.7167172788337279,2,1.2663130329121643,25.84627167183597,485636.15453291585,1.0
928.5011713133658,0.05171720681687335,0.061527645555470495,0.8192025211445815,1.0799688128140092,4,0.0,mixing,7.61348760225313,51.284013638599575,batch,propeller,0.1836921243606416,4.800264577525545,0.1946595352101517,3,0.3001150800065534,5.193385829074312,28.36716743129607,0.9697501618411728
1192.2398510399314,0.08676937168868853,0.05460393983132264,2.3450846579245965,2.1261223181458866,4,0.030865297357606597,dispersion,65.67757202727134,55399.16562346053,batch,rushton,0.829671600247004,2.7360818380079435,0.5790483252680301,1,0.0,63.05919625297212,42138.4804053505,0.935640454747521
1038.0585914170601,0.02027196912843308,0.04427324159398826,2.6737967233898163,4.00055269932941,4,0.0,mixing,35.74860852461029,11422.438814472614,batch,pitched_blade,0.8643761404879547,1.8278550426927795,0.7154728174994993,2,1.6942612242193456,42.77894397517188,8000.871294375758,0.9388726682099623
1061.34036592858,0.055664628511752925,0.06014754240750646,2.6536246603423215,2.806226068384381,4,0.0,mixing,68.77404903587119,18273.0523737748,batch,pitched_blade,0.8815724167158446,2.5103627725664177,0.6000680149881893,1,0.0,62.87299788203362,10765.825643565957,0.9502053823071304
970.6505444625166,0.06145432190855929,0.06274772646825623,0.7517101675817696,0.950471313010235,4,0.006992983357066629,dispersion,9.390002975317765,817.0880229281804,batch,rushton,0.23464526374876662,3.3231279507117306,0.12662285909690235,4,0.20488332030459658,9.71062779890177,461.1336386636173,0.96238208649771
1088.2886942745536,0.042995348838328264,0.0456293979017702,1.4870476754276134,2.1974360173959124,4,0.0,mixing,16.585403359997454,413.8441663809812,batch,propeller,0.37854363105974087,2.937347652440986,0.3340683830874867,3,0.5683558026050167,14.870910918582386,304.6527113887446,0.9256362419080317
956.775710733604,0.041625707827412255,0.04334310894378568,0.7821884037614902,0.7157298520348299,4,0.0,mixing,15.231614648910957,7.930467214005602,batch,propeller,0.23231345241360712,2.527292771798549,0.18574650481151767,1,0.0,13.28787418959816,4.989727619224083,0.9581240424915373
1273.2667753819846,0.046396251269032365,0.04360430643718596,1.11895531754637,1.4536655694327651,4,0.0,mixing,14.74851792822085,502.9503932568514,batch,pitched_blade,0.4046893897680484,1.871979691027827,0.326062755337388,3,0.35038286671201063,17.653264017561696,312.34054481889353,0.9506590026548345
1133.1938620477383,0.003853392588669522,0.06571045227108185,1.3404101266430826,1.450214239509109,4,0.0,mixing,24.11256987816507,891.0703950291759,batch,pitched_blade,0.49142370899247384,2.424573359076251,0.24688143034750212,1,0.0,21.521544424818014,531.9952405133037,0.9575905636730019
1191.365245822643,0.09738892298938634,0.06443985527983008,1.7886541940840524,2.5333754367364727,4,0.04937816662263989,dispersion,44.31882680503245,41215.069900747025,batch,rushton,0.6684428565445723,3.0970141843186862,0.5304298855570512,1,0.0,52.8490272122639,22607.566069652563,0.9591113210221084
1020.5907247294465,0.07611814556636005,0.059647858388736,1.7402108135193886,1.8796207517297587,4,0.044644627838954815,dispersion,38.84386528503506,56648.320103453676,batch,rushton,0.5354290936135676,3.8381965297031333,0.3532760071819548,3,0.47899347543982207,26.0879144961371,35626.34481950168,0.9648309099064342
904.7213577029331,0.03970693424177075,0.044042669329839176,2.861935555169158,3.825872539032005,4,0.0,mixing,65.38457698679468,19127.834780535995,batch,pitched_blade,1.0531563746654558,1.7581126642643299,0.7046071445217489,2,1.6812099884880514,56.36873131642286,16136.951596656198,0.95047043453366
1021.452148696984,0.013421963657971731,0.06341290351612605,1.342617098991363,1.317538239737449,4,0.13217715024782656,suspension,19.624467014300187,2713.799360951748,batch,pitched_blade,0.5299621787235103,3.503275659301695,0.34251030588115183,1,0.0,16.616210649992947,2404.5770959769316,1.0
1254.2999023246239,0.07030449371666696,0.04067368523101701,2.3904971873139025,2.6283534633799515,4,0.0,mixing,24.459821844628596,896.6048236574237,batch,propeller,0.4176801081803224,3.1927602827396364,0.3741141236127868,2,1.1173622757720971,29.09091492558868,467.11624886208637,0.9298268667168371
1200.6895050102848,0.04665284560159672,0.06496107633145196,2.9478206600959362,3.0527632210298714,4,0.0,mixing,83.64829703142618,28487.623398296597,batch,pitched_blade,1.1338589514420225,2.1444576182421433,0.49181978538489257,1,0.0,73.8614843297839,24604.543963950407,0.9690132508750499
1285.1521572460406,5.9351947260589055,0.046177260418798195,0.6343820680475469,0.7696488786614739,0,0.0,mixing,540.5890413448313,35.65761195866335,batch,anchor,0.5721778657885315,0.2972331675604624,0.031719103402377345,1,0.0,403.14173410393437,25.685692638357672,0.5093692560609427
910.7167032031585,36.35937783690191,0.058873245645874636,1.3346243904053532,1.394446421717543,0,0.0,mixing,1213.770570701116,3210.12600863151,batch,anchor,1.1696953714516103,0.399397420032004,0.06673121952026766,1,0.0,822.7930312005078,2543.1845922125617,0.48342872550430793
1140.1820287326473,44.430791381910204,0.06818708834351825,1.6076254128819465,2.1773840075690436,0,0.0,mixing,709.2850211930402,19689.747303434775,batch,anchor,1.4486802418390856,0.6813380407916472,0.08038127064409734,1,0.0,525.3786792540741,17616.622883480635,0.4680548191697458
1227.9984382271914,0.008244845845017354,0.06581173373922633,2.4757511983432376,2.3848017271024706,4,0.0339847647559736,dispersion,26.987115013453572,285007.3354341369,batch,rushton,0.8629016588109001,3.37772274527535,0.5089645449778336,2,0.863424832578073,31.341193512107832,191534.82445928876,0.9483433045959844
1042.5146843514838,0.04398629022051505,0.055671375148992466,0.678948715202276,0.7537835718836481,4,0.0,mixing,12.783138564524542,0.49977587073123764,batch,propeller,0.12738302887426803,2.712774843043859,0.15301709951696732,1,0.0,12.349731670832194,1.0,0.9412890918545357
958.2693268238127,0.05956100840722927,0.06562168908300507,0.9105828202072295,0.9927720241928966,4,0.03706465110202676,dispersion,14.896596186763386,1101.4590470903163,batch,rushton,0.33741418814808083,2.9366932910573222,0.19306064346686552,2,0.41362765732085616,17.571824230761887,971.3611641199427,0.9632586864829084
1269.7824135174837,0.021611045257861273,0.06161500629164393,1.831017025211344,2.1931519630984595,4,0.0021020609823471314,dispersion,19.73238068581886,389558.9371601592,batch,rushton,0.7209408443141402,3.510501573806466,0.48244551979977573,4,0.44141536342064264,20.464129536159096,202508.01310157514,0.9238336848926095
984.41063983892,29.623574072886274,0.048834019027540435,0.879310794113664,0.7931262011756682,0,0.0,mixing,530.6235458456594,953.4862052581257,continuous,anchor,0.7702081787540812,0.3694028637749363,0.043965539705683204,1,0.0,501.922080692686,485.8961591691612,0.5427878773482093
1110.0938558926482,0.033067117381244876,0.06629583803269504,1.0172113032226846,1.0713683976871942,4,0.01839292652939406,dispersion,20.0552061696441,1606.1654100330516,continuous,rushton,0.31904400391572063,3.8306988766911245,0.2173489363386874,1,0.0,15.86171829712906,933.7093721177025,0.9610339027241042
1080.2140609032476,12.66460134586663,0.047831420644020246,2.8365445845948067,3.8474589648657105,0,0.0,mixing,3596.8754620011623,3186.5200298658515,batch,anchor,2.539555099784572,0.1926625688116894,0.14182722922974034,1,0.0,2869.656512966103,2636.1978746527507,0.5159536255174731
1125.4972031520504,0.087238574082456,0.06922284503466236,1.2651567580022842,1.4166532657244173,4,0.0,mixing,9.66923041789139,215.8794901867257,batch,propeller,0.2903859810963765,4.522312796080902,0.3579710152569616,2,0.5316405777017528,9.39857419772078,184.8085480357016,0.9307724249044899
1195.427922797846,16.6807543062395,0.046046163398645666,1.3413780412253,1.883393499102186,0,0.0,mixing,1640.826242502628,430.5025222444899,batch,anchor,1.1648574713531639,0.18935866703780535,0.067068902061265,1,0.0,1496.1429473200847,270.2396988636235,0.5011975245847542
969.0175856822715,0.018018152169262863,0.05482054087875732,0.7914565370576518,0.8666279162072024,4,0.0,mixing,7.562556470936659,41.44790118829625,batch,propeller,0.2196138718664488,3.9873446373123334,0.17299616121030315,2,0.34490268764515675,5.851495075082824,29.31043231436929,0.9212237474482046
1001.9366633506758,0.04133109116094297,0.06859268475101812,1.0892915277115902,1.6294146155214726,4,0.12593984400449332,suspension,20.001389008300084,490.939448333613,continuous,propeller,0.47419577214827646,2.5425927633641567,0.20696138699772107,2,0.693407581119327,13.351249317849328,347.2725828586961,1.0
943.5335871309063,0.05650567940202538,0.06502365135767366,0.9680918445621887,1.4249274573633168,4,0.009435154716862772,dispersion,25.308678453112957,3233.3812807929316,batch,rushton,0.3870976210383782,3.212927037896186,0.19462403815730964,2,0.5797138295010635,17.164269981012666,2531.372799546923,0.9356313403515298
998.3490373389686,0.0065238782512579835,0.05286080188845782,2.465901397798465,2.7210140903304962,4,0.002061071588761576,dispersion,40.691509259578716,104111.90668010624,continuous,rushton,0.9142143598284812,2.103223117633201,0.6115571259144893,3,0.7483586736118826,45.85448148224447,73823.12186851136,0.9192470276338446
947.7338205587184,0.03992247974371025,0.07192791028210836,0.8731220032998034,1.0784555998127427,4,0.0,mixing,16.848393458666973,4.530068558305566,batch,propeller,0.18670513012961348,2.5905468399975744,0.21279337355270736,2,0.3898533807086811,11.427057228782171,3.4417132288739887,0.915579294817755
1183.6629206502776,0.013785512278724005,0.06432413200630377,1.0891103584824877,1.4015593168705323,4,0.27955338361381465,suspension,7.714274016236377,893.5940794185531,batch,propeller,0.35058335574310906,3.8803333235912745,0.31505038809002195,3,0.3584057320017502,6.805058689605152,561.6036536966805,1.0
1006.520382572645,0.010826770544103498,0.06852079069339173,1.7242264198785842,2.368122216551467,4,0.0,mixing,47.92640340300191,1215.7821749439174,batch,pitched_blade,0.6367801693367539,1.9100892711811714,0.29947180108879035,1,0.0,43.40170453773793,867.7415999637467,0.9392697988071275
1085.027747347433,0.05403201541649947,0.04358051873161815,2.1729591670196857,2.6676635738724506,4,0.0,mixing,22.789626799477126,2884.9213002372276,batch,propeller,0.5268867167489626,3.5319958771818403,0.3744366300515036,2,1.259974755112065,22.8384786889421,1633.4533268682862,0.935027550212576
1198.2618885697384,0.0043942748716691606,0.05267223575171984,2.4738559110053266,3.6597197521615583,4,0.0,mixing,21.705109122654523,4289.012112589286,batch,propeller,0.6017388508184042,3.4316275634252076,0.6451433676325039,2,1.5473556899315684,18.055281096408983,3529.1021180977523,0.9415254232773407
958.6994397799679,0.04718673876050467,0.06826820825102084,1.3520140590483467,1.508211378499416,4,0.03955812183172547,dispersion,45.566854614884534,8137.071656361289,batch,rushton,0.5363478151060443,3.193204324391629,0.39701876070391173,1,0.0,30.969399283783687,5632.892973520939,0.96222495508202
964.7148797508844,0.06264308331290347,0.05414846795708131,2.8700466801466393,3.7980860480751653,4,0.006964939395363423,dispersion,52.41428300254506,374779.7194651243,batch,rushton,0.9647031270753439,2.851964123481692,0.6354301537644587,3,1.156916526316394,49.94883164292834,239020.75162468993,0.9553504571910444
1007.3382094146988,0.020397547056811658,0.042642297391535945,0.6525380305755297,0.9602219351951661,4,0.0,mixing,4.557744082009175,2.154030158838477,continuous,propeller,0.09800482910866366,4.8934576912545475,0.12401691221700402,3,0.29985855187377025,3.0832405210879466,1.418400674767825,0.9320081180579528
1180.3310932050276,0.0019878286682269786,0.07166608454468654,1.1447545592671426,1.5694213692472048,4,0.0,mixing,23.63622227033021,563.458583640103,batch,pitched_blade,0.4274737616054961,2.567258442603839,0.2876357066917853,1,0.0,18.786286409806618,343.558865683868,0.9556249859322153
1028.7558130540299,0.059946818716286605,0.04754568349995716,2.5306478189541974,2.909346066184102,4,0.030864038454064147,dispersion,49.25496275515794,580505.8899925929,batch,rushton,0.9525668669419959,3.981517778128878,0.5855586909899135,2,1.257229895382989,35.058456132772264,467751.8017394761,0.9416334810460499
1250.5076747127014,0.06871288358524279,0.05099520635261776,1.0770985894003906,1.286633047329309,4,0.0,mixing,17.57168207742937,15.422297810987365,batch,propeller,0.2012087185672892,3.4685080213500092,0.17783033245569407,1,0.0,15.634711256753654,7.9526158150235355,0.928851830314873
1109.7531721259998,0.005716337162302643,0.06570425405411623,1.3823380318511944,1.8482662789979063,4,0.19110448125767449,suspension,16.954380362831635,2811.0971371326673,batch,propeller,0.5425010772033964,2.7207088309310623,0.36164078494320007,3,0.4489451890993294,11.91793410196815,1436.4628337526433,1.0
1242.6317014306042,0.037614581778507086,0.05778744291402174,2.3183012664264067,2.555904607301695,4,0.28406062516753894,suspension,41.146245565855764,18560.09854326166,continuous,pitched_blade,0.7797617115594372,2.9666668413389297,0.5062979192522435,1,0.0,33.148271472636864,11510.965389071549,0.9542634172631785
994.2008900239224,0.05626726219721878,0.06007037941292759,2.5295221439818816,2.5392341826204743,4,0.0,mixing,38.37020208768633,474.81682277246296,batch,propeller,0.38132667750460963,4.303956599941087,0.46900724144761946,1,0.0,27.50937583640925,290.26069127432737,0.8939650890712194
1298.7853935978974,8.899566141657196,0.041007709487626075,2.6637674571684538,3.252191724708339,0,0.0,mixing,981.0935403378252,31950.841002073463,batch,anchor,2.5292637030490557,0.6226153789432319,0.1331883728584227,1,0.0,841.3443106938978,28832.652739178135,0.4950085773452757
1014.4749359437059,14.73159830659057,0.04088840304722005,2.7407654516206903,3.4350079030792715,0,0.0,mixing,2498.288956217423,4149.558943926493,batch,anchor,2.4192646666954603,0.22540712578066088,0.13703827258103451,1,0.0,2533.866642838301,3105.5831396610583,0.45831481501318505
1236.4428745087455,0.025218931275676374,0.060393236279148034,1.3376642476386205,1.4652742891397277,4,0.1317558728615567,suspension,12.571999513949336,3964.594162869413,batch,propeller,0.516689841736888,3.5170129440687297,0.23626158109835138,2,0.5624794848450476,12.099922744321113,1993.5778243495683,1.0
1245.61205501694,0.00989200714215157,0.06145786166382671,1.1471214705344552,1.5802551152752822,4,0.007426715238883813,dispersion,27.246074840729705,3967.4842756089292,batch,rushton,0.4361228932190723,2.2997304878152516,0.19612450526152303,2,0.6883406989885638,23.400412072123228,2070.210604137365,0.9606253529231117
1066.692770128404,0.025614797248373785,0.058187581146297046,1.9201204483758756,2.1648238865387164,4,0.26854107906199176,suspension,32.078624062436795,805.9069230994671,batch,propeller,0.4993615029844291,3.181311077397351,0.451880731455774,1,0.0,21.68886568040534,589.9810454165529,0.9680862344220984
1256.13804094239,0.02788037817090674,0.04955496469376382,0.5542548834904619,0.8270333957081385,4,0.24586349447830047,suspension,11.262243256477122,9.854860982684485,batch,pitched_blade,0.1917464239069324,2.62642032147762,0.09242092723245435,1,0.0,10.093428782364285,7.362377336843106,0.9615814520204956
1051.419034207913,0.039776713032726535,0.0619559708326773,1.9960390568610047,2.0385308557324002,4,0.04032726838284272,dispersion,41.97864876823712,42152.931177225226,continuous,rushton,0.631385067605704,2.4925683037506,0.5459405395532339,3,0.5445185297206485,39.08434717976992,22441.10282162647,0.9677954654936497
1212.6144148250996,0.010437627940931653,0.06819021371271414,2.3312426138092617,2.9444137162892488,4,0.024089789159630004,dispersion,39.11345315784423,111799.31486640431,batch,rushton,0.8253359112485634,2.7847513251082328,0.6722388334013217,2,1.189285368887232,44.046229847110766,90597.22727307366,0.9609202334708451
904.4446780820739,0.06033488439919104,0.063432603205093,1.769137650879451,2.639786361438413,4,0.0,mixing,26.939213934515365,897.9830454204299,batch,propeller,0.4961516080298479,2.9734277304856014,0.3525525978038195,2,1.255769349023501,22.175358283338998,720.882015726061,0.977288379235854
1134.3020601775795,0.05631815366212165,0.053717571667984215,0.902984464224107,1.0870963451178417,4,0.0,mixing,9.88116146747313,3.926247035002449,continuous,propeller,0.15494418507422414,3.750985313980694,0.193325097837869,1,0.0,9.927723514309443,2.4522694533576477,0.9513525062026562
936.3462790816158,0.034643102362920404,0.06550163417096766,1.1421467821050377,1.1852942762238607,4,0.0,mixing,49.46085784811755,81.3191590338614,batch,pitched_blade,0.4009786655512353,1.8141531422711996,0.21597633050545964,1,0.0,34.61235923999007,63.2804136639821,0.982093311733323
1185.0259686180764,0.04941977081981746,0.052223546647651956,0.5506401334750293,0.49698072065530935,4,0.0,mixing,5.6839798407297435,1.687665953905759,batch,propeller,0.09501537104724818,4.477750487253011,0.15905512004658928,2,0.16779857227569342,4.4758871795656745,1.2428558902374836,0.9673842204041305
1200.582480529239,0.08652869010443592,0.05285830761388138,2.974475184397683,3.248493428301976,4,0.0,mixing,28.909676143738494,3562.637573191642,batch,propeller,0.5523296064939633,4.500909313030039,0.8851125330052592,1,0.0,28.269786600562362,2682.0387886184776,0.9732258634014469
1115.0405199040688,0.01638143781980035,0.049415634048643284,2.3003589448199513,2.716328522531207,4,0.009183123690544016,dispersion,33.02526035673822,799685.1351836639,batch,rushton,0.7980792150967919,4.114348621695056,0.3674665616560794,4,0.6221745441163758,22.659748300169614,499031.4537483786,0.9538562436008008
1015.9323759396507,0.02034529617583985,0.042044581921670356,2.1551035328140284,2.552128884440934,4,0.22682062417726234,suspension,36.12213860365835,15271.0026258643,batch,pitched_blade,0.7669876969677775,3.43629781644477,0.3742809145218749,1,0.0,29.478287205579438,13639.757120213648,0.9653200280329676
1076.7715994498215,47.2004784043381,0.04004617624512325,0.9334680828809214,0.9034075990413629,0,0.0,mixing,272.65092238435926,4774.976586270563,batch,anchor,0.8294642618251951,0.6858472362578923,0.046673404144046075,1,0.0,333.43377157615265,3536.8268575776874,0.4847265280633741
1163.609458362816,0.05122959686866654,0.0716043882872357,2.9016090467411972,3.096634628977508,4,0.033595285265244426,dispersion,34.754027384333,594958.9613271564,batch,rushton,1.002138219348347,3.538868009301785,0.8239852792217722,2,1.1513422909433715,41.65230404364128,495598.5499872685,0.9274471892764214
957.5833934777829,0.04930782124648469,0.060130892928067975,1.4513401908496388,1.7727048789326776,4,0.0,mixing,19.04688461240226,2016.8762125778194,batch,pitched_blade,0.5405793310697969,2.120586369942776,0.40547977575189825,3,0.4444652636789117,23.031788485839595,1303.287042817651,0.961323207637484
1242.6646859808113,0.09715768982566998,0.06518201919928314,2.1584958182653544,3.106306594754102,4,0.02422647735379009,dispersion,39.282590862758006,479117.1777377046,batch,rushton,0.7981292023858447,4.086110177035019,0.36747451349194804,2,1.27331740439106,30.597202896389646,270535.37163959845,0.9752194283279928
1146.791946647753,0.0035291506523361803,0.0706087829664186,1.0674055888058047,1.5206728893520085,4,0.0,mixing,6.471058670826122,26.98170241263255,batch,propeller,0.16173321918052286,4.694508950005676,0.20075974402769123,3,0.4810167851789002,5.105705895302557,16.581435359603095,0.9015237472962577
1145.4393951140607,0.0811814502917548,0.04492286543451623,1.023938541977559,0.9956147338302648,4,0.0,mixing,19.15925441924378,65.90557945239686,batch,propeller,0.27875351047368174,3.6694976049264456,0.2336405847869607,1,0.0,13.604158746254639,43.004701390753716,0.9274237957097824
1244.8556747219168,0.04531021194257183,0.07002787858216096,0.5503725392194296,0.5042697749511076,4,0.0,mixing,7.5884036351262605,0.8963173359391038,batch,propeller,0.12315899481639869,3.5820219527349244,0.10380461148812431,1,0.0,6.323349367202937,1.0,0.9396892267157845
1235.8699683543996,0.00567979938823111,0.04971344151093847,0.7467404880578705,0.8054362727574821,4,0.16510989236970908,suspension,3.770168051257367,373.5833405539893,batch,propeller,0.2842921005761548,4.458593390948258,0.13084317087132016,2,0.3137125125678606,3.997349726445155,196.6230368589249,1.0
1249.669375170587,0.015906172569972395,0.058867082992641484,0.5471497826699319,0.7607597920828136,4,0.1731371550449905,suspension,5.435438399065208,16.525326806473835,batch,propeller,0.19241406379416764,3.443870077600256,0.08827586607047468,2,0.32447148023016853,4.902909046592263,13.64982157189557,1.0
1139.4453616126002,0.029445694041107615,0.05389108881368386,1.166692449461033,1.5504097959670633,4,0.0006616244749931889,dispersion,29.492948249581772,2916.0162552148604,batch,rushton,0.4207110135497694,2.2723814862753144,0.20098985398156483,3,0.47638683135375925,22.599596548628092,2318.4792831723616,0.9743831199710161
1066.4626261644776,0.0018960420119862405,0.06072595788648058,2.3648110294663556,2.410498294938475,4,0.009182443189571787,dispersion,36.976318394494285,75375.04506081769,batch,rushton,0.7284284870650576,2.310639953572364,0.4776435609774534,3,0.6481603537057863,40.61243091971122,39287.13595662438,0.9520447534970932
1224.8996050216645,0.03770136117866905,0.04006959260112046,2.436589412357493,3.596176917820828,4,0.17051393132388687,suspension,34.305357706524276,118505.72184950404,batch,pitched_blade,0.903870114557348,3.2615064253475086,0.45833086217083946,3,1.0148318961977842,28.461790274312367,98095.370906443,1.0
1081.543618150994,38.027511135879365,0.0701652535826949,1.9965889393541012,2.0486363463315,0,0.0,mixing,1262.230643536453,11405.440178567556,batch,anchor,1.877082855165737,0.29568526351412316,0.09982944696770507,1,0.0,1408.3624479764349,6846.4135803148,0.5058690799096065
1122.523362783175,17.27410164317044,0.06206285298909334,1.337787409247707,1.6939277128226526,0,0.0,mixing,631.1866833352855,4881.929312450893,batch,anchor,1.1466590671511918,0.6332976811761721,0.06688937046238534,1,0.0,447.1205420430174,3166.200129651866,0.49902787860317344
1183.6145640083205,0.0037426251018036895,0.04269122948357891,1.7556061074621852,1.7058674106134735,4,0.0,mixing,17.528822803618286,1631.5971277948522,batch,propeller,0.46723048580557486,3.8757088206001216,0.46968239603912904,2,0.615651593274965,13.142442209950428,1375.000013654428,0.969056988156673
1223.185338594214,0.024654514814776835,0.06706861614583476,2.209910762326871,3.1289406258228483,4,0.013704742321718305,dispersion,31.249203635193812,105185.02644760399,continuous,rushton,0.700178956328707,3.542605537798143,0.3913752142569089,2,1.324312248943036,28.82523962244845,81573.02723895381,0.9424382006032085
1260.4085594276996,0.07263448481737998,0.06524404804142973,1.9228093122390961,2.665029246519991,4,0.0,mixing,22.37239768319904,1278.3515845313511,continuous,propeller,0.4588822338600773,3.1526006459057587,0.48302627733070647,2,1.0287579897125738,19.643669170523072,658.2857084406096,0.947148077043899
1074.9568924168332,0.02719736155159386,0.05572460709992836,1.2116607483018043,1.6021188321113637,4,0.0408441486749414,dispersion,25.65916260819204,8383.113423451983,batch,rushton,0.46951370435545275,3.159038297814237,0.1862710117560961,2,0.7324519218708881,21.633715791661974,6702.9006125261485,0.9712554148554117
1091.0516496782925,4.847953948452929,0.0679816225240159,1.81967745146558,1.827273628046359,4,0.0,mixing,581.2035902129054,4825.382175443047,batch,anchor,1.579984636148021,0.5736422129117876,0.090983872573279,1,0.0,618.942278144213,2885.5150300459586,0.48084531793287966
1071.6321019433447,0.04690934649649618,0.07032386430726614,1.7032707644191067,2.3376638681840154,4,0.03946770485982491,dispersion,59.434157643182694,9278.168265060078,continuous,rushton,0.5783695724288862,1.9185012052583323,0.3954989085618219,2,0.896428324183119,54.67691277501223,4954.838920912455,0.9507919347853642
924.7121652645066,0.046785641445758606,0.0417362974509951,2.4613764439598187,2.3535906695314543,4,0.0,mixing,93.3991455493455,2282.281129579496,continuous,pitched_blade,0.780542034676159,1.6968814136534305,0.5884634335666805,1,0.0,66.40896305221881,1449.2903203068495,0.9550727323622189
940.6128991010505,0.08955752374515875,0.05558915685858532,2.8816664063019872,3.5113975252940453,4,0.03313286848212327,dispersion,41.86173767423292,1710534.0904356164,batch,rushton,1.1272638861051232,3.641489906461891,0.8608065387313405,3,0.8485852949835634,45.34984415392122,1156453.0752437203,0.9351454247463248
931.0347224875061,30.234251570413846,0.07088898893804417,2.9766553138487395,2.9893361504521843,0,0.0,mixing,841.395247114739,225569.05597956412,batch,anchor,2.6445842609173775,0.7874927494589812,0.14883276569243697,1,0.0,855.7133215958986,128267.77755404415,0.49458769358893256
902.1624490778543,0.03514470972051105,0.04798020583373634,0.6848371178145323,0.8938677958766323,4,0.02001669236576096,dispersion,7.961522897975701,2546.581536324599,batch,rushton,0.26648722995058016,4.14342900394538,0.1235377534749687,3,0.2573562661679929,6.49018012796994,1301.6884655107494,0.9536038041184469
1155.9447637163453,0.029346722964855375,0.06724907351487566,2.8132505907546492,4.11679982087588,4,0.03131244843914024,dispersion,49.36693766662382,298414.75999220187,batch,rushton,0.9516221712466151,2.1682036947044026,0.8106235801247033,4,0.7599649387213294,50.991549482084956,163994.1410021458,0.9626990040328581
1075.3752709275234,0.04723811862117586,0.053523007363249775,0.7873569169823045,0.9134472102888663,4,0.08003249335270667,suspension,5.881634771494723,1020.968523988251,batch,pitched_blade,0.27684496445091844,4.887281993582897,0.12292980031459079,2,0.36881440246577224,6.115606070200409,518.0786070757415,1.0
909.1816310212891,0.03985282966662897,0.05925352812391455,0.7006343592986731,0.6688549268027798,4,0.028282529086894076,dispersion,12.714249496350945,508.6558624848433,batch,rushton,0.21665311932535192,3.7958336304440063,0.1185866824213468,3,0.17667449239034538,8.8292729227784,287.7433530699672,0.9456251502047147
1077.952636315708,0.0397911767507602,0.04297663590369509,2.943540309397248,3.012068389477327,4,0.0,mixing,90.03111379566097,9469.172737117771,batch,pitched_blade,0.959576157058808,1.6979815275223282,0.4874038751839526,1,0.0,106.02131797821669,4797.682498583189,0.9692614060360478
1236.6741851231336,0.023440644701700392,0.057756611054824866,2.1611445245780008,2.426786620303762,4,0.0,mixing,18.962794750198782,654.0802144620939,batch,propeller,0.3555427940361045,4.700499030971239,0.32557697153557,1,0.0,18.346363104130116,365.7986523401517,0.9450186169445769
1208.4967285142059,18.624443412066622,0.06279459849767192,1.66853585787358,2.054653135806241,0,0.0,mixing,775.272062038829,11550.868540216576,batch,anchor,1.566414462420779,0.6076706708381413,0.083426792893679,1,0.0,605.3701806450214,7892.690845336357,0.5137483647845852
1144.008924353867,0.08576238069853417,0.06048751247668328,0.7135268924902378,1.027298700391112,4,0.0,mixing,6.480700202801235,16.399037956403358,batch,propeller,0.1867975797790267,3.9725410782444937,0.205867912371229,2,0.4071478444306097,6.1675483806409055,14.05781599394227,0.9725965335384861
1117.9010923507792,0.027750037900086188,0.06710377450693576,2.9389717479167587,3.198183176114883,4,0.02846316419638848,dispersion,70.60488918776693,551449.6584344206,batch,rushton,1.0098601138111756,4.15367128638355,0.6937099145619676,1,0.0,49.56680310321337,373594.72142923175,0.9259593726383301
1233.1488554812636,0.026370443967425678,0.051964142802618934,1.122365545927385,1.4028603943523006,4,0.0,mixing,23.96738236111796,65.2005360180225,batch,propeller,0.3258226617155864,2.6234188746348144,0.24057178696004547,1,0.0,17.146337711735832,35.81408604804018,0.9574318949756188
1151.6130986122173,0.08335885879825378,0.07144076376682436,2.04074968520568,1.9725192665839273,4,0.0,mixing,44.169204493658704,11858.84573821874,batch,pitched_blade,0.751601845271966,2.522723952706967,0.3378038457462632,2,0.8352080881462662,33.163884326712115,10587.565536707718,0.9573178338700145
1173.8758810028546,25.680672313469994,0.06029422990743613,1.575332590445727,2.1640947825944954,0,0.0,mixing,625.203341259468,9476.649766158285,continuous,anchor,1.354108159642747,0.5633593947318738,0.07876662952228636,1,0.0,677.4029609785199,6156.066966948987,0.48718590706579434
1263.6599900030456,0.048752369710849015,0.04609164194267547,0.8305737982806636,1.1012754672048342,4,0.0,mixing,10.495257101073697,150.58978665737067,batch,pitched_blade,0.27426370261684435,2.51430321504927,0.24486435044889243,3,0.29527886936965564,10.503651634764003,120.28001586205231,0.9701700445791676
1071.9357506513145,0.06347693684568173,0.06737858242802292,2.859693875069119,3.1823475500804617,4,0.0,mixing,29.610891497933615,3422.118664746198,continuous,propeller,0.520627501236319,4.940921945192222,0.8236255445390954,1,0.0,26.720911511876086,2251.7037690426687,0.8809725917909204
920.4166950098851,0.050005282281911576,0.040190367900350715,2.5450098136098154,3.3150840237194523,4,0.0,mixing,41.48275518022098,22140.626460063893,batch,pitched_blade,0.9187397448709564,2.133334918984571,0.7185222876523119,2,1.172253809421908,50.71969811374744,13269.672110717356,0.9701791358285625
1115.9000802388011,18.298924611823928,0.05909360570157467,1.5512794189898775,1.528131980304965,0,0.0,mixing,877.5973438414934,3599.236913459959,continuous,anchor,1.4381950275138218,0.42612101205022657,0.07756397094949388,1,0.0,803.5607535054073,2841.159982736603,0.5158193377012371
1190.8632985692416,0.03163427142109067,0.05843397179457313,1.1573751377212735,1.452781726146143,4,0.14005176738266023,suspension,10.564028827511018,1826.9397235814124,batch,propeller,0.4039570458587682,4.738868887925326,0.2389641938963317,2,0.5978683750296677,8.889767180725794,1324.9342427330487,1.0
1102.050578537507,0.01072236477626035,0.06365552823804684,1.228232759991148,1.8370351749412388,4,0.16824870446699491,suspension,19.76741985460112,6407.623684051718,batch,pitched_blade,0.53978636391432,3.521801981888247,0.2807540820995021,2,0.7379588022761826,13.193022393843451,5432.3090385962405,1.0
1104.4081320374585,0.09367391937174561,0.046284218769630396,1.767984020360029,2.0892355151540416,4,0.0,mixing,18.75768386578286,210.34271904886776,batch,propeller,0.3842590017685947,2.7767444822170675,0.41653722463923726,2,0.7693681793305405,21.03035455106773,177.24901342827576,0.9246124009213537
1171.346123161155,0.04461753943639901,0.049051759933370076,1.40011116725534,2.082196735030126,4,0.03142299396025711,dispersion,26.881432503208337,24847.159807132484,batch,rushton,0.5170230699931309,3.2181151417502547,0.31333367758525255,2,0.8475911026751195,24.826267540197104,12730.6054475454,0.9025760778057682
1267.4108606091327,27.162658343066873,0.07099290353545115,2.4491130656578344,3.3453885930715956,0,0.0,mixing,1357.6575160757045,23731.57428694795,batch,anchor,2.2308564645848463,0.448517160904127,0.12245565328289172,1,0.0,1277.974083688511,16269.04720312835,0.5017173890421065
1259.7656824873393,0.0970143869340105,0.05642427281032936,2.6949148853595997,3.224217609205931,4,0.0,mixing,31.615952195721583,7560.064021302676,batch,propeller,0.5073372432758617,4.982622767187288,0.7440867252929624,2,1.360269944381395,21.593312765096954,4635.500233705266,0.9807250288224786
1191.158458091084,0.02148424195794266,0.06476898274006239,1.4296038941154898,1.333856475134675,4,0.0,mixing,10.047177391122444,274.0963927784761,batch,propeller,0.3431189373442425,4.6206384544493435,0.2400978077367579,1,0.0,12.352509293587726,230.9409494258978,0.9989822208725677
1193.7696720023866,22.537925952459457,0.04848611371495351,2.059656273737375,2.1160712989637367,0,0.0,mixing,1696.3899516638978,5259.361059238468,batch,anchor,1.8099276766005963,0.26107164971586566,0.10298281368686875,1,0.0,1846.2055837487512,2871.4612083722277,0.5253398761779939
1254.2847458789256,0.0469000769738366,0.052607222753082966,1.8281505679084826,2.515056513694264,4,0.0,mixing,13.659802298455356,1181.650946454174,batch,propeller,0.34689663249348374,4.841041260241163,0.4960608931475161,3,0.6283697698042766,9.758495011991167,1000.1706180741737,0.9803585877297262
1130.0415356796047,0.02725309160219805,0.06432069525832994,2.4551162526879917,2.46734471158925,4,0.0,mixing,26.11452937090788,1929.4865452595918,batch,propeller,0.4577126942675337,3.635852680688321,0.6396058640054516,2,0.8600901826133485,19.576380355314157,1098.6249765698096,0.9401778292577692
1246.247508395486,0.08190698200602438,0.0617649732387619,2.414385239709366,3.4812163541684225,4,0.0,mixing,42.81790059829175,608.4041805894582,batch,propeller,0.48898384418952534,3.092156417310152,0.5370425509433625,1,0.0,38.25182063678133,390.2472674167158,0.938013538543299
1103.9403286836327,0.041549850052849974,0.05412581432801338,2.428073637241254,3.593291436945141,4,0.001185654029089267,dispersion,67.90907209970977,80826.98624099963,continuous,rushton,0.7602232516362958,2.5679119786487568,0.6223224700413725,3,0.9531653834113859,49.62724127297391,68163.89549983612,0.9764690158269339
1193.2269569226034,0.030593973306214186,0.056499386894408546,0.8853294025605242,0.9534384795233374,4,0.2121090720791562,suspension,5.790610191672045,725.1356012479156,continuous,pitched_blade,0.28692847838410895,4.362760655656234,0.18210475881596827,2,0.39462265011304487,6.793354178394481,513.1048692788299,1.0
1153.2296455096728,0.032027495567331414,0.05851864367601777,1.2209691967854628,1.1029414033472333,4,0.1573439766382393,suspension,12.48709806770728,14152.912910215402,batch,pitched_blade,0.5426390735843442,4.36145002303517,0.3378000323858851,2,0.39075258590784706,10.500631622915531,11921.293074686086,1.0
1235.0366357036391,0.010931693158604143,0.05034603883133081,2.780970032378798,3.0259894279339075,4,0.28967988332049593,suspension,24.776602912787226,93592.21830762617,continuous,propeller,1.1852547641961655,3.345081543151149,0.8058817945094306,1,0.0,29.069360944220726,60424.3953534415,0.9612771614235579
928.8905175988517,0.07796088335471556,0.06748980347212752,0.918011956117226,0.9259601937342583,4,0.0,mixing,23.667386347110305,50.33017769753814,batch,pitched_blade,0.2946047035055436,1.7986497498507577,0.2485589330595444,2,0.33218304771241414,20.024054508255393,30.069270950617028,0.9906443091091313
1015.0873697554996,0.063153253353804,0.05373698168300212,2.505828882344015,2.2724149966051317,4,0.0406061932818267,dispersion,46.2260500275875,172662.05639245734,batch,rushton,0.8857844418369524,2.7566287609056643,0.7072727598842193,2,0.8256184415675403,48.25821561346445,118280.1842907113,0.9506704691704806
1151.1189567601893,26.552519500750478,0.043973641174795186,1.181013372837877,1.3213049987157057,0,0.0,mixing,918.2887552991284,998.4076648072287,batch,anchor,1.0639613082407642,0.25510438911947014,0.05905066864189386,1,0.0,954.9237343635473,561.2956460603639,0.49509711862235856
961.506265082056,0.012220506666238952,0.07199502096469051,1.2627717152041324,1.1987641167379637,4,0.22755081926894555,suspension,15.989845081703738,732.7209322637337,batch,pitched_blade,0.3528907816474353,3.5201879566705725,0.28005469860925003,2,0.471340068936327,11.806370224211207,552.9948646592816,1.0
1174.8882888977128,0.019113639770793542,0.05611942264450482,1.7994311853828195,2.66831379709567,4,0.19091581323475754,suspension,19.11260652838092,2719.2933097935206,batch,propeller,0.4917596016311186,3.530955509753391,0.46030234668555287,2,1.0327668436968274,14.927936189072796,1527.6974330564592,1.0
987.9343327630683,0.06355565497305611,0.05255120785646562,0.9693005217037721,1.3325852474342765,4,0.0,mixing,9.71064142368704,80.46325447265308,continuous,propeller,0.2631018994398351,4.810088559613335,0.27882865153439607,1,0.0,8.565086353268924,63.32204397840463,0.9693850826334119
949.9268893412764,0.04932360618232063,0.054598262896517855,1.7427204744111577,1.7727217023457533,4,0.18711269002803882,suspension,21.582988248293965,20427.0475932316,continuous,pitched_blade,0.6093227145362856,4.285125809607266,0.4273992376113304,2,0.6190523293936625,16.145806175663044,16572.51723687029,1.0
926.5428316961847,0.019069519302061737,0.06632341192486728,1.6176474052009295,2.364968027349728,4,0.0,mixing,16.50055862769846,1354.5190577652597,batch,propeller,0.4320535012698163,3.9610995414019117,0.3540781255285669,2,0.9874093942139756,14.075288625461122,763.799233462037,0.9771882250766837
1034.3225319860262,11.174180780640155,0.059097991948943,1.8292346366563708,2.721746963411572,0,0.0,mixing,871.9421147414051,6748.383882791694,batch,anchor,1.5628076968097886,0.5022958790605074,0.09146173183281854,1,0.0,852.6769994242928,3438.69934409804,0.5055134731096095
1004.6734676795271,0.04432313638028677,0.04645191922004434,1.9596960508788044,2.6300448194631425,4,0.1260934886549928,suspension,18.615743486399353,33571.77836150407,continuous,pitched_blade,0.5296423376841528,4.80584260640538,0.5562785647076169,3,0.7282689231184847,13.473589186075099,19136.76400081761,1.0
1012.7435191424987,0.0650152622236863,0.04502788684143014,1.5959797689566333,1.5346725612315695,4,0.0,mixing,27.64385962461979,94.53271102883883,batch,propeller,0.32054912669210683,3.726269693032294,0.2779754840201851,1,0.0,18.956254291236675,74.54319767291385,0.9488135218238397
1018.3449549350149,0.03833540899122741,0.055368416745107916,2.891397545710282,3.405198390029856,4,0.05109691008100285,suspension,31.084371027269952,250932.35761023738,batch,propeller,1.2553333570168548,4.692010499763905,0.6744996945332592,1,0.0,27.41013083437288,152340.46319959,1.0
959.5649329726983,0.015179935509914439,0.05989268264713115,0.9850528873709572,1.2684240348006517,4,0.0387829977919692,dispersion,19.094378326035294,2212.680806952539,batch,rushton,0.35276692594969966,2.8736624059364004,0.27283739153516323,3,0.30665191271681425,15.19060185890942,1778.9042491070259,0.949994185122156
950.7507723657384,0.07161094856174036,0.060595555344026726,0.7997554855024542,1.0581455847857273,4,0.03812576673107803,dispersion,13.427248697383789,363.1037615209115,batch,rushton,0.2692124002738012,2.391929948813032,0.1886685908064634,3,0.28731948517472394,16.096728238890393,258.4078512386692,0.9529434469491482
1067.4986149119802,0.03193768970741448,0.05519055295392618,1.9760744151023286,2.745232742938691,4,0.006108175900335345,dispersion,63.4683949972501,52686.49254075958,batch,rushton,0.7487451175551838,2.4416857019768914,0.4600663688617808,2,1.2116985441683867,42.52840005690444,32144.01669365479,0.9478560929551207
1244.202607678493,0.04072552475562488,0.04550928286537641,0.6200861959248665,0.5664665673753895,4,0.0,mixing,13.405519987706766,18.38194302060857,batch,pitched_blade,0.19890770279561548,2.2173916845099715,0.13875544622632618,2,0.22054630242636375,9.678346937475094,10.134042824112734,0.9818995581272867
1241.031445911025,32.18405689793869,0.06723008683114545,0.7713279735389638,0.8812887734443965,0,0.0,mixing,521.7128556311161,263.53031078656755,continuous,anchor,0.7297651222714543,0.23769246547398684,0.038566398676948194,1,0.0,646.3080340879644,192.2785119059251,0.48811540073394316
1144.7295049551656,0.035382287284945295,0.07192574302210711,0.774163563171361,0.7760494078874481,4,0.0425126134537209,dispersion,7.1775684588909305,2438.8702450546584,batch,rushton,0.26926157361457226,4.075495197738691,0.12919205436980893,3,0.2352364605514135,8.184897291911971,1471.1365865367554,0.9469541394411234
1115.85949287916,0.08285164675246968,0.05908877979503348,1.591494913044595,1.489619992373453,4,0.020558887561769237,dispersion,90.84342457753712,2115.2865503552666,batch,rushton,0.5232421185575338,2.0989664752777535,0.3406109577826498,1,0.0,68.52971098994175,1888.381059539928,0.9444480025254588
1151.5947911628527,0.011255111069690415,0.049209758834915435,2.6483856297808903,3.5445513683878285,4,0.04970871196606837,dispersion,44.89468102822619,260177.84731267524,batch,rushton,0.8440511840086036,2.8862141539373947,0.437552629160398,3,1.130394075639893,40.246996649368995,173838.73365157298,0.9588969353106388
973.7014987173878,21.14857319424722,0.04835271479769937,1.7982456556289932,2.6143074117208243,0,0.0,mixing,606.3865813986478,19263.272882767018,batch,anchor,1.5458102601709491,0.7028916755245985,0.08991228278144967,1,0.0,546.15656640934,10848.28739044348,0.4977584417888428
1111.420537918499,4.72739974490213,0.061042963910343674,0.7368156100354157,0.9807665370003796,4,0.0,mixing,628.9228503445124,43.36813914742873,batch,anchor,0.6532716873977152,0.27707703182436416,0.03684078050177079,1,0.0,463.14485546838443,26.321948031592854,0.4680108194793459
932.5095069321609,0.013655281223029583,0.0658758584773477,2.9559659561794516,4.1542406458964285,4,0.20196458621463464,suspension,19.892356063061772,207494.2758306618,batch,propeller,1.225583646356414,3.634484353071266,0.6733171026857009,2,1.6656611605066833,23.585310341764067,122491.08592267396,1.0
1031.6500216077852,0.014528237927464618,0.06018351874566106,2.6878998075880665,2.5425698355551267,4,0.2622201699585381,suspension,32.17707026950665,20949.536244194223,batch,pitched_blade,0.727243970550825,3.4969022108629226,0.71880740310202,1,0.0,31.53799833331582,11609.667550728129,0.9841624439527649
911.7007977103142,0.017399096306534533,0.06419722318274856,0.7815366353808415,0.9005227083528198,4,0.0,mixing,22.45021715656341,62.8445725439193,batch,pitched_blade,0.29058745607739783,2.3982231602894917,0.21512404649494776,1,0.0,15.584012273280253,32.16922787351279,0.9679883487174872
1145.6980142673003,0.032435496458661506,0.040115661049701164,0.9907847960994096,1.2028982071225471,4,0.0,mixing,7.689079969842273,20.26228551876722,continuous,propeller,0.1767086164468439,3.8409668097371044,0.2958922084263037,2,0.4140575591155732,8.2942019694648,12.46918533917199,0.9163915560984501
1097.7784592220214,0.04363139643337657,0.06315383145457254,1.8471742741096553,2.1644899584309605,4,0.0,mixing,24.962477957183317,125.39441561149829,batch,propeller,0.29607740854318554,3.8669868929667257,0.32746382980852984,1,0.0,23.04487047731227,69.54683495742321,0.958522527112738
1070.5640596708283,40.20896265897623,0.05554790993046867,2.2741537743889855,2.1043716997424564,0,0.0,mixing,2031.747057333363,9281.729597858179,batch,anchor,2.0455054323717956,0.24983585523939147,0.11370768871944928,1,0.0,2388.5484477573623,6633.064981894878,0.5011679659537959
1105.1973975444748,0.01908915780550879,0.07150180852082959,2.0715631977050566,2.136783173781319,4,0.05012284806935492,suspension,34.70072889007458,3174.1779555034223,batch,pitched_blade,0.5251092431243259,3.8286806642477083,0.6196947406453713,1,0.0,27.360895243723885,2833.906924935586,0.9894961419354221
1123.8831135479836,0.053530945851224886,0.05790533964609278,2.2864677330692498,2.3708228003940555,4,0.0,mixing,26.676683628321303,1183.144564387611,batch,propeller,0.4857017521398565,4.256926503195755,0.6468032469244664,1,0.0,24.561135633959033,1024.3648246250382,0.9425403664243968
967.9288511276035,38.73329173730529,0.05236207400478196,2.409125392632818,2.6892864163653103,0,0.0,mixing,2924.8769112986565,13699.216919354563,batch,anchor,2.2824622291523498,0.2505907740616371,0.12045626963164091,1,0.0,2024.5181994846223,9174.003255821157,0.4901932268223177
1070.751767007018,0.02898000688336604,0.05598038937656337,1.759373906899218,2.5210468837018314,4,0.2766502193043869,suspension,24.8281325571766,34152.02540525889,continuous,pitched_blade,0.6568464125324974,3.8137595043629684,0.31999380036353803,2,1.0058680447219572,17.576110250379585,19799.71298082715,1.0
1278.6420516549495,0.032944913784356725,0.06441413224577351,2.179645841717024,2.9443777675867966,4,0.036167470060874396,dispersion,37.59294908873773,225537.07065369457,batch,rushton,0.7235034349559808,3.0632255403575526,0.6459536041673102,4,0.5585098928306531,25.614054679199917,141452.99741913954,0.9570310583890796
1124.2970997945927,0.06982926507828614,0.05875765658298443,1.8134881814148867,2.19327388243244,4,0.0,mixing,21.8478612830513,147.33989367127958,continuous,propeller,0.324805931993866,3.127508279532227,0.48239128348656596,2,0.7901291165924705,20.806811723111373,115.93356529440803,0.9397614061135311
1087.3434400518588,13.441050870570741,0.07181172510544256,2.046982954879676,2.7591590443350467,0,0.0,mixing,1647.237998598536,1884.6590985394348,continuous,anchor,1.795417427011894,0.20498802301479593,0.1023491477439838,1,0.0,1991.017546491145,1009.8507766274324,0.4904943619893638
973.0483355609612,0.0334128056343959,0.07123878372320011,2.3056642514542793,3.1208858290757706,4,0.19823749401745538,suspension,38.17424086164946,43609.756093430165,batch,pitched_blade,0.8456819258763474,3.962859980482918,0.34922765807882206,1,0.0,31.547746117240987,32161.668079812447,0.9991076308132543
1227.0300660047576,0.0896006390850659,0.0535461122464016,0.8198416412400427,1.0848836299969522,4,0.0,mixing,7.736443873016215,4.723229486599235,batch,propeller,0.13864082279693088,3.8975390643052066,0.1589291687925083,2,0.4589235163293657,7.318415335855979,3.2480940761908488,0.9441746232305153
969.0169444410783,2.7190681141789304,0.05881320533086434,1.3331821496714857,1.6958992099045231,4,0.0,mixing,1020.4033588352272,158.28642059398865,batch,anchor,1.2163930788630197,0.28694049641452885,0.06665910748357429,1,0.0,774.1285252497031,139.24167094820544,0.47712830129265554
1265.5623565435694,0.04430206184756558,0.04179141665547283,1.3458651077224708,1.5194779996761147,4,0.09092643279581382,suspension,13.732490092079543,1873.8871082989992,batch,pitched_blade,0.41579537644665837,2.923533061283616,0.3190611086754205,2,0.613835726020517,16.419621039526156,942.1415466066228,1.0
1127.8727058870606,0.06602760231018238,0.06210303326054992,0.9038664973428032,0.9022701956288544,4,0.03995764137003782,dispersion,16.93467314782381,2958.0574677935065,batch,rushton,0.29100699443482636,4.084436338300708,0.17844691004933763,2,0.34231841477779534,12.217086334155088,1516.2105853036123,0.9387703218810519
1168.7085900518236,0.08608078287117761,0.06355125904879949,1.8286891190713221,1.8460066232823207,4,0.032933533754996636,dispersion,60.6230686962066,18709.278728842586,batch,rushton,0.6170409226799639,2.107002753065612,0.5464926052065396,3,0.39816809463552866,44.695944074874454,13717.613797208689,0.9705503261526836
1180.0123450920705,0.017665089787486394,0.04768504674292301,1.700873389255142,1.7214588940902082,4,0.0008455527836590704,dispersion,24.192300571157393,81765.22950801016,batch,rushton,0.6210241134844546,3.152317157031385,0.4597300623728938,3,0.40890206167735543,23.364993306794677,47175.75671169593,0.9320091523143502
1074.384758087623,39.73157045862122,0.04864737785463632,2.2683404185052556,2.748592868878463,0,0.0,mixing,2616.5185271183745,7807.220863154134,batch,anchor,2.084887362578517,0.22626585530821167,0.11341702092526279,1,0.0,2244.874661382316,5404.439018275128,0.4765336339159521
926.3232685831082,0.006678417838499915,0.06682087483910981,2.5255270597317407,2.840399609898141,4,0.006633706340786156,dispersion,74.65746824463594,75228.3806221367,continuous,rushton,0.8736872346240635,2.7553722665673357,0.609368449706891,1,0.0,55.61602443179297,43454.40906340509,0.9696728938655953
1237.7982080883087,0.04237235747842433,0.07064662091642876,0.9903155418910998,1.3399410441707316,4,0.24910173288766796,suspension,7.664759492245245,7541.496944997351,batch,pitched_blade,0.43802910756850627,4.3000849000763335,0.17292792570379178,2,0.5579907307983892,7.579075588172498,4128.809997034487,1.0
1118.0140959770306,0.06769669878332034,0.04019036470884113,2.6051886364420516,2.6047437144003456,4,0.0,mixing,118.01600170238959,8602.363361195634,batch,pitched_blade,0.9584550632953776,1.7570067322404719,0.47961745940409123,1,0.0,81.46388202111581,5394.3711585280125,0.9796640752681723
